{"textures":{"a":"mgs:misc/reticles","b":"mgs:misc/reticles_1024","particle":"mgs:gun/famasdetails","1":"mgs:gun/famasmag","0":"mgs:gun/famasdetails","3":"mgs:gun/metal_bright","2":"mgs:gun/metal_brighter","5":"mgs:gun/metal_dark","4":"mgs:gun/metal","7":"mgs:gun/kobradetails","6":"mgs:gun/holodetails","9":"mgs:gun/mk4details","8":"mgs:gun/acogdetails"},"gui_light":"front","elements":[{"to":[-5.25,7.9,8.65],"rotation":{"origin":[-24.63866,23.45841,22.6309],"angle":0,"axis":"y"},"from":[-9,7.45,7.35],"faces":{"down":{"rotation":270,"uv":[7,9.5,7.25,10],"texture":"#5"},"north":{"rotation":180,"uv":[3.75,9.5,7.5,10],"texture":"#4"},"south":{"rotation":180,"uv":[3.75,9.5,7.5,10],"texture":"#4"}}},{"to":[-3.58155,8.85761,8.649],"rotation":{"origin":[-6.07166,9.1384,7.99145],"angle":-22.5,"axis":"z"},"from":[-3.91155,8.01761,7.351],"faces":{"east":{"uv":[1,9.25,1.25,10.5],"texture":"#4"},"north":{"rotation":180,"uv":[6.25,9,6.5,10.25],"texture":"#4"},"south":{"rotation":180,"uv":[6.25,9,6.5,10.25],"texture":"#4"}}},{"to":[-3.57147,6.50212,8.649],"rotation":{"origin":[-3.29068,8.71223,7.99145],"angle":-45,"axis":"z"},"from":[-4.01147,6.22212,7.351],"faces":{"down":{"rotation":270,"uv":[8,11.25,9.75,12],"texture":"#5"},"north":{"rotation":180,"uv":[1.25,9.25,1.75,9.75],"texture":"#4"},"south":{"rotation":180,"uv":[1.25,9.25,1.75,9.75],"texture":"#4"}}},{"to":[-0.6,9.2,8.65],"rotation":{"origin":[-24.62445,23.00841,22.6309],"angle":0,"axis":"y"},"from":[-7.1,7.9,7.35],"faces":{"down":{"rotation":270,"uv":[7,9.5,7.25,10],"texture":"#5"},"north":{"rotation":180,"uv":[4,10.5,11.5,12],"texture":"#4"},"up":{"rotation":180,"uv":[6,4.75,13.25,5],"texture":"#4"},"south":{"rotation":180,"uv":[4,10.5,11.25,12],"texture":"#4"}}},{"to":[-7.099,10.75,8.65],"rotation":{"origin":[-25.23866,23.00841,22.6309],"angle":0,"axis":"y"},"from":[-10.8,7.9,7.35],"faces":{"west":{"rotation":180,"uv":[3,0.5,0,7],"texture":"#0"},"east":{"rotation":180,"uv":[3,0.5,0,7],"texture":"#0"},"north":{"rotation":180,"uv":[0,0.5,8,7],"texture":"#0"},"south":{"rotation":180,"uv":[8,0.5,0,7],"texture":"#0"}}},{"to":[-10.1,10.35,8.9],"rotation":{"origin":[-25.63866,23.00841,22.5809],"angle":0,"axis":"y"},"from":[-11,5.65,7.1],"faces":{"north":{"rotation":270,"uv":[11.25,10.5,5,11.75],"texture":"#4"},"west":{"rotation":270,"uv":[6.25,8.75,0,10.75],"texture":"#3"},"up":{"rotation":90,"uv":[13,11,11,12.25],"texture":"#5"},"down":{"rotation":90,"uv":[7.75,10.75,5.75,12],"texture":"#5"},"east":{"rotation":90,"uv":[10.25,9,4,11],"texture":"#5"},"south":{"rotation":90,"uv":[11.25,10.5,5,11.75],"texture":"#4"}}},{"to":[-0.61619,8.10167,8.7505],"rotation":{"origin":[-24.63866,23.11853,22.81017],"angle":0,"axis":"y"},"from":[-3.2881,7.83763,7.2495],"faces":{"down":{"rotation":180,"uv":[1.75,10,1.5,10.25],"texture":"#4"},"west":{"rotation":180,"uv":[1.75,10,1.5,10.25],"texture":"#4"},"north":{"uv":[3,5.25,0.5,5.5],"texture":"#5"},"up":{"rotation":90,"uv":[3,10.75,3.25,13],"texture":"#5"},"south":{"uv":[3,5.25,0.5,5.5],"texture":"#5"}}},{"to":[-0.48861,7.94664,8.749],"rotation":{"origin":[-0.84591,7.69524,7.67684],"angle":-22.5,"axis":"z"},"from":[-1.65321,7.51827,7.251],"faces":{"down":{"rotation":180,"uv":[1.75,10,1.5,10.25],"texture":"#4"},"north":{"rotation":180,"uv":[5,8.25,4.5,8.75],"texture":"#5"},"south":{"rotation":180,"uv":[5,8.25,4.5,8.75],"texture":"#5"}}},{"to":[-0.10242,7.76274,8.7495],"rotation":{"origin":[-0.57718,7.61447,7.67634],"angle":22.5,"axis":"z"},"from":[-0.66703,7.41414,7.2505],"faces":{"down":{"rotation":180,"uv":[1.75,10,1.5,10.25],"texture":"#4"},"north":{"rotation":180,"uv":[5,8.25,4.5,8.625],"texture":"#5"},"south":{"rotation":180,"uv":[5,8.25,4.5,8.625],"texture":"#5"}}},{"to":[0.026,9.7334,8.75],"rotation":{"origin":[-0.17433,7.86313,7.67584],"angle":-22.5,"axis":"z"},"from":[-0.57737,7.67329,7.25],"faces":{"west":{"rotation":90,"uv":[7,12,4.75,12.25],"texture":"#5"},"east":{"rotation":180,"uv":[1.75,10,1.5,10.25],"texture":"#4"},"north":{"rotation":270,"uv":[6.5,11,4.25,11.75],"texture":"#5"},"south":{"rotation":90,"uv":[6.5,11,4.25,11.75],"texture":"#5"}}},{"to":[0.561,10.58508,8.63787],"rotation":{"origin":[0.44333,10.30224,8.33787],"angle":-45,"axis":"x"},"from":[0.161,10.01939,8.03787],"faces":{"west":{"rotation":180,"uv":[10.5,12.25,9.75,12.5],"texture":"#5"},"east":{"rotation":180,"uv":[1.75,10,1.5,10.25],"texture":"#4"},"south":{"rotation":180,"uv":[1,12,0.5,12.75],"texture":"#4"}}},{"to":[0.56018,10.71437,8.35],"rotation":{"origin":[0.44333,10.41437,7.93284],"angle":0,"axis":"y"},"from":[0.16018,10.11437,7.65],"faces":{"west":{"rotation":180,"uv":[10.5,12.25,9.75,12.5],"texture":"#5"},"east":{"rotation":180,"uv":[1.75,10,1.5,10.25],"texture":"#4"},"up":{"uv":[8.25,11.5,7.75,12.25],"texture":"#3"}}},{"to":[0.561,10.58508,7.96213],"rotation":{"origin":[0.44333,10.30224,7.66213],"angle":45,"axis":"x"},"from":[0.161,10.01939,7.36213],"faces":{"west":{"rotation":180,"uv":[10.5,12.25,9.75,12.5],"texture":"#5"},"east":{"rotation":180,"uv":[1.75,10,1.5,10.25],"texture":"#4"},"north":{"rotation":180,"uv":[1,12,0.5,12.75],"texture":"#4"}}},{"to":[0.72647,10.31437,8.7495],"rotation":{"origin":[0.50367,9.2867,8.57634],"angle":0,"axis":"y"},"from":[0.16018,9.51437,7.2505],"faces":{"west":{"rotation":180,"uv":[4.75,11,4.5,12],"texture":"#4"},"east":{"rotation":180,"uv":[1.75,10,1.5,10.25],"texture":"#4"},"north":{"rotation":180,"uv":[5.25,11.25,4.5,12.25],"texture":"#4"},"up":{"rotation":180,"uv":[5.25,11.5,4.5,11.75],"texture":"#4"},"south":{"rotation":180,"uv":[5.25,11.25,4.5,12.25],"texture":"#4"}}},{"to":[0.34349,8.71466,8.7495],"rotation":{"origin":[-1.4088,8.56105,7.67634],"angle":22.5,"axis":"z"},"from":[-1.44865,8.09106,7.2505],"faces":{"north":{"uv":[7.5,5,9.75,5.75],"texture":"#5"},"up":{"uv":[6.75,15.75,9,16],"texture":"#5"},"south":{"uv":[7.5,5,9.75,5.75],"texture":"#5"}}},{"to":[-1.00502,8.69613,8.75],"rotation":{"origin":[-1.65535,8.03935,7.67584],"angle":-22.5,"axis":"z"},"from":[-1.76401,8.02927,7.25],"faces":{"west":{"uv":[8,4.75,7.25,5.5],"texture":"#5"},"north":{"rotation":90,"uv":[8.25,5,7.5,5.75],"texture":"#5"},"south":{"rotation":270,"uv":[8.25,5,7.5,5.75],"texture":"#5"}}},{"to":[-4.6,10.15,8.65],"rotation":{"origin":[-24.57445,24.28707,22.64992],"angle":0,"axis":"y"},"from":[-7.1,9.2,7.5488],"faces":{"east":{"uv":[1.75,12,2,13],"texture":"#4"},"south":{"rotation":180,"uv":[6,10.75,8.75,11.75],"texture":"#3"}}},{"to":[-0.49288,10.05898,8.55056],"rotation":{"origin":[-19.71984,24.08707,22.64045],"angle":0,"axis":"y"},"from":[-4.60074,9.16572,7.53933],"faces":{"south":{"uv":[5,12.5,16,15],"texture":"#0"}}},{"to":[-0.6,10.15,8.65],"rotation":{"origin":[-24.70994,24.1073,23.44101],"angle":0,"axis":"y"},"from":[-4.6,10,8.25],"faces":{"down":{"rotation":180,"uv":[8.5,8,12.25,8.25],"texture":"#4"},"south":{"rotation":180,"uv":[10.25,11.5,14,11.75],"texture":"#3"}}},{"to":[-4.4,10.06572,8.648],"rotation":{"origin":[-4.31956,9.66235,8],"angle":-45,"axis":"z"},"from":[-4.8,9.31572,8.248],"faces":{"east":{"uv":[3.25,11.25,3,12.25],"texture":"#5"},"south":{"rotation":90,"uv":[9,7.5,7,8.5],"texture":"#0"}}},{"to":[-0.6,10.15,8.09157],"rotation":{"origin":[-24.65489,24.12135,22.6309],"angle":0,"axis":"y"},"from":[-7.1,9.2,7.35],"faces":{"north":{"rotation":180,"uv":[4.75,10.75,12.25,11.75],"texture":"#3"}}},{"to":[14.10001,10.15177,8.57943],"rotation":{"origin":[-4.83466,10.19297,7.93898],"angle":-22.5,"axis":"x"},"from":[-7.11079,9.88118,8.01763],"faces":{"south":{"rotation":180,"uv":[0,12,16,12.25],"texture":"#4"}}},{"to":[14.3,10.4,8.54645],"rotation":{"origin":[-6.23466,10.1709,8.25131],"angle":0,"axis":"y"},"from":[9.2,10.15,7.45355],"faces":{"up":{"uv":[5,11.75,0,13],"texture":"#4"}}},{"to":[9.2,10.4,7.79645],"rotation":{"origin":[-12.23466,10.1709,8.25131],"angle":0,"axis":"y"},"from":[3.1,10.15,7.45355],"faces":{"up":{"uv":[8.25,11.25,2,11.75],"texture":"#3"},"south":{"rotation":180,"uv":[9.75,10.5,3.25,10.75],"texture":"#4"}}},{"to":[9.2,10.4,8.54645],"rotation":{"origin":[-12.23466,10.1709,7.74869],"angle":0,"axis":"y"},"from":[3.1,10.15,8.20355],"faces":{"north":{"rotation":180,"uv":[9.75,10.5,3.25,10.75],"texture":"#4"},"up":{"uv":[8.25,11.5,2,12],"texture":"#3"}}},{"to":[9.2,10.3,8.24645],"rotation":{"origin":[-12.23466,10.0709,7.34869],"angle":0,"axis":"y"},"from":[3.1,10.05,7.75355],"faces":{"up":{"rotation":180,"uv":[6.5,9.25,0,9.75],"texture":"#3"}}},{"to":[3.10001,10.4,8.54645],"rotation":{"origin":[-6.23466,10.1709,8.25131],"angle":0,"axis":"y"},"from":[-4.63579,10.15,7.45355],"faces":{"east":{"rotation":180,"uv":[3.75,10.5,3.25,10.75],"texture":"#4"},"up":{"rotation":180,"uv":[0,9.5,16,12],"texture":"#0"}}},{"to":[-4.63579,10.4,8.54645],"rotation":{"origin":[-8.97046,10.1709,8.25131],"angle":0,"axis":"y"},"from":[-7.37159,10.15,7.45355],"faces":{"up":{"uv":[4.5,9.5,10,12],"texture":"#0"}}},{"to":[14.10001,10.42696,8.0371],"rotation":{"origin":[-4.83466,10.46816,7.39666],"angle":22.5,"axis":"x"},"from":[-7.11079,10.15636,7.47531],"faces":{"north":{"rotation":180,"uv":[16,12,0,12.25],"texture":"#4"}}},{"to":[-0.35,7.93091,8.65],"rotation":{"origin":[-0.44542,7.7708,7.6309],"angle":0,"axis":"y"},"from":[-0.95,6.11069,7.35],"faces":{"down":{"rotation":90,"uv":[0.25,8.5,1.25,9.25],"texture":"#4"},"west":{"rotation":90,"uv":[5.25,8,7.5,8.25],"texture":"#4"},"north":{"rotation":270,"uv":[0.25,8.5,2.5,9.25],"texture":"#4"},"south":{"rotation":90,"uv":[0.25,8.5,2.5,9.25],"texture":"#4"}}},{"to":[-0.16838,8.41398,8.601],"rotation":{"origin":[-1.67456,8.25387,7.50012],"angle":-22.5,"axis":"z"},"from":[-2.96051,6.59376,7.399],"faces":{"down":{"uv":[8.5,11.5,11.5,11.75],"texture":"#5"},"north":{"uv":[8.25,11,11.25,13],"texture":"#5"},"south":{"uv":[8.25,11,11.25,13],"texture":"#5"}}},{"to":[-3,7.9,8.6],"rotation":{"origin":[-1.66845,7.56463,7.86067],"angle":0,"axis":"y"},"from":[-4.2,7.2,7.4],"faces":{"down":{"uv":[6.75,10.5,8,11.75],"texture":"#5"},"north":{"uv":[2.25,12.25,3.5,13],"texture":"#5"},"south":{"uv":[2.25,12.25,3.5,13],"texture":"#5"}}},{"to":[-7.1,11.23883,8.5322],"rotation":{"origin":[-8.86966,10.94052,8.06029],"angle":-22.5,"axis":"x"},"from":[-10.799,10.53883,7.94793],"faces":{"west":{"rotation":180,"uv":[0,12.25,0.5,13],"texture":"#4"},"east":{"rotation":180,"uv":[0,12.25,0.5,13],"texture":"#4"},"south":{"rotation":180,"uv":[0,12.25,4,13],"texture":"#4"}}},{"to":[-7.1,11.44522,8.09312],"rotation":{"origin":[-8.86966,11.14691,7.44143],"angle":22.5,"axis":"x"},"from":[-10.799,10.74522,7.50885],"faces":{"west":{"rotation":180,"uv":[0,12.25,0.5,13],"texture":"#4"},"east":{"rotation":180,"uv":[0,12.25,0.5,13],"texture":"#4"},"north":{"rotation":180,"uv":[0,12.25,4,13],"texture":"#4"}}},{"to":[-6.43845,10.28985,8.38212],"rotation":{"origin":[-6.15812,9.89153,7.88754],"angle":-45,"axis":"z"},"from":[-7.88845,9.48985,7.61788],"faces":{"north":{"rotation":180,"uv":[0.25,11.75,2,12.75],"texture":"#4"},"up":{"rotation":180,"uv":[5.5,4,4,4.75],"texture":"#5"},"south":{"rotation":180,"uv":[0,11.75,1.75,12.75],"texture":"#4"}}},{"to":[-7.1,11.39672,8.38212],"rotation":{"origin":[-8.86966,10.99017,7.88754],"angle":0,"axis":"y"},"from":[-10.8,10.74672,7.61788],"faces":{"west":{"rotation":180,"uv":[0,12.25,0.75,13],"texture":"#4"},"up":{"rotation":180,"uv":[2.75,3.75,6.75,4.5],"texture":"#5"}}},{"to":[-9,7.89999,8.65],"rotation":{"origin":[-25.23866,18.87358,22.6309],"angle":0,"axis":"y"},"from":[-10.75,5.74999,7.35],"faces":{"down":{"rotation":180,"uv":[4.25,8.25,6.25,9.75],"texture":"#4"},"north":{"rotation":180,"uv":[4.25,8.25,6.25,10.75],"texture":"#4"},"south":{"rotation":180,"uv":[4.25,8.25,6.25,10.75],"texture":"#4"}}},{"to":[-8.32322,8.38387,8.648],"rotation":{"origin":[-8.82322,6.63387,7.99245],"angle":-45,"axis":"z"},"from":[-9.57322,5.88387,7.352],"faces":{"east":{"rotation":270,"uv":[7,9.5,7.25,10],"texture":"#5"},"north":{"rotation":90,"uv":[3.75,9,0.75,10.75],"texture":"#4"},"south":{"rotation":90,"uv":[3.75,9,0.75,10.75],"texture":"#4"}}},{"to":[-5.20864,7.43667,8.45],"rotation":{"origin":[-8.68223,6.7333,7.65112],"angle":22.5,"axis":"z"},"from":[-9.30864,6.03667,7.55],"faces":{"down":{"rotation":180,"uv":[6.25,5,11.25,6.5],"texture":"#5"},"north":{"rotation":180,"uv":[6.75,10,11.75,11.5],"texture":"#5"},"south":{"rotation":180,"uv":[6.75,10,11.75,11.5],"texture":"#5"}}},{"to":[-4.2,7.9,8.65],"rotation":{"origin":[-4.75864,7.55,8],"angle":0,"axis":"y"},"from":[-5.25,7.15,7.35],"faces":{"down":{"rotation":90,"uv":[7.25,10.25,9,11.5],"texture":"#4"},"north":{"rotation":180,"uv":[5,9,6.25,10],"texture":"#4"},"south":{"rotation":180,"uv":[5,9,6.25,10],"texture":"#4"}}},{"to":[-0.33617,9.70832,8.6495],"rotation":{"origin":[-5.84179,7.23922,7.6314],"angle":-22.5,"axis":"z"},"from":[-0.86819,8.29821,7.3505],"faces":{"east":{"uv":[5.75,10.5,7.5,12],"texture":"#4"},"north":{"rotation":270,"uv":[7.75,8,9.75,8.75],"texture":"#4"},"south":{"rotation":90,"uv":[7.75,8,9.75,8.75],"texture":"#4"}}},{"to":[-0.32818,6.42242,8.3],"rotation":{"origin":[-0.44419,5.99237,8.25],"angle":22.5,"axis":"z"},"from":[-0.7852,5.51231,7.7],"faces":{"down":{"rotation":270,"uv":[5.75,11.5,5,12],"texture":"#5"},"west":{"uv":[1.5,10.75,0.75,11.75],"texture":"#5"},"east":{"uv":[5.25,12.25,4.5,14.25],"texture":"#5"},"north":{"uv":[0,11.5,0.5,12.5],"texture":"#5"},"south":{"uv":[0.5,11.5,0,12.5],"texture":"#5"}}},{"to":[-5.12818,9.22242,8.2],"rotation":{"origin":[-0.44419,5.99237,8.15],"angle":22.5,"axis":"z"},"from":[-6.2852,8.71231,7.8],"faces":{"down":{"rotation":270,"uv":[6.25,10.25,5,10.75],"texture":"#5"},"west":{"uv":[1.5,10.75,0.75,11.75],"texture":"#5"},"east":{"uv":[5.5,11,4.75,11.75],"texture":"#5"},"north":{"uv":[1.5,11.5,0.25,12.25],"texture":"#5"},"south":{"uv":[1.25,11.5,0,12.25],"texture":"#5"}}},{"to":[-0.30047,7.63565,8.6495],"rotation":{"origin":[-1.94036,12.63789,7.6314],"angle":22.5,"axis":"z"},"from":[-1.61227,7.13228,7.3505],"faces":{"down":{"rotation":90,"uv":[0.75,9,2.5,10.5],"texture":"#5"},"north":{"rotation":180,"uv":[8.5,8,9.75,8.5],"texture":"#4"},"south":{"rotation":180,"uv":[8.5,8,9.75,8.5],"texture":"#4"}}},{"to":[-2.00716,11.32176,8.65],"rotation":{"origin":[2.8243,12.49339,7.6309],"angle":45,"axis":"z"},"from":[-2.94087,10.6535,7.35],"faces":{"down":{"rotation":90,"uv":[8.25,10.25,10,11.75],"texture":"#5"},"north":{"rotation":180,"uv":[7.75,8,9,8.75],"texture":"#4"},"south":{"rotation":180,"uv":[7.75,8,9,8.75],"texture":"#4"}}},{"to":[14.9,9.1,9.05],"rotation":{"origin":[-10.13866,23.00841,22.5809],"angle":0,"axis":"y"},"from":[2.5,8.15,6.95],"faces":{"down":{"rotation":180,"uv":[2.5,8.25,16,8.5],"texture":"#4"},"north":{"rotation":180,"uv":[15.75,11,2.25,12.25],"texture":"#4"},"up":{"rotation":180,"uv":[2.5,3.5,16,3.75],"texture":"#5"},"south":{"rotation":180,"uv":[2.25,11,15.75,12.25],"texture":"#4"}}},{"to":[2.64564,9.101,8.7987],"rotation":{"origin":[1.94115,8.69381,8.55826],"angle":-22.5,"axis":"y"},"from":[1.43665,8.151,8.31781],"faces":{"down":{"rotation":270,"uv":[7,9.5,7.25,10],"texture":"#5"},"up":{"uv":[0,11.5,1.5,12],"texture":"#4"},"south":{"rotation":180,"uv":[2.75,10.75,4.25,12],"texture":"#4"}}},{"to":[2.49564,9.8,8.5987],"rotation":{"origin":[1.94115,9.64381,8.35826],"angle":-22.5,"axis":"y"},"from":[2.03665,9.1,8.11781],"faces":{"up":{"rotation":180,"uv":[3,11.5,3.5,11.75],"texture":"#5"},"south":{"rotation":180,"uv":[3,11.75,3.5,12.75],"texture":"#5"}}},{"to":[2.49564,9.8,7.88219],"rotation":{"origin":[1.94115,9.64381,7.64174],"angle":22.5,"axis":"y"},"from":[2.03665,9.1,7.4013],"faces":{"north":{"rotation":180,"uv":[3,11.75,3.5,12.75],"texture":"#5"},"up":{"rotation":180,"uv":[3,11.5,3.5,11.75],"texture":"#5"}}},{"to":[2.64564,9.101,7.68219],"rotation":{"origin":[1.94115,8.69381,7.44174],"angle":22.5,"axis":"y"},"from":[1.43665,8.151,7.2013],"faces":{"down":{"rotation":270,"uv":[7,9.5,7.25,10],"texture":"#5"},"north":{"rotation":180,"uv":[0.75,10.75,2.25,12],"texture":"#4"},"up":{"rotation":180,"uv":[0,11.5,1.5,12],"texture":"#4"}}},{"to":[3.6,10.15,8.65],"rotation":{"origin":[-13.93866,23.10841,22.6309],"angle":0,"axis":"y"},"from":[-0.6,8.15,7.35],"faces":{"down":{"rotation":270,"uv":[7,9.5,7.25,10],"texture":"#5"},"west":{"uv":[9.5,11.5,9.75,13.75],"texture":"#4"},"north":{"rotation":180,"uv":[9.5,10.5,14.25,12.75],"texture":"#4"},"south":{"rotation":180,"uv":[9.5,10.5,14.25,12.75],"texture":"#4"}}},{"to":[14.95,8.15,9.05],"rotation":{"origin":[-10.13866,23.30841,22.5809],"angle":0,"axis":"y"},"from":[14.55,7.85,6.95],"faces":{"down":{"rotation":180,"uv":[7.75,8.25,10.25,8.5],"texture":"#4"},"north":{"rotation":180,"uv":[6.5,11.25,6,11.75],"texture":"#5"},"south":{"rotation":180,"uv":[6.5,11.25,6,11.75],"texture":"#5"}}},{"to":[13.75,8.15,9.05],"rotation":{"origin":[-11.13866,23.30841,22.5809],"angle":0,"axis":"y"},"from":[12.95,7.85,6.95],"faces":{"down":{"rotation":180,"uv":[7.75,8.25,10.25,8.5],"texture":"#4"},"north":{"rotation":180,"uv":[9,11.25,8,11.75],"texture":"#5"},"south":{"rotation":180,"uv":[7,11.25,6,11.75],"texture":"#5"}}},{"to":[12.15,8.15,9.05],"rotation":{"origin":[-12.53866,23.30841,22.5809],"angle":0,"axis":"y"},"from":[11.55,7.85,6.95],"faces":{"down":{"rotation":180,"uv":[7.75,8.25,10.25,8.5],"texture":"#4"},"north":{"rotation":180,"uv":[6.75,11.25,6,11.75],"texture":"#5"},"south":{"rotation":180,"uv":[6.75,11.25,6,11.75],"texture":"#5"}}},{"to":[10.75,8.15,9.05],"rotation":{"origin":[-13.93866,23.30841,22.5809],"angle":0,"axis":"y"},"from":[10.15,7.85,6.95],"faces":{"down":{"rotation":180,"uv":[7.75,8.25,10.25,8.5],"texture":"#4"},"north":{"rotation":180,"uv":[6.75,11.25,6,11.75],"texture":"#5"},"south":{"rotation":180,"uv":[6.75,11.25,6,11.75],"texture":"#5"}}},{"to":[9.35,8.15,9.05],"rotation":{"origin":[-15.33866,23.30841,22.5809],"angle":0,"axis":"y"},"from":[8.75,7.85,6.95],"faces":{"down":{"rotation":180,"uv":[7.75,8.25,10.25,8.5],"texture":"#4"},"north":{"rotation":180,"uv":[6.75,11.25,6,11.75],"texture":"#5"},"south":{"rotation":180,"uv":[6.75,11.25,6,11.75],"texture":"#5"}}},{"to":[14.55,8.15,8.7],"rotation":{"origin":[-15.33866,23.30841,22.7309],"angle":0,"axis":"y"},"from":[7.95,8,7.3],"faces":{"down":{"uv":[2.25,7.75,15.75,8.5],"texture":"#5"},"north":{"uv":[2.25,8,15.75,8.5],"texture":"#5"},"south":{"uv":[2.25,8,15.75,8.5],"texture":"#5"}}},{"to":[7.95,8.15,9.05],"rotation":{"origin":[-10.13866,23.30841,22.5809],"angle":0,"axis":"y"},"from":[4.55,7.85,6.95],"faces":{"down":{"rotation":270,"uv":[8,8,10.5,11.75],"texture":"#4"},"north":{"rotation":180,"uv":[10.75,11.25,7,11.75],"texture":"#5"},"south":{"rotation":180,"uv":[10.75,11.25,7,11.75],"texture":"#5"}}},{"to":[8.23536,8.24749,9.049],"rotation":{"origin":[7.98536,8.09749,8.001],"angle":45,"axis":"z"},"from":[7.78536,7.94749,6.951],"faces":{"down":{"rotation":270,"uv":[0,7.75,0.75,8.25],"texture":"#4"},"north":{"rotation":180,"uv":[4.5,11.25,5.25,11.75],"texture":"#5"},"south":{"rotation":180,"uv":[3.75,11.25,4.5,11.75],"texture":"#5"}}},{"to":[9.63536,8.24749,9.049],"rotation":{"origin":[9.38536,8.09749,8.001],"angle":45,"axis":"z"},"from":[9.18536,7.94749,6.951],"faces":{"down":{"rotation":270,"uv":[0,7.75,0.75,8.25],"texture":"#4"},"north":{"rotation":180,"uv":[4.5,11.25,5.25,11.75],"texture":"#5"},"south":{"rotation":180,"uv":[4.75,11.25,5.5,11.75],"texture":"#5"}}},{"to":[11.03536,8.24749,9.049],"rotation":{"origin":[10.78536,8.09749,8.001],"angle":45,"axis":"z"},"from":[10.58536,7.94749,6.951],"faces":{"down":{"rotation":270,"uv":[0,7.75,0.75,8.25],"texture":"#4"},"north":{"rotation":180,"uv":[5.25,11.25,6,11.75],"texture":"#5"},"south":{"rotation":180,"uv":[4,11.25,4.75,11.75],"texture":"#5"}}},{"to":[12.43536,8.24749,9.049],"rotation":{"origin":[12.18536,8.09749,8.001],"angle":45,"axis":"z"},"from":[11.98536,7.94749,6.951],"faces":{"down":{"rotation":270,"uv":[0,7.75,0.75,8.25],"texture":"#4"},"north":{"rotation":180,"uv":[5,11.25,5.75,11.75],"texture":"#5"},"south":{"rotation":180,"uv":[2,11.25,2.75,11.75],"texture":"#5"}}},{"to":[14.03536,8.24749,9.049],"rotation":{"origin":[13.78536,8.09749,8.001],"angle":45,"axis":"z"},"from":[13.58536,7.94749,6.951],"faces":{"down":{"rotation":270,"uv":[0,7.75,0.75,8.25],"texture":"#4"},"north":{"rotation":180,"uv":[5.5,11.25,6.25,11.75],"texture":"#5"},"south":{"rotation":180,"uv":[3.75,11.25,4.5,11.75],"texture":"#5"}}},{"to":[8.91464,8.24749,9.049],"rotation":{"origin":[8.71464,8.09749,8.001],"angle":-45,"axis":"z"},"from":[8.46464,7.94749,6.951],"faces":{"down":{"rotation":90,"uv":[0,7.75,0.75,8.25],"texture":"#4"},"north":{"rotation":180,"uv":[4.5,11.25,5.25,11.75],"texture":"#5"},"south":{"rotation":180,"uv":[4.5,11.25,5.25,11.75],"texture":"#5"}}},{"to":[10.31464,8.24749,9.049],"rotation":{"origin":[10.11464,8.09749,8.001],"angle":-45,"axis":"z"},"from":[9.86464,7.94749,6.951],"faces":{"down":{"rotation":90,"uv":[0,7.75,0.75,8.25],"texture":"#4"},"north":{"rotation":180,"uv":[4,11.25,4.75,11.75],"texture":"#5"},"south":{"rotation":180,"uv":[4.5,11.25,5.25,11.75],"texture":"#5"}}},{"to":[11.71464,8.24749,9.049],"rotation":{"origin":[11.51464,8.09749,8.001],"angle":-45,"axis":"z"},"from":[11.26464,7.94749,6.951],"faces":{"down":{"rotation":90,"uv":[0,7.75,0.75,8.25],"texture":"#4"},"north":{"rotation":180,"uv":[2,11.25,2.75,11.75],"texture":"#5"},"south":{"rotation":180,"uv":[5.25,11.25,6,11.75],"texture":"#5"}}},{"to":[13.11464,8.24749,9.049],"rotation":{"origin":[12.91464,8.09749,8.001],"angle":-45,"axis":"z"},"from":[12.66464,7.94749,6.951],"faces":{"down":{"rotation":90,"uv":[0,7.75,0.75,8.25],"texture":"#4"},"north":{"rotation":180,"uv":[2,11.25,2.75,11.75],"texture":"#5"},"south":{"rotation":180,"uv":[5,11.25,5.75,11.75],"texture":"#5"}}},{"to":[14.71464,8.24749,9.049],"rotation":{"origin":[14.51464,8.09749,8.001],"angle":-45,"axis":"z"},"from":[14.26464,7.94749,6.951],"faces":{"down":{"rotation":90,"uv":[0,7.75,0.75,8.25],"texture":"#4"},"north":{"rotation":180,"uv":[3.75,11.25,4.5,11.75],"texture":"#5"},"south":{"rotation":180,"uv":[5.5,11.25,6.25,11.75],"texture":"#5"}}},{"to":[5.26511,10.01476,9.049],"rotation":{"origin":[0.22017,10.57993,7.94145],"angle":-22.5,"axis":"z"},"from":[4.46399,9.71476,6.951],"faces":{"down":{"rotation":270,"uv":[0,7.75,0.75,8.25],"texture":"#4"},"north":{"rotation":180,"uv":[2.75,11.25,3.5,11.75],"texture":"#5"},"south":{"rotation":180,"uv":[2.75,11.25,3.5,11.75],"texture":"#5"}}},{"to":[15.75001,9.96684,8.7076],"rotation":{"origin":[7.71351,9.89613,8.11784],"angle":-22.5,"axis":"x"},"from":[2.35001,9.13545,8.5076],"faces":{"west":{"uv":[3.5,10,4,11],"texture":"#4"},"east":{"rotation":270,"uv":[4.5,7.5,5.5,8],"texture":"#4"},"north":{"rotation":90,"uv":[6,9.75,6.25,10.25],"texture":"#5"},"south":{"rotation":180,"uv":[0,15,14.25,16],"texture":"#5"}}},{"to":[15.75001,9.96684,7.4924],"rotation":{"origin":[7.71351,9.89613,7.88216],"angle":22.5,"axis":"x"},"from":[2.35001,9.13545,7.2924],"faces":{"west":{"uv":[3.5,10,4,11],"texture":"#4"},"east":{"rotation":90,"uv":[4.5,7.5,5.5,8],"texture":"#4"},"north":{"rotation":180,"uv":[0.75,15,15,16],"texture":"#5"},"south":{"rotation":90,"uv":[6,9.75,6.25,10.25],"texture":"#5"}}},{"to":[15.40001,9.41868,8.953],"rotation":{"origin":[8,9,8],"angle":0,"axis":"y"},"from":[2.35001,8.61868,7.047],"faces":{"west":{"rotation":180,"uv":[2.25,10.5,2.75,11.5],"texture":"#4"},"east":{"rotation":90,"uv":[6,9.75,6.25,10.25],"texture":"#5"},"north":{"rotation":180,"uv":[2,11,16,12],"texture":"#4"},"up":{"rotation":90,"uv":[6,9.75,6.25,10.25],"texture":"#5"},"south":{"rotation":180,"uv":[2,11,16,12],"texture":"#4"}}},{"to":[15.75001,9.41868,8.95292],"rotation":{"origin":[9.57501,9.03437,8.85292],"angle":0,"axis":"y"},"from":[15.40001,9.21868,8.75292],"faces":{"east":{"rotation":270,"uv":[4.5,7.5,4.75,8],"texture":"#4"},"north":{"rotation":90,"uv":[6,9.75,6.25,10.25],"texture":"#5"},"south":{"rotation":180,"uv":[15.5,11.75,16,12],"texture":"#4"}}},{"to":[15.75001,9.41868,7.24708],"rotation":{"origin":[9.57501,9.03437,7.14708],"angle":0,"axis":"y"},"from":[15.15001,9.21868,7.04708],"faces":{"east":{"rotation":90,"uv":[4.5,7.5,4.75,8],"texture":"#4"},"north":{"rotation":180,"uv":[15.5,11.75,16,12],"texture":"#4"},"south":{"rotation":90,"uv":[6,9.75,6.25,10.25],"texture":"#5"}}},{"to":[15.53788,9.55508,8.952],"rotation":{"origin":[15.23788,9.13081,8.85292],"angle":-45,"axis":"z"},"from":[15.28788,8.90655,8.752],"faces":{"east":{"rotation":90,"uv":[7.75,8.25,8,8.75],"texture":"#4"},"north":{"rotation":90,"uv":[6,9.75,6.25,10.25],"texture":"#5"},"south":{"rotation":180,"uv":[15.5,11.25,15.75,11.75],"texture":"#4"}}},{"to":[15.53788,9.55508,7.248],"rotation":{"origin":[15.23788,9.13081,7.14708],"angle":-45,"axis":"z"},"from":[15.28788,8.90655,7.048],"faces":{"east":{"rotation":270,"uv":[7.75,8.25,8,8.75],"texture":"#4"},"north":{"rotation":180,"uv":[15.5,11.25,15.75,11.75],"texture":"#4"},"south":{"rotation":90,"uv":[6,9.75,6.25,10.25],"texture":"#5"}}},{"to":[2.35,12.25,8.65],"rotation":{"origin":[9.54954,10.20994,7.98596],"angle":0,"axis":"y"},"from":[1.35,10.4,7.35],"faces":{"west":{"rotation":180,"uv":[7.25,11,5.75,13],"texture":"#5"},"east":{"uv":[7.25,10.75,5.75,12.75],"texture":"#5"},"up":{"rotation":180,"uv":[0.25,6.5,1.25,8],"texture":"#5"}}},{"to":[15.1,12.25,8.651],"rotation":{"origin":[20.82447,10.46766,7.98496],"angle":0,"axis":"y"},"from":[14.25,9.4,7.349],"faces":{"west":{"uv":[7.25,10.5,5.75,13.75],"texture":"#5"},"east":{"rotation":180,"uv":[7.25,10.5,5.75,13.75],"texture":"#5"},"up":{"rotation":180,"uv":[16,6.5,15,8],"texture":"#5"}}},{"to":[15.55,12.15,8.2],"rotation":{"origin":[21.67447,10.46766,7.98596],"angle":0,"axis":"y"},"from":[15.1,9.4,7.8],"faces":{"east":{"uv":[5.75,10.5,5.25,13.5],"texture":"#5"},"north":{"uv":[6,8.75,5.5,11.75],"texture":"#5"},"up":{"rotation":90,"uv":[0,11.5,0.5,12],"texture":"#4"},"south":{"uv":[6,8.75,5.5,11.75],"texture":"#5"}}},{"to":[1.85,12.95,7.7],"rotation":{"origin":[7.79954,10.29982,8.05843],"angle":0,"axis":"y"},"from":[1.35,12.25,7.6],"faces":{"west":{"rotation":180,"uv":[6,11.75,5.75,13],"texture":"#5"},"east":{"rotation":180,"uv":[6,11.25,5.75,12.5],"texture":"#5"},"north":{"uv":[6.25,9.5,6,9.75],"texture":"#5"},"up":{"rotation":270,"uv":[6,12,5.75,12.5],"texture":"#5"},"south":{"rotation":180,"uv":[2,11,1.25,12.25],"texture":"#5"}}},{"to":[1.85,12.95,8.4],"rotation":{"origin":[7.79954,10.29982,7.94157],"angle":0,"axis":"y"},"from":[1.35,12.25,8.3],"faces":{"west":{"rotation":180,"uv":[6,11.75,5.75,13],"texture":"#5"},"east":{"rotation":180,"uv":[6,11.25,5.75,12.5],"texture":"#5"},"north":{"rotation":180,"uv":[2,11,1.25,12.25],"texture":"#5"},"up":{"rotation":270,"uv":[6,12,5.75,12.5],"texture":"#5"},"south":{"uv":[6.25,9.5,6,9.75],"texture":"#5"}}},{"to":[1.75,12.5042,8.3],"rotation":{"origin":[1.5,12.62426,8],"angle":0,"axis":"y"},"from":[1.25,12.25,7.7],"faces":{"west":{"rotation":180,"uv":[8,11.25,7,11.75],"texture":"#5"},"east":{"rotation":180,"uv":[7.75,11,7.5,11.25],"texture":"#5"},"north":{"rotation":90,"uv":[2.25,13,1.75,14],"texture":"#5"},"up":{"rotation":180,"uv":[7.75,11.75,7.5,12],"texture":"#5"},"south":{"rotation":90,"uv":[2.25,13,1.75,14],"texture":"#5"}}},{"to":[1.35,12.25,8.4],"rotation":{"origin":[1.6,12.62426,8],"angle":0,"axis":"y"},"from":[1.25,12.15,7.6],"faces":{"down":{"uv":[6.5,10.75,5.25,11.25],"texture":"#5"},"west":{"uv":[6.75,7.5,5.5,8],"texture":"#5"},"north":{"uv":[6.25,9.5,6,9.75],"texture":"#5"},"up":{"rotation":270,"uv":[7,12.75,5.75,13.25],"texture":"#5"},"south":{"uv":[6.25,9.5,6,9.75],"texture":"#5"}}},{"to":[1.75,12.74853,7.88],"rotation":{"origin":[1.5,12.62426,8],"angle":0,"axis":"y"},"from":[1.25,12.5,7.7],"faces":{"west":{"rotation":180,"uv":[7.25,11.75,6.75,12.25],"texture":"#5"},"east":{"rotation":180,"uv":[7.75,11,7.5,11.25],"texture":"#5"},"north":{"rotation":90,"uv":[2.25,13,1.75,14],"texture":"#5"},"south":{"rotation":180,"uv":[7.75,11.25,7.5,11.5],"texture":"#5"}}},{"to":[1.349,10.99853,8.3],"rotation":{"origin":[1.5,10.87426,8],"angle":0,"axis":"y"},"from":[1.249,10.75,7.7],"faces":{"west":{"rotation":90,"uv":[14,0,15.5,4.5],"texture":"#0"},"north":{"uv":[0.75,5.75,1.25,6.25],"texture":"#4"},"south":{"uv":[0.75,5.75,1.25,6.25],"texture":"#4"}}},{"to":[1.7495,12.69853,7.88],"rotation":{"origin":[1.5,12.62426,8],"angle":-45,"axis":"x"},"from":[1.2505,12.55,7.8],"faces":{"west":{"rotation":180,"uv":[8,12,7.75,12.25],"texture":"#5"},"east":{"rotation":180,"uv":[7.75,11,7.5,11.25],"texture":"#5"},"south":{"rotation":180,"uv":[7.75,11.25,7.5,11.5],"texture":"#5"}}},{"to":[1.7495,12.69853,7.88],"rotation":{"origin":[1.5,12.62426,8],"angle":-22.5,"axis":"x"},"from":[1.2505,12.55,7.8],"faces":{"west":{"rotation":180,"uv":[8,12,7.75,12.25],"texture":"#5"},"east":{"rotation":180,"uv":[7.75,11,7.5,11.25],"texture":"#5"},"south":{"rotation":180,"uv":[7.75,11.25,7.5,11.5],"texture":"#5"}}},{"to":[1.7495,12.69853,8.2],"rotation":{"origin":[1.5,12.62426,8],"angle":-22.5,"axis":"x"},"from":[1.2505,12.55,8.12],"faces":{"west":{"rotation":180,"uv":[8,12,7.75,12.25],"texture":"#5"},"east":{"rotation":180,"uv":[7.75,11,7.5,11.25],"texture":"#5"},"north":{"rotation":180,"uv":[8,8,7.75,8.25],"texture":"#5"}}},{"to":[1.7495,12.50426,8.07426],"rotation":{"origin":[1.5,12.62426,8],"angle":22.5,"axis":"x"},"from":[1.2505,12.42426,7.92574],"faces":{"west":{"rotation":180,"uv":[8,12,7.75,12.25],"texture":"#5"},"east":{"rotation":180,"uv":[7.75,11,7.5,11.25],"texture":"#5"},"up":{"rotation":180,"uv":[7.75,11.5,7.5,11.75],"texture":"#5"}}},{"to":[1.7495,12.82426,8.07426],"rotation":{"origin":[1.5,12.62426,8],"angle":22.5,"axis":"x"},"from":[1.2505,12.74426,7.92574],"faces":{"down":{"rotation":180,"uv":[16,15.75,15.75,16],"texture":"#5"},"west":{"rotation":180,"uv":[8,12,7.75,12.25],"texture":"#5"},"east":{"rotation":180,"uv":[7.75,11,7.5,11.25],"texture":"#5"}}},{"to":[1.75,12.92426,8.12426],"rotation":{"origin":[1.5,12.62426,8],"angle":0,"axis":"y"},"from":[1.25,12.74426,7.87574],"faces":{"down":{"rotation":180,"uv":[16,15.75,15.75,16],"texture":"#5"},"west":{"rotation":180,"uv":[8,12,7.75,12.25],"texture":"#5"},"east":{"rotation":180,"uv":[7.75,11,7.5,11.25],"texture":"#5"},"up":{"rotation":90,"uv":[16,13,15.5,14],"texture":"#5"}}},{"to":[1.349,11.17426,8.12426],"rotation":{"origin":[1.5,10.85426,8],"angle":0,"axis":"y"},"from":[1.249,10.57426,7.87574],"faces":{"down":{"uv":[1.25,8,1.5,8.25],"texture":"#4"},"west":{"rotation":180,"uv":[14,0,15.5,4.5],"texture":"#0"},"up":{"rotation":180,"uv":[9.5,5,10,5.5],"texture":"#4"}}},{"to":[1.75,12.74853,8.3],"rotation":{"origin":[1.5,12.62426,8],"angle":0,"axis":"y"},"from":[1.25,12.5,8.12],"faces":{"west":{"rotation":180,"uv":[7.25,11.75,6.75,12.25],"texture":"#5"},"east":{"rotation":180,"uv":[7.75,11,7.5,11.25],"texture":"#5"},"north":{"rotation":180,"uv":[7.75,11.25,7.5,11.5],"texture":"#5"},"south":{"rotation":90,"uv":[2.25,13,1.75,14],"texture":"#5"}}},{"to":[1.75,12.74853,7.88],"rotation":{"origin":[1.5,12.62426,8],"angle":45,"axis":"x"},"from":[1.25,12.5,7.7],"faces":{"west":{"rotation":180,"uv":[8,12,7.75,12.25],"texture":"#5"},"east":{"rotation":180,"uv":[7.75,11,7.5,11.25],"texture":"#5"},"north":{"rotation":270,"uv":[2.25,13,1.75,14],"texture":"#5"},"south":{"rotation":180,"uv":[8,8,7.75,8.25],"texture":"#5"}}},{"to":[1.35,10.9986,8.3],"rotation":{"origin":[1.5,10.87426,8],"angle":45,"axis":"x"},"from":[1.25,10.75,7.7],"faces":{"west":{"rotation":90,"uv":[14,0,15.5,4.5],"texture":"#0"},"north":{"uv":[8.5,5.5,9,6],"texture":"#4"},"south":{"uv":[1.25,8,1.5,8.25],"texture":"#4"}}},{"to":[1.75,12.92426,8.12426],"rotation":{"origin":[1.5,12.62426,8],"angle":45,"axis":"x"},"from":[1.25,12.74426,7.87574],"faces":{"down":{"rotation":180,"uv":[8,8,7.75,8.25],"texture":"#5"},"west":{"rotation":180,"uv":[8,12,7.75,12.25],"texture":"#5"},"east":{"rotation":180,"uv":[7.75,11,7.5,11.25],"texture":"#5"},"up":{"rotation":90,"uv":[0.5,13,0,14],"texture":"#5"}}},{"to":[1.35,11.29728,7.82728],"rotation":{"origin":[1.5,10.57728,7.70302],"angle":45,"axis":"x"},"from":[1.25,10.69728,7.57875],"faces":{"down":{"uv":[1.25,8,1.5,8.25],"texture":"#4"},"west":{"rotation":180,"uv":[14,0,15.5,4.5],"texture":"#0"},"up":{"uv":[9,5.25,9.5,5.75],"texture":"#4"}}},{"to":[1.7495,12.69853,8.2],"rotation":{"origin":[1.5,12.62426,8],"angle":45,"axis":"x"},"from":[1.2505,12.55,8.12],"faces":{"west":{"rotation":180,"uv":[8,12,7.75,12.25],"texture":"#5"},"east":{"rotation":180,"uv":[7.75,11,7.5,11.25],"texture":"#5"},"north":{"rotation":180,"uv":[7.75,11.25,7.5,11.5],"texture":"#5"}}},{"to":[1.7495,12.50426,8.07426],"rotation":{"origin":[1.5,12.62426,8],"angle":-22.5,"axis":"x"},"from":[1.2505,12.42426,7.92574],"faces":{"west":{"rotation":180,"uv":[8,12,7.75,12.25],"texture":"#5"},"east":{"rotation":180,"uv":[7.75,11,7.5,11.25],"texture":"#5"},"up":{"rotation":180,"uv":[7.75,11.5,7.5,11.75],"texture":"#5"}}},{"to":[1.7495,12.82426,8.07426],"rotation":{"origin":[1.5,12.62426,8],"angle":-22.5,"axis":"x"},"from":[1.2505,12.74426,7.92574],"faces":{"down":{"rotation":180,"uv":[16,15.75,15.75,16],"texture":"#5"},"west":{"rotation":180,"uv":[8,12,7.75,12.25],"texture":"#5"},"east":{"rotation":180,"uv":[7.75,11,7.5,11.25],"texture":"#5"}}},{"to":[1.7495,12.69853,8.2],"rotation":{"origin":[1.5,12.62426,8],"angle":22.5,"axis":"x"},"from":[1.2505,12.55,8.12],"faces":{"west":{"rotation":180,"uv":[8,12,7.75,12.25],"texture":"#5"},"east":{"rotation":180,"uv":[7.75,11,7.5,11.25],"texture":"#5"},"north":{"rotation":180,"uv":[7.75,11.25,7.5,11.5],"texture":"#5"}}},{"to":[1.7495,12.69853,7.88],"rotation":{"origin":[1.5,12.62426,8],"angle":22.5,"axis":"x"},"from":[1.2505,12.55,7.8],"faces":{"west":{"rotation":180,"uv":[8,12,7.75,12.25],"texture":"#5"},"east":{"rotation":180,"uv":[7.75,11,7.5,11.25],"texture":"#5"},"south":{"rotation":180,"uv":[8,8,7.75,8.25],"texture":"#5"}}},{"to":[15.6,12.21836,8.225],"rotation":{"origin":[15.5,12.46836,7.975],"angle":0,"axis":"y"},"from":[15.4,11.41836,7.775],"faces":{"west":{"rotation":180,"uv":[7.5,10,6.75,11.25],"texture":"#4"},"east":{"rotation":180,"uv":[8.25,11.25,7.5,12.5],"texture":"#4"},"north":{"rotation":180,"uv":[6.5,10.5,6.25,11.75],"texture":"#4"},"up":{"rotation":90,"uv":[7,4.5,6.25,4.75],"texture":"#4"},"south":{"rotation":180,"uv":[6.5,10.5,6.25,11.75],"texture":"#4"}}},{"to":[15.4824,8.99891,9.049],"rotation":{"origin":[15.0965,8.76204,8.001],"angle":-22.5,"axis":"z"},"from":[14.7856,8.27911,6.951],"faces":{"east":{"rotation":180,"uv":[8.75,11,11.25,12],"texture":"#4"},"north":{"rotation":180,"uv":[9.75,11.25,8.75,12.25],"texture":"#4"},"up":{"rotation":180,"uv":[15,4.5,16,7.5],"texture":"#4"},"south":{"rotation":180,"uv":[9,11.25,10,12.25],"texture":"#4"}}},{"to":[14.74386,8.55852,9.048],"rotation":{"origin":[14.53487,7.73043,7.94245],"angle":-45,"axis":"z"},"from":[14.34386,8.10852,6.952],"faces":{"east":{"rotation":180,"uv":[7.25,8.25,9.75,8.75],"texture":"#4"},"north":{"rotation":90,"uv":[1.5,8.75,2,9.25],"texture":"#4"},"south":{"rotation":270,"uv":[1.5,8.75,2,9.25],"texture":"#4"}}},{"to":[5.50309,7.83825,8.15],"rotation":{"origin":[6.51657,7.65567,7.59157],"angle":45,"axis":"z"},"from":[5.30309,7.28376,7.85],"faces":{"down":{"uv":[2.25,10.5,2.5,10.75],"texture":"#4"},"west":{"uv":[0.75,11.5,1,12],"texture":"#4"},"east":{"uv":[0.5,11.75,0.75,12.25],"texture":"#4"},"north":{"uv":[0.5,11.75,0.75,12.25],"texture":"#4"},"south":{"uv":[0.5,11.75,0.75,12.25],"texture":"#4"}}},{"to":[5.7444,8.57728,8.15],"rotation":{"origin":[6.76536,8.40536,7.59157],"angle":0,"axis":"y"},"from":[5.5294,6.92671,7.85],"faces":{"west":{"uv":[0.75,9.75,1,11.75],"texture":"#4"},"east":{"uv":[0.75,10.25,1,12.25],"texture":"#4"},"north":{"uv":[0.5,10,0.75,12],"texture":"#4"},"south":{"uv":[0.5,10,0.75,12],"texture":"#4"}}},{"to":[6.33836,7.41117,8.1495],"rotation":{"origin":[7.3496,8.60106,7.59207],"angle":-22.5,"axis":"z"},"from":[6.13612,6.80612,7.8505],"faces":{"east":{"uv":[1.25,10.75,1.5,11.5],"texture":"#4"},"north":{"rotation":270,"uv":[6.25,10.25,6.5,10.75],"texture":"#4"},"south":{"rotation":270,"uv":[6.25,10.25,6.5,10.75],"texture":"#4"}}},{"to":[7.05,7.99775,8.15],"rotation":{"origin":[6.9,7.79888,8],"angle":0,"axis":"y"},"from":[6.75,7.6,7.85],"faces":{"down":{"rotation":270,"uv":[6,8,6.5,8.5],"texture":"#4"},"west":{"rotation":270,"uv":[5,11,5.5,11.5],"texture":"#4"},"east":{"rotation":270,"uv":[1.25,9.25,1.75,9.75],"texture":"#4"},"north":{"rotation":90,"uv":[5,11.25,5.5,11.75],"texture":"#4"},"south":{"rotation":270,"uv":[5,11.25,5.5,11.75],"texture":"#4"}}},{"to":[6.95618,7.5721,8.48557],"rotation":{"origin":[6.9,7.26002,8.2645],"angle":0,"axis":"y"},"from":[6.84382,6.94794,8.09343],"faces":{"north":{"uv":[5.25,10,5.5,11.25],"texture":"#4"},"west":{"rotation":270,"uv":[5,11.25,6.25,12],"texture":"#4"},"up":{"uv":[15.75,15.75,16,16],"texture":"#4"},"down":{"rotation":270,"uv":[6,8,6.75,8.25],"texture":"#4"},"east":{"rotation":90,"uv":[5,11.25,6.25,12],"texture":"#4"},"south":{"uv":[5,11.25,5.25,12.5],"texture":"#4"}}},{"to":[7.0236,7.69575,8.18609],"rotation":{"origin":[6.9,7.41485,8.08496],"angle":-22.5,"axis":"x"},"from":[6.7764,7.13395,7.98384],"faces":{"down":{"rotation":270,"uv":[6,8,6.5,8.5],"texture":"#4"},"west":{"rotation":270,"uv":[5,11.5,6.25,12],"texture":"#4"},"east":{"rotation":270,"uv":[5,10.75,6.25,11.25],"texture":"#4"},"north":{"uv":[4.25,10.25,5,11.5],"texture":"#4"},"south":{"rotation":270,"uv":[1.5,7.75,2.75,8.25],"texture":"#4"}}},{"to":[4.30971,7.06117,8.4705],"rotation":{"origin":[4.63331,8.50106,7.74074],"angle":-45,"axis":"z"},"from":[3.39735,6.79095,7.5295],"faces":{"down":{"uv":[1,1.5,2.5,3],"texture":"#0"},"north":{"uv":[1,1.5,2.5,3],"texture":"#0"},"south":{"uv":[1,1.5,2.5,3],"texture":"#0"}}},{"to":[6.84782,6.26539,8.32517],"rotation":{"origin":[6.60175,6.22045,7.7763],"angle":0,"axis":"y"},"from":[5.53602,6.1755,7.67517],"faces":{"down":{"rotation":270,"uv":[1.25,10.5,2,12],"texture":"#4"},"north":{"rotation":180,"uv":[4,4.25,5.5,4.5],"texture":"#4"},"up":{"rotation":180,"uv":[1.5,12,3,12.75],"texture":"#3"},"south":{"rotation":180,"uv":[4,4.25,5.5,4.5],"texture":"#4"}}},{"to":[7.94782,7.86539,8.32517],"rotation":{"origin":[6.60175,6.22045,7.7763],"angle":0,"axis":"y"},"from":[7.13602,7.7755,7.67517],"faces":{"down":{"rotation":270,"uv":[2.25,11.5,3,12.25],"texture":"#4"},"east":{"rotation":270,"uv":[5.75,7.75,6.5,8],"texture":"#4"},"north":{"rotation":90,"uv":[2.25,11.75,2.5,12.5],"texture":"#4"},"south":{"rotation":90,"uv":[2.25,11,2.5,11.75],"texture":"#4"}}},{"to":[7.09111,6.42106,8.32517],"rotation":{"origin":[7.21471,6.37612,7.7763],"angle":22.5,"axis":"z"},"from":[6.79898,6.33118,7.67517],"faces":{"down":{"rotation":90,"uv":[1.25,12,2,12.25],"texture":"#4"},"north":{"rotation":180,"uv":[2.25,4.5,2.5,4.75],"texture":"#4"},"up":{"rotation":90,"uv":[1.75,4.75,2.5,5],"texture":"#4"},"south":{"rotation":180,"uv":[2.25,4.5,2.5,4.75],"texture":"#4"}}},{"to":[5.58487,6.42106,8.32517],"rotation":{"origin":[5.16914,6.37612,7.9763],"angle":-22.5,"axis":"z"},"from":[5.29273,6.33118,7.67517],"faces":{"down":{"rotation":270,"uv":[1.25,10.75,2,11],"texture":"#4"},"north":{"rotation":180,"uv":[2.25,4.5,2.5,4.75],"texture":"#4"},"up":{"rotation":90,"uv":[1.75,4.75,2.5,5],"texture":"#4"},"south":{"rotation":180,"uv":[2.25,4.5,2.5,4.75],"texture":"#4"}}},{"to":[7.40169,6.79551,8.32517],"rotation":{"origin":[7.3391,6.69317,7.7763],"angle":-22.5,"axis":"z"},"from":[7.3118,6.50337,7.67517],"faces":{"west":{"rotation":180,"uv":[1.75,12.5,2.5,12.75],"texture":"#4"},"east":{"rotation":180,"uv":[4.5,12.5,5.25,12.75],"texture":"#4"},"north":{"rotation":180,"uv":[5.75,15.75,6,16],"texture":"#4"},"south":{"rotation":180,"uv":[5.75,15.75,6,16],"texture":"#4"}}},{"to":[5.07205,6.79551,8.32517],"rotation":{"origin":[5.04474,6.69317,7.9763],"angle":22.5,"axis":"z"},"from":[4.98216,6.50337,7.67517],"faces":{"west":{"rotation":270,"uv":[6,8,6.75,8.25],"texture":"#4"},"east":{"rotation":180,"uv":[0.25,12.5,1,12.75],"texture":"#4"},"north":{"rotation":180,"uv":[5.75,15.75,6,16],"texture":"#4"},"south":{"rotation":180,"uv":[5.75,15.75,6,16],"texture":"#4"}}},{"to":[7.42485,6.48945,8.32517],"rotation":{"origin":[7.3799,6.61305,7.7763],"angle":-45,"axis":"z"},"from":[7.33496,6.19732,7.67517],"faces":{"west":{"rotation":180,"uv":[1.25,15.75,2,16],"texture":"#4"},"east":{"rotation":180,"uv":[1,12.25,1.75,12.5],"texture":"#4"},"north":{"rotation":180,"uv":[2,4.75,2.25,5],"texture":"#4"},"south":{"rotation":180,"uv":[2,4.75,2.25,5],"texture":"#4"}}},{"to":[5.04888,6.48945,8.32517],"rotation":{"origin":[5.00394,6.61305,7.9763],"angle":45,"axis":"z"},"from":[4.959,6.19732,7.67517],"faces":{"west":{"rotation":270,"uv":[6,8,6.75,8.25],"texture":"#4"},"east":{"rotation":180,"uv":[1.25,15.75,2,16],"texture":"#4"},"north":{"rotation":180,"uv":[2,4.75,2.25,5],"texture":"#4"},"south":{"rotation":180,"uv":[2,4.75,2.25,5],"texture":"#4"}}},{"to":[7.43608,7.23567,8.32517],"rotation":{"origin":[7.3735,6.77622,7.7763],"angle":0,"axis":"y"},"from":[7.3462,6.76377,7.67517],"faces":{"west":{"rotation":180,"uv":[1.5,12.25,2.25,12.75],"texture":"#4"},"east":{"rotation":180,"uv":[9.25,15,10,15.5],"texture":"#4"},"north":{"rotation":90,"uv":[10,12,10.5,12.25],"texture":"#4"},"south":{"rotation":90,"uv":[10,12,10.5,12.25],"texture":"#4"}}},{"to":[5.03765,7.03568,8.32517],"rotation":{"origin":[5.01034,6.57622,7.9763],"angle":0,"axis":"y"},"from":[4.94776,6.76377,7.67517],"faces":{"west":{"rotation":270,"uv":[6,8,6.75,8.25],"texture":"#4"},"east":{"rotation":180,"uv":[0.25,12.25,1,12.5],"texture":"#4"},"north":{"rotation":180,"uv":[13.25,12.25,13.5,12.5],"texture":"#4"},"south":{"rotation":180,"uv":[13.25,12.25,13.5,12.5],"texture":"#4"}}},{"to":[7.43608,7.92792,8.32517],"rotation":{"origin":[7.3735,7.22323,7.7763],"angle":22.5,"axis":"z"},"from":[7.3462,7.21078,7.67517],"faces":{"west":{"uv":[0,11,0.75,12],"texture":"#4"},"east":{"uv":[0,11.25,0.75,12.25],"texture":"#4"},"north":{"uv":[2.25,11.5,2.5,12.5],"texture":"#4"},"south":{"uv":[2.25,11.5,2.5,12.5],"texture":"#4"}}},{"to":[5.03765,7.30292,8.32517],"rotation":{"origin":[5.01034,7.02323,7.9763],"angle":-22.5,"axis":"z"},"from":[4.94776,7.01078,7.67517],"faces":{"west":{"rotation":270,"uv":[6,8,6.75,8.25],"texture":"#4"},"east":{"rotation":180,"uv":[0.25,11.75,1,12],"texture":"#4"},"north":{"rotation":180,"uv":[2.25,12.25,2.5,12.5],"texture":"#4"},"south":{"rotation":180,"uv":[2.25,12.25,2.5,12.5],"texture":"#4"}}},{"to":[5.13992,7.65992,8.32293],"rotation":{"origin":[5.11261,7.27013,8.17405],"angle":-45,"axis":"z"},"from":[5.05003,7.25768,7.67293],"faces":{"west":{"rotation":270,"uv":[6,8,6.75,8.25],"texture":"#4"},"east":{"rotation":180,"uv":[0.25,11.25,1,11.75],"texture":"#4"},"north":{"uv":[2.25,11.75,2.5,12.25],"texture":"#4"},"south":{"uv":[2.25,11.75,2.5,12.25],"texture":"#4"}}},{"to":[5.44218,7.59811,8.32499],"rotation":{"origin":[5.3124,7.73238,7.866],"angle":0,"axis":"y"},"from":[4.82982,7.49923,7.67499],"faces":{"north":{"rotation":270,"uv":[2.25,11.75,2.5,12.5],"texture":"#4"},"west":{"rotation":270,"uv":[6,8,6.75,8.25],"texture":"#4"},"up":{"rotation":270,"uv":[6,8,6.75,8.25],"texture":"#4"},"down":{"rotation":270,"uv":[6,8,6.75,8.25],"texture":"#4"},"east":{"rotation":180,"uv":[0.25,11.25,1,11.5],"texture":"#4"},"south":{"rotation":90,"uv":[2.25,11.75,2.5,12.5],"texture":"#4"}}},{"to":[5.17982,7.84811,8.15],"rotation":{"origin":[5.3124,7.73238,8.04101],"angle":0,"axis":"y"},"from":[4.87982,7.59923,7.85],"faces":{"west":{"rotation":270,"uv":[4,8,4.5,8.5],"texture":"#4"},"east":{"rotation":270,"uv":[1.25,8,1.75,8.5],"texture":"#4"},"north":{"rotation":90,"uv":[5,11.25,5.5,11.75],"texture":"#4"},"south":{"rotation":270,"uv":[5,11.25,5.5,11.75],"texture":"#4"}}},{"to":[7.77982,7.84811,8.15],"rotation":{"origin":[5.3124,7.73238,8.04101],"angle":0,"axis":"y"},"from":[7.47982,7.59923,7.85],"faces":{"down":{"rotation":270,"uv":[4,9.75,4.5,10.25],"texture":"#4"},"west":{"rotation":270,"uv":[4,8,4.5,8.25],"texture":"#4"},"east":{"rotation":270,"uv":[6.25,11.75,6.75,12.25],"texture":"#4"},"north":{"rotation":90,"uv":[5,11.25,5.5,11.75],"texture":"#4"},"south":{"rotation":270,"uv":[5,11.25,5.5,11.75],"texture":"#4"}}},{"to":[4.07432,8.72578,8.47079],"rotation":{"origin":[4.81308,7.48982,7.74045],"angle":0,"axis":"y"},"from":[3.05297,6.61342,7.52921],"faces":{"west":{"uv":[1.5,1.5,3.5,4],"texture":"#0"},"north":{"rotation":90,"uv":[0,12,2.5,12.5],"texture":"#5"},"south":{"rotation":90,"uv":[0,12,2.5,12.5],"texture":"#5"}}},{"to":[3.40494,5.95327,8.4705],"rotation":{"origin":[4.50438,6.34597,7.74074],"angle":-45,"axis":"z"},"from":[2.84427,5.08754,7.5295],"faces":{"west":{"uv":[1.5,9.25,2.5,10.25],"texture":"#3"},"north":{"rotation":270,"uv":[6.5,11.75,7.25,12.25],"texture":"#5"},"south":{"rotation":90,"uv":[6.5,11.75,7.25,12.25],"texture":"#5"}}},{"to":[3.09454,6.00668,8.47079],"rotation":{"origin":[3.91421,5.84937,7.74045],"angle":-22.5,"axis":"z"},"from":[2.2541,3.44095,7.52921],"faces":{"down":{"rotation":90,"uv":[9.75,10.75,10.5,11.5],"texture":"#4"},"west":{"rotation":270,"uv":[0,11.75,2.75,12.75],"texture":"#5"},"north":{"rotation":270,"uv":[7.25,11.5,9.75,12.25],"texture":"#5"},"south":{"rotation":90,"uv":[7.25,11.5,9.75,12.25],"texture":"#5"}}},{"to":[3.78946,7.36695,8.47079],"rotation":{"origin":[3.92823,4.20964,7.74045],"angle":-22.5,"axis":"z"},"from":[2.46811,3.31077,7.52921],"faces":{"down":{"rotation":90,"uv":[12.25,10.5,13,11.75],"texture":"#5"},"east":{"rotation":90,"uv":[6.25,9.5,10,10.75],"texture":"#5"},"north":{"rotation":270,"uv":[12.25,10.5,16,11.75],"texture":"#5"},"up":{"rotation":90,"uv":[7.5,8,8.75,8.5],"texture":"#4"},"south":{"rotation":90,"uv":[12.25,10.5,16,11.75],"texture":"#5"}}},{"to":[3.81499,4.07527,8.4705],"rotation":{"origin":[3.61162,3.84943,8.10029],"angle":22.5,"axis":"z"},"from":[3.30825,3.52358,7.5295],"faces":{"down":{"rotation":270,"uv":[7.5,8,8.75,8.75],"texture":"#4"},"east":{"uv":[7.75,11.25,9,12],"texture":"#5"},"north":{"rotation":90,"uv":[12.25,10.5,12.75,11],"texture":"#5"},"south":{"rotation":90,"uv":[12.25,10.5,12.75,11],"texture":"#5"}}},{"to":[4.12001,4.9308,8.4705],"rotation":{"origin":[3.91664,4.85496,8.10029],"angle":22.5,"axis":"z"},"from":[3.71327,4.52912,7.5295],"faces":{"down":{"rotation":270,"uv":[7.5,8,8.75,8.5],"texture":"#4"},"east":{"uv":[11.5,11.5,12.75,12],"texture":"#5"},"north":{"rotation":90,"uv":[12.25,10.5,12.75,11],"texture":"#5"},"south":{"rotation":90,"uv":[12.25,10.5,12.75,11],"texture":"#5"}}},{"to":[4.52001,5.8808,8.4705],"rotation":{"origin":[4.31664,5.85496,8.10029],"angle":22.5,"axis":"z"},"from":[4.16327,5.52912,7.5295],"faces":{"down":{"rotation":270,"uv":[7.5,8,8.75,8.5],"texture":"#4"},"east":{"uv":[11.5,11.5,12.75,12],"texture":"#5"},"north":{"rotation":90,"uv":[12.25,10.5,12.75,11],"texture":"#5"},"south":{"rotation":90,"uv":[12.25,10.5,12.75,11],"texture":"#5"}}},{"to":[4.24005,7.31117,8.7245],"rotation":{"origin":[4.63331,8.50106,7.86651],"angle":-45,"axis":"z"},"from":[3.54735,6.93084,7.2755],"faces":{"down":{"rotation":270,"uv":[15.5,11.25,16,12],"texture":"#5"},"north":{"rotation":90,"uv":[15.5,11.5,16,12.25],"texture":"#5"},"south":{"rotation":270,"uv":[15.5,11.5,16,12.25],"texture":"#5"}}},{"to":[4.67882,8.73876,8.725],"rotation":{"origin":[4.79904,7.50281,7.86601],"angle":0,"axis":"y"},"from":[3.22882,6.9764,7.275],"faces":{"west":{"uv":[1.75,11.5,2.5,13],"texture":"#5"},"east":{"uv":[11,8,12.75,9.5],"texture":"#5"},"north":{"rotation":270,"uv":[14.25,11,16,12.5],"texture":"#5"},"south":{"rotation":90,"uv":[14.25,11,16,12.5],"texture":"#5"}}},{"to":[4.52906,7.03815,8.7255],"rotation":{"origin":[4.44873,6.63085,7.86551],"angle":-22.5,"axis":"z"},"from":[3.0285,3.57242,7.2745],"faces":{"down":{"rotation":90,"uv":[11.5,10.5,13,12],"texture":"#5"},"west":{"rotation":270,"uv":[0.75,12,4.5,12.75],"texture":"#5"},"east":{"rotation":90,"uv":[3.75,9.5,7.5,11],"texture":"#5"},"north":{"rotation":90,"uv":[12.25,12.75,16,11.25],"texture":"#5"},"south":{"rotation":90,"uv":[12.25,11.25,16,12.75],"texture":"#5"}}},{"to":[2.06,12.65,8.6495],"rotation":{"origin":[1.75377,11.41672,7.48559],"angle":-45,"axis":"z"},"from":[1.7,11.95,7.3505],"faces":{"east":{"uv":[7.5,10.75,5.75,11.5],"texture":"#5"},"north":{"rotation":270,"uv":[1.75,9.75,1,10.25],"texture":"#3"},"south":{"rotation":90,"uv":[1.75,9.75,1,10.25],"texture":"#3"}}},{"to":[2.34995,12.6,8.65],"rotation":{"origin":[13.98972,12.15829,8.1643],"angle":0,"axis":"y"},"from":[0.72455,10.15,8.45],"faces":{"west":{"rotation":90,"uv":[2.75,7.75,5.5,8.25],"texture":"#3"},"north":{"rotation":90,"uv":[16,11.75,13.25,10],"texture":"#4"},"south":{"rotation":90,"uv":[2.75,9.25,0,11],"texture":"#3"}}},{"to":[2.34995,12.6,7.55],"rotation":{"origin":[13.98972,12.20829,7.8357],"angle":0,"axis":"y"},"from":[0.72455,10.15,7.35],"faces":{"west":{"rotation":270,"uv":[2.75,7.75,5.5,8.25],"texture":"#3"},"north":{"rotation":270,"uv":[0,9.25,2.75,11],"texture":"#3"},"south":{"rotation":90,"uv":[16,10,13.25,11.75],"texture":"#4"}}},{"to":[15.70422,12.39928,8.649],"rotation":{"origin":[15.35422,12.24089,8.55],"angle":22.5,"axis":"z"},"from":[15.00422,12.05166,8.449],"faces":{"east":{"rotation":270,"uv":[11.5,7.75,11,8.25],"texture":"#3"},"north":{"rotation":180,"uv":[6.5,11,5.75,11.25],"texture":"#4"},"south":{"rotation":180,"uv":[1.5,10.25,0.75,10.5],"texture":"#3"}}},{"to":[15.70422,12.39928,7.551],"rotation":{"origin":[15.35422,12.24089,7.45],"angle":22.5,"axis":"z"},"from":[15.00422,12.05166,7.351],"faces":{"east":{"rotation":90,"uv":[11.5,7.75,11,8.25],"texture":"#3"},"north":{"rotation":180,"uv":[1.5,10.25,0.75,10.5],"texture":"#3"},"south":{"rotation":180,"uv":[6.5,11,5.75,11.25],"texture":"#4"}}},{"to":[1.47038,12.79928,8.649],"rotation":{"origin":[1.12038,12.64089,8.55],"angle":-22.5,"axis":"z"},"from":[0.77038,12.45166,8.449],"faces":{"west":{"rotation":270,"uv":[1.25,11.75,0.75,12.25],"texture":"#4"},"north":{"rotation":270,"uv":[16,11,15.75,11.75],"texture":"#4"},"south":{"rotation":90,"uv":[2.75,11,2.5,11.75],"texture":"#3"}}},{"to":[1.47038,12.79928,7.551],"rotation":{"origin":[1.12038,12.64089,7.45],"angle":-22.5,"axis":"z"},"from":[0.77038,12.45166,7.351],"faces":{"west":{"rotation":90,"uv":[1.25,11.75,0.75,12.25],"texture":"#4"},"north":{"rotation":270,"uv":[2.75,11,2.5,11.75],"texture":"#3"},"south":{"rotation":90,"uv":[16,11,15.75,11.75],"texture":"#4"}}},{"to":[15.42491,12.75749,8.6495],"rotation":{"origin":[15.23567,12.40749,8.55],"angle":-45,"axis":"z"},"from":[15.07729,12.05749,8.4495],"faces":{"north":{"rotation":180,"uv":[6.5,11,5.75,11.25],"texture":"#4"},"up":{"rotation":180,"uv":[1,7.5,0.5,8],"texture":"#3"},"south":{"rotation":90,"uv":[3.5,10,2.75,10.25],"texture":"#3"}}},{"to":[15.42491,12.75749,7.5505],"rotation":{"origin":[15.23567,12.40749,7.45],"angle":-45,"axis":"z"},"from":[15.07729,12.05749,7.3505],"faces":{"north":{"rotation":90,"uv":[3.5,10,2.75,10.25],"texture":"#3"},"up":{"uv":[1,7.5,0.5,8],"texture":"#3"},"south":{"rotation":180,"uv":[6.5,11,5.75,11.25],"texture":"#4"}}},{"to":[1.39731,13.15749,8.649],"rotation":{"origin":[1.23893,12.80749,8.55],"angle":45,"axis":"z"},"from":[1.04969,12.45749,8.449],"faces":{"north":{"rotation":180,"uv":[16,11,15.75,11.75],"texture":"#4"},"up":{"rotation":180,"uv":[8.5,5.25,8,5.75],"texture":"#3"},"south":{"rotation":180,"uv":[2.75,11,2.5,11.75],"texture":"#3"}}},{"to":[1.39731,13.15749,7.551],"rotation":{"origin":[1.23893,12.80749,7.45],"angle":45,"axis":"z"},"from":[1.04969,12.45749,7.351],"faces":{"north":{"rotation":180,"uv":[2.75,11,2.5,11.75],"texture":"#3"},"up":{"uv":[8.5,5.25,8,5.75],"texture":"#3"},"south":{"rotation":180,"uv":[16,11,15.75,11.75],"texture":"#4"}}},{"to":[15.04253,12.08787,8.649],"rotation":{"origin":[16.91388,11.60135,8.55994],"angle":-22.5,"axis":"z"},"from":[14.69491,11.38787,8.449],"faces":{"north":{"rotation":90,"uv":[6.5,11,5.75,11.25],"texture":"#4"},"up":{"rotation":180,"uv":[3,5,2.5,5.5],"texture":"#3"},"south":{"rotation":90,"uv":[4,9.75,3.25,10],"texture":"#3"}}},{"to":[15.04253,12.08787,7.551],"rotation":{"origin":[16.91388,11.60135,7.44006],"angle":-22.5,"axis":"z"},"from":[14.69491,11.38787,7.351],"faces":{"north":{"rotation":90,"uv":[4,9.75,3.25,10],"texture":"#3"},"up":{"uv":[3.25,5,2.75,5.5],"texture":"#3"},"south":{"rotation":90,"uv":[6.5,11,5.75,11.25],"texture":"#4"}}},{"to":[1.77969,12.48787,8.649],"rotation":{"origin":[-0.43928,12.00135,8.55994],"angle":22.5,"axis":"z"},"from":[1.43207,11.78787,8.449],"faces":{"north":{"rotation":90,"uv":[8,11.5,7.25,11.75],"texture":"#4"},"up":{"rotation":180,"uv":[1.75,5,1.25,5.5],"texture":"#3"},"south":{"rotation":180,"uv":[2.75,11,2.5,11.75],"texture":"#3"}}},{"to":[1.77969,12.48787,7.551],"rotation":{"origin":[-0.43928,12.00135,7.44006],"angle":22.5,"axis":"z"},"from":[1.43207,11.78787,7.351],"faces":{"north":{"rotation":180,"uv":[2.75,11,2.5,11.75],"texture":"#3"},"up":{"uv":[3,5,2.5,5.5],"texture":"#3"},"south":{"rotation":90,"uv":[8,11.5,7.25,11.75],"texture":"#4"}}},{"to":[10.66162,12.6165,8.649],"rotation":{"origin":[11.47117,12.13335,8.55994],"angle":-22.5,"axis":"z"},"from":[10.11162,12.42942,8.449],"faces":{"north":{"rotation":180,"uv":[10,11.75,9.25,12],"texture":"#5"},"up":{"rotation":180,"uv":[4.5,4.75,4,5.25],"texture":"#3"},"south":{"rotation":180,"uv":[9.75,5.25,9.25,5.5],"texture":"#3"}}},{"to":[10.66162,12.6165,7.551],"rotation":{"origin":[11.47117,12.13335,7.44006],"angle":-22.5,"axis":"z"},"from":[10.11162,12.42942,7.351],"faces":{"north":{"rotation":180,"uv":[8.25,5.25,8.75,5.5],"texture":"#3"},"up":{"uv":[3.25,4.75,2.75,5.25],"texture":"#3"},"south":{"rotation":180,"uv":[10,11.75,9.25,12],"texture":"#5"}}},{"to":[5.86162,12.8165,8.649],"rotation":{"origin":[6.67117,12.33335,8.55994],"angle":-22.5,"axis":"z"},"from":[5.31162,12.62942,8.449],"faces":{"north":{"rotation":180,"uv":[10,12,9.25,12.25],"texture":"#5"},"up":{"rotation":180,"uv":[3.5,4.75,3,5.25],"texture":"#3"},"south":{"rotation":180,"uv":[7.5,11.5,7,11.75],"texture":"#3"}}},{"to":[5.86162,12.8165,7.551],"rotation":{"origin":[6.67117,12.33335,7.44006],"angle":-22.5,"axis":"z"},"from":[5.31162,12.62942,7.351],"faces":{"north":{"rotation":180,"uv":[7.5,11.5,7,11.75],"texture":"#3"},"up":{"uv":[3.5,4.75,3,5.25],"texture":"#3"},"south":{"rotation":180,"uv":[10,12,9.25,12.25],"texture":"#5"}}},{"to":[10.4,13.1,8.65],"rotation":{"origin":[18.29084,13.30829,8.5643],"angle":0,"axis":"y"},"from":[5.6,12.9,8.45],"faces":{"north":{"rotation":180,"uv":[13.75,11.75,9.25,12],"texture":"#5"},"up":{"rotation":180,"uv":[2.75,4.5,8,5],"texture":"#3"},"south":{"rotation":180,"uv":[2.75,5.25,8,5.5],"texture":"#3"}}},{"to":[10.4,13.1,7.55],"rotation":{"origin":[18.29084,13.30829,7.4357],"angle":0,"axis":"y"},"from":[5.6,12.9,7.35],"faces":{"north":{"rotation":180,"uv":[6,5.25,11.25,5.5],"texture":"#3"},"up":{"uv":[3.25,4.5,8.5,5],"texture":"#3"},"south":{"rotation":180,"uv":[13.75,11.75,9.25,12],"texture":"#5"}}},{"to":[5.6,13.3,8.651],"rotation":{"origin":[13.98972,12.20829,8.5143],"angle":0,"axis":"y"},"from":[1.4246,12.6,8.451],"faces":{"north":{"rotation":180,"uv":[13.75,11.75,9.25,12.5],"texture":"#5"},"up":{"rotation":180,"uv":[10.75,4.75,6.25,5.25],"texture":"#3"},"south":{"rotation":180,"uv":[4.5,11.75,0,12.5],"texture":"#4"}}},{"to":[5.6,13.3,7.549],"rotation":{"origin":[13.98972,12.20829,7.4857],"angle":0,"axis":"y"},"from":[1.4246,12.6,7.349],"faces":{"north":{"rotation":180,"uv":[0,11.75,4.5,12.5],"texture":"#4"},"up":{"uv":[10.75,4.75,6.25,5.25],"texture":"#3"},"south":{"rotation":180,"uv":[11.75,11.75,7.25,12.5],"texture":"#5"}}},{"to":[13.69811,12.51695,8.6495],"rotation":{"origin":[14.07845,12.79673,8.56044],"angle":45,"axis":"z"},"from":[13.34811,11.81695,7.3505],"faces":{"west":{"uv":[7.5,10.75,5.75,11.5],"texture":"#5"},"north":{"rotation":90,"uv":[2.25,10,1.5,10.5],"texture":"#3"},"south":{"rotation":270,"uv":[2.25,10,1.5,10.5],"texture":"#3"}}},{"to":[15.05,12.9,8.65],"rotation":{"origin":[13.98972,12.15829,8.5143],"angle":0,"axis":"y"},"from":[2.35,12.05,8.45],"faces":{"down":{"rotation":180,"uv":[15.5,7.5,0.75,7.75],"texture":"#5"},"north":{"rotation":180,"uv":[15.25,10.75,0.5,11.75],"texture":"#4"},"up":{"rotation":180,"uv":[14.75,4.75,0,5.25],"texture":"#3"},"south":{"rotation":180,"uv":[15.25,9.5,0.5,10.5],"texture":"#3"}}},{"to":[15.05,12.9,7.55],"rotation":{"origin":[13.98972,12.15829,7.4857],"angle":0,"axis":"y"},"from":[2.35,12.05,7.35],"faces":{"down":{"rotation":180,"uv":[15.5,7.5,0.75,7.75],"texture":"#5"},"north":{"rotation":180,"uv":[0.5,9.5,15.25,10.5],"texture":"#3"},"up":{"uv":[15.5,4.75,0.75,5.25],"texture":"#3"},"south":{"rotation":180,"uv":[15.25,10.75,0.5,11.75],"texture":"#4"}}},{"to":[15.75,12.2,7.549],"rotation":{"origin":[8.04954,10.20994,7.13652],"angle":0,"axis":"y"},"from":[14.25,10.11022,7.349],"faces":{"east":{"rotation":90,"uv":[16,7.75,13.5,8.25],"texture":"#3"},"north":{"rotation":90,"uv":[3,9.25,0.5,11],"texture":"#3"},"south":{"rotation":270,"uv":[16,9.75,13.5,11.5],"texture":"#4"}}},{"to":[15.75,12.2,8.651],"rotation":{"origin":[8.04954,10.20994,8.86348],"angle":0,"axis":"y"},"from":[14.25,10.11022,8.451],"faces":{"east":{"rotation":270,"uv":[16,7.75,13.5,8.25],"texture":"#3"},"north":{"rotation":270,"uv":[16,11.5,13.5,9.75],"texture":"#4"},"south":{"rotation":270,"uv":[3,9.25,0.5,11],"texture":"#3"}}},{"to":[-0.05,10.12335,7.35178],"rotation":{"origin":[-4.91844,9.69751,7.44575],"angle":0,"axis":"y"},"from":[-5.1,9.82111,7.172],"faces":{"west":{"rotation":180,"uv":[3.25,10.75,3.5,11.25],"texture":"#4"},"east":{"rotation":180,"uv":[3.25,10.75,3.5,11.25],"texture":"#4"},"north":{"rotation":180,"uv":[3.5,11.25,9.25,11.575],"texture":"#4"}}},{"to":[-0.5882,9.82335,7.35305],"rotation":{"origin":[-4.94888,9.49751,7.44575],"angle":0,"axis":"y"},"from":[-4.55618,9.30032,7.17328],"faces":{"north":{"rotation":180,"uv":[3.25,10.5,7.75,11.25],"texture":"#4"}}},{"to":[-2.88517,9.27391,7.35278],"rotation":{"origin":[-4.0155,9.20537,7.26317],"angle":-45,"axis":"z"},"from":[-5.21775,8.87391,7.173],"faces":{"down":{"rotation":180,"uv":[7,10.75,10.25,11],"texture":"#5"},"north":{"rotation":180,"uv":[7,10.75,10.25,11.25],"texture":"#4"}}},{"to":[0.91355,12.799,7.35278],"rotation":{"origin":[-3.16286,12.47315,7.44575],"angle":-45,"axis":"z"},"from":[0.51355,10.4754,7.173],"faces":{"east":{"rotation":180,"uv":[7,10.75,10.25,11],"texture":"#5"},"north":{"rotation":90,"uv":[7,10.75,10.25,11.25],"texture":"#4"}}},{"to":[-1.1,9.30088,7.35305],"rotation":{"origin":[-4.94888,9.69751,7.44575],"angle":0,"axis":"y"},"from":[-4.05,8.80088,7.17328],"faces":{"north":{"rotation":180,"uv":[8,10,11.25,10.75],"texture":"#4"}}},{"to":[-1.6,8.80088,7.35305],"rotation":{"origin":[-4.94888,9.19751,7.44575],"angle":0,"axis":"y"},"from":[-3.55,8.30088,7.17328],"faces":{"north":{"rotation":180,"uv":[8,9.25,10,10],"texture":"#4"}}},{"to":[-1.675,8.5,7.45678],"rotation":{"origin":[-4.91844,9.90855,7.55903],"angle":0,"axis":"y"},"from":[-3.475,7.7,7.00678],"faces":{"west":{"uv":[4,5,4.5,6],"texture":"#4"},"east":{"uv":[4,5,4.5,6],"texture":"#4"},"north":{"uv":[7.25,7.5,9.25,8.5],"texture":"#4"},"up":{"uv":[3.75,6.5,5.75,6.75],"texture":"#4"}}},{"to":[-0.05,10.46292,7.44283],"rotation":{"origin":[-4.91844,10.23708,7.5153],"angle":22.5,"axis":"x"},"from":[-5.1,10.00112,7.24283],"faces":{"west":{"rotation":180,"uv":[3.5,11,3.75,11.5],"texture":"#4"},"east":{"rotation":180,"uv":[3.5,11,3.75,11.5],"texture":"#4"},"north":{"rotation":180,"uv":[3.5,11.5,9.25,12],"texture":"#4"}}},{"to":[-0.05,10.58872,9.24467],"rotation":{"origin":[-2.27799,10.4949,8.73231],"angle":-22.5,"axis":"x"},"from":[-5.1,10.43872,8.61995],"faces":{"down":{"rotation":180,"uv":[4.5,11.25,10.25,12],"texture":"#4"},"west":{"rotation":270,"uv":[5,11,5.25,11.75],"texture":"#3"},"east":{"rotation":90,"uv":[5,11,5.25,11.75],"texture":"#3"},"up":{"uv":[3.5,11.75,9.25,12.5],"texture":"#4"},"south":{"rotation":180,"uv":[4.5,12.5,10.25,12.75],"texture":"#4"}}},{"to":[-0.05,10.55,8.65],"rotation":{"origin":[-4.91844,10.81023,8.30787],"angle":0,"axis":"y"},"from":[-5.1,10.4,7.35],"faces":{"down":{"rotation":180,"uv":[7.75,8,11,8.25],"texture":"#5"},"west":{"rotation":270,"uv":[2.75,11.5,3,13],"texture":"#5"},"east":{"rotation":270,"uv":[2.75,11.5,3,13],"texture":"#5"},"up":{"rotation":180,"uv":[0,3,11.5,6],"texture":"#0"}}},{"to":[16.5,9.67,8.17604],"rotation":{"origin":[15.64264,9.245,8],"angle":0,"axis":"y"},"from":[14.7,8.82,7.82396],"faces":{"down":{"uv":[15.75,15.75,16,16],"texture":"#4"},"east":{"rotation":180,"uv":[2.25,11.5,3,12.25],"texture":"#4"},"up":{"rotation":180,"uv":[3,4.5,4,5],"texture":"#4"}}},{"to":[19,9.52,8.0547],"rotation":{"origin":[17.75,9.245,8],"angle":0,"axis":"y"},"from":[16.5,8.97,7.9453],"faces":{"down":{"rotation":180,"uv":[15.75,15.75,16,16],"texture":"#4"},"up":{"rotation":180,"uv":[4.5,1.5,8.5,1.75],"texture":"#4"}}},{"to":[16.95,9.57,8.13462],"rotation":{"origin":[16.9,9.245,8],"angle":22.5,"axis":"x"},"from":[16.75,8.92,7.86538],"faces":{"down":{"rotation":180,"uv":[8,7.75,8.25,8.25],"texture":"#3"},"west":{"uv":[10,7.5,10.25,8],"texture":"#3"},"east":{"uv":[10,7.5,10.25,8],"texture":"#3"},"up":{"rotation":180,"uv":[8.75,1.75,8.25,2.25],"texture":"#3"}}},{"to":[16.9505,9.37962,8.325],"rotation":{"origin":[16.9,9.245,8],"angle":-22.5,"axis":"x"},"from":[16.7505,9.11038,7.675],"faces":{"west":{"rotation":90,"uv":[10,7.5,10.25,8],"texture":"#3"},"east":{"rotation":180,"uv":[3.25,2.25,3.5,2.75],"texture":"#3"},"north":{"uv":[2.5,5.25,2.75,5.75],"texture":"#3"},"south":{"rotation":180,"uv":[8.75,2.5,8.25,3],"texture":"#3"}}},{"to":[17.85,9.57,8.13462],"rotation":{"origin":[17.8,9.245,8],"angle":22.5,"axis":"x"},"from":[17.65,8.92,7.86538],"faces":{"down":{"rotation":180,"uv":[8,7.75,8.25,8.25],"texture":"#3"},"west":{"uv":[10,7.5,10.25,8],"texture":"#3"},"east":{"uv":[10,7.5,10.25,8],"texture":"#3"},"up":{"rotation":180,"uv":[8.75,1.75,8.25,2.25],"texture":"#3"}}},{"to":[17.8505,9.37962,8.325],"rotation":{"origin":[17.8,9.245,8],"angle":-22.5,"axis":"x"},"from":[17.6505,9.11038,7.675],"faces":{"west":{"rotation":90,"uv":[10,7.5,10.25,8],"texture":"#3"},"east":{"rotation":180,"uv":[3.25,2.25,3.5,2.75],"texture":"#3"},"north":{"uv":[2.5,5.25,2.75,5.75],"texture":"#3"},"south":{"rotation":180,"uv":[8.75,2.5,8.25,3],"texture":"#3"}}},{"to":[17.4,9.57,8.13462],"rotation":{"origin":[17.35,9.245,8],"angle":22.5,"axis":"x"},"from":[17.2,8.92,7.86538],"faces":{"down":{"rotation":180,"uv":[8,7.75,8.25,8.25],"texture":"#3"},"west":{"uv":[10,7.5,10.25,8],"texture":"#3"},"east":{"uv":[10,7.5,10.25,8],"texture":"#3"},"up":{"rotation":180,"uv":[8.75,1.75,8.25,2.25],"texture":"#3"}}},{"to":[17.4005,9.37962,8.325],"rotation":{"origin":[17.35,9.245,8],"angle":-22.5,"axis":"x"},"from":[17.2005,9.11038,7.675],"faces":{"west":{"rotation":90,"uv":[10,7.5,10.25,8],"texture":"#3"},"east":{"rotation":180,"uv":[3.25,2.25,3.5,2.75],"texture":"#3"},"north":{"uv":[5.5,5.25,5.75,5.75],"texture":"#3"},"south":{"rotation":180,"uv":[8.75,0.75,8.25,1.25],"texture":"#3"}}},{"to":[18.75,9.57,8.13462],"rotation":{"origin":[18.7,9.245,8],"angle":22.5,"axis":"x"},"from":[18.55,8.92,7.86538],"faces":{"down":{"rotation":180,"uv":[8,7.75,8.25,8.25],"texture":"#3"},"west":{"uv":[10,7.5,10.25,8],"texture":"#3"},"east":{"uv":[10,7.5,10.25,8],"texture":"#3"},"up":{"rotation":180,"uv":[8.75,1.75,8.25,2.25],"texture":"#3"}}},{"to":[18.7505,9.37962,8.325],"rotation":{"origin":[18.7,9.245,8],"angle":-22.5,"axis":"x"},"from":[18.5505,9.11038,7.675],"faces":{"west":{"rotation":90,"uv":[10,7.5,10.25,8],"texture":"#3"},"east":{"rotation":180,"uv":[3.25,2.25,3.5,2.75],"texture":"#3"},"north":{"uv":[2.5,5.25,2.75,5.75],"texture":"#3"},"south":{"rotation":180,"uv":[8.75,2.5,8.25,3],"texture":"#3"}}},{"to":[18.3,9.57,8.13462],"rotation":{"origin":[18.25,9.245,8],"angle":22.5,"axis":"x"},"from":[18.1,8.92,7.86538],"faces":{"down":{"rotation":180,"uv":[8,7.75,8.25,8.25],"texture":"#3"},"west":{"uv":[10,7.5,10.25,8],"texture":"#3"},"east":{"uv":[10,7.5,10.25,8],"texture":"#3"},"up":{"rotation":180,"uv":[8.75,1.75,8.25,2.25],"texture":"#3"}}},{"to":[18.3005,9.37962,8.325],"rotation":{"origin":[18.25,9.245,8],"angle":-22.5,"axis":"x"},"from":[18.1005,9.11038,7.675],"faces":{"west":{"rotation":90,"uv":[10,7.5,10.25,8],"texture":"#3"},"east":{"rotation":180,"uv":[3.25,2.25,3.5,2.75],"texture":"#3"},"north":{"uv":[3.25,5.25,3.5,5.75],"texture":"#3"},"south":{"rotation":180,"uv":[8.75,0.75,8.25,1.25],"texture":"#3"}}},{"to":[19.6,9.57,8.13462],"rotation":{"origin":[19.15,9.245,8],"angle":22.5,"axis":"x"},"from":[19,8.92,7.86538],"faces":{"down":{"rotation":180,"uv":[8,7.5,9,8],"texture":"#4"},"west":{"uv":[10,7.5,10.25,8],"texture":"#3"},"east":{"rotation":90,"uv":[2.5,8,2.25,8.25],"texture":"#4"},"up":{"uv":[3.25,4,4.25,4.5],"texture":"#4"}}},{"to":[21.75,9.67,8.08454],"rotation":{"origin":[20.675,9.245,8],"angle":22.5,"axis":"x"},"from":[19.6,9.57,7.91546],"faces":{"down":{"rotation":90,"uv":[16,15.75,15.75,16],"texture":"#4"},"west":{"rotation":90,"uv":[8.25,12,8,12.25],"texture":"#4"},"east":{"rotation":90,"uv":[8.25,11.75,8,12],"texture":"#4"},"north":{"rotation":90,"uv":[9.75,8.25,9.5,11.75],"texture":"#3"},"up":{"rotation":90,"uv":[16,10.75,15.75,14.25],"texture":"#3"}}},{"to":[21.75,8.92,8.08454],"rotation":{"origin":[20.675,9.245,8],"angle":22.5,"axis":"x"},"from":[19.6,8.82,7.91546],"faces":{"down":{"rotation":270,"uv":[0.75,6.5,1,10],"texture":"#5"},"west":{"rotation":90,"uv":[9.5,10,9.25,10.5],"texture":"#4"},"east":{"rotation":90,"uv":[1.25,9,1,9.25],"texture":"#4"},"north":{"rotation":90,"uv":[9.75,8.25,9.5,11.75],"texture":"#4"},"up":{"rotation":90,"uv":[2,10,1.75,10.25],"texture":"#4"}}},{"to":[20.525,9.32954,7.675],"rotation":{"origin":[20.675,9.245,8],"angle":22.5,"axis":"x"},"from":[19.6,9.16046,7.575],"faces":{"west":{"rotation":90,"uv":[8.75,11.75,8.5,12],"texture":"#4"},"east":{"rotation":90,"uv":[9,11.5,8.75,11.75],"texture":"#4"},"north":{"rotation":270,"uv":[8,12.75,7.75,14.25],"texture":"#4"},"south":{"rotation":90,"uv":[1.75,8,1.5,8.25],"texture":"#4"}}},{"to":[21.75,9.32954,7.675],"rotation":{"origin":[22.475,9.245,8],"angle":22.5,"axis":"x"},"from":[21.45,9.16046,7.575],"faces":{"west":{"rotation":90,"uv":[9,11.5,8.75,11.75],"texture":"#4"},"east":{"rotation":90,"uv":[6.5,11.5,6.25,11.75],"texture":"#4"},"north":{"rotation":270,"uv":[0.25,11.75,0.5,12.25],"texture":"#5"},"south":{"rotation":90,"uv":[1.75,8,1.5,8.25],"texture":"#4"}}},{"to":[21.75,9.32954,8.425],"rotation":{"origin":[20.675,9.245,8],"angle":22.5,"axis":"x"},"from":[19.6,9.16046,8.325],"faces":{"down":{"rotation":90,"uv":[9.75,8.25,9.5,11.75],"texture":"#5"},"west":{"rotation":90,"uv":[9.5,10,9.25,10.5],"texture":"#4"},"east":{"rotation":90,"uv":[1,11.25,0.75,11.5],"texture":"#4"},"north":{"rotation":90,"uv":[1.25,9.25,1,9.5],"texture":"#4"},"south":{"rotation":90,"uv":[15.75,10.75,16,14.25],"texture":"#5"}}},{"to":[21.75,9.67,8.08454],"rotation":{"origin":[20.675,9.245,8],"angle":-22.5,"axis":"x"},"from":[19.6,9.57,7.91546],"faces":{"down":{"rotation":90,"uv":[16,15.75,15.75,16],"texture":"#4"},"west":{"rotation":90,"uv":[8.25,12,8,12.25],"texture":"#4"},"east":{"rotation":90,"uv":[8.25,11.75,8,12],"texture":"#4"},"up":{"rotation":90,"uv":[16,10.75,15.75,14.25],"texture":"#3"},"south":{"rotation":90,"uv":[9.75,8.25,9.5,11.75],"texture":"#3"}}},{"to":[21.75,8.92,8.08454],"rotation":{"origin":[20.675,9.245,8],"angle":-22.5,"axis":"x"},"from":[19.6,8.82,7.91546],"faces":{"down":{"rotation":90,"uv":[0,10.75,0.25,14.25],"texture":"#5"},"west":{"rotation":90,"uv":[9.5,10,9.25,10.5],"texture":"#4"},"east":{"rotation":90,"uv":[1.25,9,1,9.25],"texture":"#4"},"up":{"rotation":90,"uv":[2,10,1.75,10.25],"texture":"#4"},"south":{"rotation":90,"uv":[9.75,8.25,9.5,11.75],"texture":"#4"}}},{"to":[21.75,9.32954,7.675],"rotation":{"origin":[20.675,9.245,8],"angle":-22.5,"axis":"x"},"from":[19.6,9.16046,7.575],"faces":{"down":{"rotation":90,"uv":[9.75,8.25,9.5,11.75],"texture":"#5"},"west":{"rotation":90,"uv":[9.5,10,9.25,10.5],"texture":"#4"},"east":{"rotation":90,"uv":[1,11.25,0.75,11.5],"texture":"#4"},"north":{"rotation":270,"uv":[15.75,10.75,16,14.25],"texture":"#5"},"south":{"rotation":90,"uv":[1.25,9.25,1,9.5],"texture":"#4"}}},{"to":[20.525,9.32954,8.425],"rotation":{"origin":[20.675,9.245,8],"angle":-22.5,"axis":"x"},"from":[19.6,9.16046,8.325],"faces":{"west":{"rotation":90,"uv":[8.75,11.75,8.5,12],"texture":"#4"},"east":{"rotation":90,"uv":[9,11.5,8.75,11.75],"texture":"#4"},"north":{"rotation":90,"uv":[1.75,8,1.5,8.25],"texture":"#4"},"south":{"rotation":90,"uv":[8,12.75,7.75,14.25],"texture":"#4"}}},{"to":[21.75,9.32954,8.425],"rotation":{"origin":[22.475,9.245,8],"angle":-22.5,"axis":"x"},"from":[21.45,9.16046,8.325],"faces":{"west":{"rotation":90,"uv":[9,11.5,8.75,11.75],"texture":"#4"},"east":{"rotation":90,"uv":[6.5,11.5,6.25,11.75],"texture":"#4"},"north":{"rotation":90,"uv":[1.75,8,1.5,8.25],"texture":"#4"},"south":{"rotation":90,"uv":[0.25,11.75,0.5,12.25],"texture":"#5"}}},{"to":[21.75,9.67,8.08454],"rotation":{"origin":[20.675,9.245,8],"angle":45,"axis":"x"},"from":[19.6,9.57,7.91546],"faces":{"down":{"rotation":90,"uv":[16,15.75,15.75,16],"texture":"#4"},"west":{"rotation":90,"uv":[8.25,12,8,12.25],"texture":"#4"},"east":{"rotation":90,"uv":[6.5,11.75,6.25,12],"texture":"#4"},"up":{"rotation":90,"uv":[16,10.75,15.75,14.25],"texture":"#4"},"south":{"rotation":90,"uv":[9.75,8.25,9.5,11.75],"texture":"#4"}}},{"to":[20.525,8.92,8.08454],"rotation":{"origin":[20.675,9.245,8],"angle":45,"axis":"x"},"from":[19.6,8.82,7.91546],"faces":{"down":{"rotation":270,"uv":[0.75,6.5,1.25,8],"texture":"#5"},"west":{"rotation":90,"uv":[9.5,10,9.25,10.5],"texture":"#4"},"east":{"rotation":90,"uv":[1,9.25,0.75,9.5],"texture":"#4"},"up":{"rotation":90,"uv":[1.25,9.25,1,9.5],"texture":"#4"}}},{"to":[21.75,8.92,8.08454],"rotation":{"origin":[22.475,9.245,8],"angle":45,"axis":"x"},"from":[21.45,8.82,7.91546],"faces":{"down":{"rotation":90,"uv":[0,10.75,0.25,11.25],"texture":"#5"},"west":{"rotation":90,"uv":[1,9.25,0.75,9.5],"texture":"#4"},"east":{"rotation":90,"uv":[1.25,11,1,11.25],"texture":"#4"},"up":{"rotation":90,"uv":[1.25,9.25,1,9.5],"texture":"#4"}}},{"to":[21.75,9.32954,7.675],"rotation":{"origin":[20.675,9.245,8],"angle":45,"axis":"x"},"from":[19.6,9.16046,7.575],"faces":{"down":{"rotation":90,"uv":[9.75,8.25,9.5,11.75],"texture":"#4"},"west":{"rotation":90,"uv":[8.25,12,8,12.25],"texture":"#4"},"east":{"rotation":90,"uv":[6.5,11.75,6.25,12],"texture":"#4"},"north":{"rotation":270,"uv":[16,10.75,15.75,14.25],"texture":"#4"},"south":{"rotation":90,"uv":[16,15.75,15.75,16],"texture":"#4"}}},{"to":[20.525,9.32954,8.425],"rotation":{"origin":[20.675,9.245,8],"angle":45,"axis":"x"},"from":[19.6,9.16046,8.325],"faces":{"west":{"rotation":90,"uv":[9.5,10,9.25,10.5],"texture":"#4"},"east":{"rotation":90,"uv":[1,9.25,0.75,9.5],"texture":"#4"},"north":{"rotation":90,"uv":[1.25,9.25,1,9.5],"texture":"#4"},"south":{"rotation":90,"uv":[0.25,12.75,0,14.25],"texture":"#5"}}},{"to":[21.75,9.32954,8.425],"rotation":{"origin":[22.475,9.245,8],"angle":45,"axis":"x"},"from":[21.45,9.16046,8.325],"faces":{"west":{"rotation":90,"uv":[1,9.25,0.75,9.5],"texture":"#4"},"east":{"rotation":90,"uv":[1.25,11,1,11.25],"texture":"#4"},"north":{"rotation":90,"uv":[1.25,9.25,1,9.5],"texture":"#4"},"south":{"rotation":90,"uv":[0,10.75,0.25,11.25],"texture":"#5"}}},{"to":[20.525,9.67,8.08454],"rotation":{"origin":[20.675,9.245,8],"angle":0,"axis":"y"},"from":[19.6,9.57,7.91546],"faces":{"down":{"rotation":90,"uv":[16,15.75,15.75,16],"texture":"#4"},"west":{"rotation":90,"uv":[8.25,12,8,12.25],"texture":"#4"},"east":{"rotation":90,"uv":[9,11.5,8.75,11.75],"texture":"#4"},"up":{"rotation":90,"uv":[16,12.75,15.75,14.25],"texture":"#3"}}},{"to":[21.75,9.67,8.08454],"rotation":{"origin":[22.475,9.245,8],"angle":0,"axis":"y"},"from":[21.45,9.57,7.91546],"faces":{"down":{"rotation":90,"uv":[16,15.75,15.75,16],"texture":"#4"},"west":{"rotation":90,"uv":[9,11.5,8.75,11.75],"texture":"#4"},"east":{"rotation":90,"uv":[8.25,12,8,12.25],"texture":"#4"},"up":{"rotation":270,"uv":[5.75,4.25,6,4.75],"texture":"#5"}}},{"to":[21.75,8.92,8.08454],"rotation":{"origin":[20.675,9.245,8],"angle":0,"axis":"y"},"from":[19.6,8.82,7.91546],"faces":{"down":{"rotation":270,"uv":[0.75,6.5,1,10],"texture":"#5"},"west":{"rotation":90,"uv":[9.5,10,9.25,10.5],"texture":"#4"},"east":{"rotation":90,"uv":[2.25,8,2,8.25],"texture":"#4"},"up":{"rotation":90,"uv":[5,11.25,4.75,11.5],"texture":"#4"}}},{"to":[21.75,9.32954,7.675],"rotation":{"origin":[20.675,9.245,8],"angle":0,"axis":"y"},"from":[19.6,9.16046,7.575],"faces":{"west":{"rotation":90,"uv":[9,11.5,8.75,11.75],"texture":"#4"},"east":{"rotation":90,"uv":[1,11.5,0.75,11.75],"texture":"#4"},"north":{"rotation":270,"uv":[0,10.75,0.25,14.25],"texture":"#4"},"up":{"rotation":90,"uv":[9.75,8.25,9.5,11.75],"texture":"#3"},"south":{"rotation":90,"uv":[1.75,8,1.5,8.25],"texture":"#4"}}},{"to":[21.75,9.32954,8.425],"rotation":{"origin":[20.675,9.245,8],"angle":0,"axis":"y"},"from":[19.6,9.16046,8.325],"faces":{"west":{"rotation":90,"uv":[9,11.5,8.75,11.75],"texture":"#4"},"east":{"rotation":90,"uv":[1,11.5,0.75,11.75],"texture":"#4"},"north":{"rotation":90,"uv":[1.75,8,1.5,8.25],"texture":"#4"},"up":{"rotation":90,"uv":[9.75,8.25,9.5,11.75],"texture":"#3"},"south":{"rotation":90,"uv":[0,10.75,0.25,14.25],"texture":"#4"}}},{"to":[19.6,9.37962,8.325],"rotation":{"origin":[19.15,9.245,8],"angle":-22.5,"axis":"x"},"from":[19,9.11038,7.675],"faces":{"west":{"rotation":90,"uv":[10,7.5,10.25,8],"texture":"#3"},"east":{"rotation":90,"uv":[2.5,8,2.25,8.25],"texture":"#4"},"north":{"rotation":180,"uv":[8.25,11.75,9.25,12.25],"texture":"#4"},"south":{"uv":[0.25,4.5,1.25,5],"texture":"#4"}}},{"to":[16.951,9.37962,8.325],"rotation":{"origin":[16.9,9.245,8],"angle":22.5,"axis":"x"},"from":[16.751,9.11038,7.675],"faces":{"west":{"rotation":180,"uv":[3.25,2.25,3.5,2.75],"texture":"#3"},"east":{"rotation":90,"uv":[10,7.5,10.25,8],"texture":"#3"},"north":{"uv":[6,4.75,6.5,5.25],"texture":"#3"},"south":{"uv":[6.25,5,6.5,5.5],"texture":"#3"}}},{"to":[16.95,9.57,8.13462],"rotation":{"origin":[16.9,9.245,8],"angle":-22.5,"axis":"x"},"from":[16.75,8.92,7.86538],"faces":{"down":{"uv":[8,7.75,8.25,8.25],"texture":"#3"},"west":{"uv":[10,7.5,10.25,8],"texture":"#3"},"east":{"uv":[10,7.5,10.25,8],"texture":"#3"},"up":{"rotation":180,"uv":[1.5,1.75,1,2.25],"texture":"#3"}}},{"to":[17.851,9.37962,8.325],"rotation":{"origin":[17.8,9.245,8],"angle":22.5,"axis":"x"},"from":[17.651,9.11038,7.675],"faces":{"west":{"rotation":180,"uv":[3.25,2.25,3.5,2.75],"texture":"#3"},"east":{"rotation":90,"uv":[10,7.5,10.25,8],"texture":"#3"},"north":{"uv":[6,4.75,6.5,5.25],"texture":"#3"},"south":{"uv":[8,5,8.25,5.5],"texture":"#3"}}},{"to":[17.85,9.57,8.13462],"rotation":{"origin":[17.8,9.245,8],"angle":-22.5,"axis":"x"},"from":[17.65,8.92,7.86538],"faces":{"down":{"uv":[8,7.75,8.25,8.25],"texture":"#3"},"west":{"uv":[10,7.5,10.25,8],"texture":"#3"},"east":{"uv":[10,7.5,10.25,8],"texture":"#3"},"up":{"rotation":180,"uv":[1.5,1.75,1,2.25],"texture":"#3"}}},{"to":[17.401,9.37962,8.325],"rotation":{"origin":[17.35,9.245,8],"angle":22.5,"axis":"x"},"from":[17.201,9.11038,7.675],"faces":{"west":{"rotation":180,"uv":[3.25,2.25,3.5,2.75],"texture":"#3"},"east":{"rotation":90,"uv":[10,7.5,10.25,8],"texture":"#3"},"north":{"uv":[6,4.75,6.5,5.25],"texture":"#3"},"south":{"uv":[6,5,6.25,5.5],"texture":"#3"}}},{"to":[17.4,9.57,8.13462],"rotation":{"origin":[17.35,9.245,8],"angle":-22.5,"axis":"x"},"from":[17.2,8.92,7.86538],"faces":{"down":{"uv":[8,7.75,8.25,8.25],"texture":"#3"},"west":{"uv":[10,7.5,10.25,8],"texture":"#3"},"east":{"uv":[10,7.5,10.25,8],"texture":"#3"},"up":{"rotation":180,"uv":[1.5,1.75,1,2.25],"texture":"#3"}}},{"to":[18.751,9.37962,8.325],"rotation":{"origin":[18.7,9.245,8],"angle":22.5,"axis":"x"},"from":[18.551,9.11038,7.675],"faces":{"west":{"rotation":180,"uv":[3.25,2.25,3.5,2.75],"texture":"#3"},"east":{"rotation":90,"uv":[10,7.5,10.25,8],"texture":"#3"},"north":{"uv":[6,4.75,6.5,5.25],"texture":"#3"},"south":{"uv":[4.75,5,5,5.5],"texture":"#3"}}},{"to":[18.75,9.57,8.13462],"rotation":{"origin":[18.7,9.245,8],"angle":-22.5,"axis":"x"},"from":[18.55,8.92,7.86538],"faces":{"down":{"uv":[8,7.75,8.25,8.25],"texture":"#3"},"west":{"uv":[10,7.5,10.25,8],"texture":"#3"},"east":{"uv":[10,7.5,10.25,8],"texture":"#3"},"up":{"rotation":180,"uv":[1.5,1.75,1,2.25],"texture":"#3"}}},{"to":[18.301,9.37962,8.325],"rotation":{"origin":[18.25,9.245,8],"angle":22.5,"axis":"x"},"from":[18.101,9.11038,7.675],"faces":{"west":{"rotation":180,"uv":[3.25,2.25,3.5,2.75],"texture":"#3"},"east":{"rotation":90,"uv":[10,7.5,10.25,8],"texture":"#3"},"north":{"uv":[6,4.75,6.5,5.25],"texture":"#3"},"south":{"uv":[6.25,5,6.5,5.5],"texture":"#3"}}},{"to":[18.3,9.57,8.13462],"rotation":{"origin":[18.25,9.245,8],"angle":-22.5,"axis":"x"},"from":[18.1,8.92,7.86538],"faces":{"down":{"uv":[8,7.75,8.25,8.25],"texture":"#3"},"west":{"uv":[10,7.5,10.25,8],"texture":"#3"},"east":{"uv":[10,7.5,10.25,8],"texture":"#3"},"up":{"rotation":180,"uv":[1.5,1.75,1,2.25],"texture":"#3"}}},{"to":[19.6,9.37962,8.325],"rotation":{"origin":[19.15,9.245,8],"angle":22.5,"axis":"x"},"from":[19,9.11038,7.675],"faces":{"west":{"rotation":180,"uv":[3.25,2.25,3.5,2.75],"texture":"#3"},"east":{"rotation":90,"uv":[2.5,8,2.25,8.25],"texture":"#4"},"north":{"uv":[0,4.5,1,5],"texture":"#4"},"south":{"rotation":180,"uv":[7,11.75,8,12.25],"texture":"#4"}}},{"to":[19.6,9.57,8.13462],"rotation":{"origin":[19.15,9.245,8],"angle":-22.5,"axis":"x"},"from":[19,8.92,7.86538],"faces":{"down":{"uv":[8,7.5,9,8],"texture":"#4"},"west":{"uv":[10,7.5,10.25,8],"texture":"#3"},"east":{"rotation":90,"uv":[2.5,8,2.25,8.25],"texture":"#4"},"up":{"rotation":180,"uv":[1.75,4.25,2.75,4.75],"texture":"#4"}}},{"to":[19,9.2997,8.275],"rotation":{"origin":[17.75,9.245,8],"angle":0,"axis":"y"},"from":[16.5,9.1903,7.725],"faces":{"north":{"rotation":180,"uv":[4.75,11.75,8.75,12],"texture":"#4"},"south":{"rotation":180,"uv":[6.25,12,10.25,12.25],"texture":"#4"}}},{"to":[19,9.52,8.0547],"rotation":{"origin":[17.75,9.245,8],"angle":45,"axis":"x"},"from":[16.5,8.97,7.9453],"faces":{"down":{"rotation":180,"uv":[6,11.25,10,11.5],"texture":"#4"},"up":{"rotation":180,"uv":[4.5,4.75,8.5,5],"texture":"#4"}}},{"to":[19,9.52,8.0547],"rotation":{"origin":[17.75,9.245,8],"angle":-45,"axis":"x"},"from":[16.5,8.97,7.9453],"faces":{"down":{"rotation":180,"uv":[5.75,11.5,9.75,11.75],"texture":"#4"},"up":{"rotation":180,"uv":[5.5,4.75,9.5,5],"texture":"#4"}}},{"to":[19,9.52,8.0547],"rotation":{"origin":[17.75,9.245,8],"angle":22.5,"axis":"x"},"from":[16.5,8.97,7.9453],"faces":{"down":{"rotation":180,"uv":[6,8,10,8.25],"texture":"#4"},"up":{"rotation":180,"uv":[5.5,4.5,9.5,4.75],"texture":"#4"}}},{"to":[19,9.2997,8.275],"rotation":{"origin":[17.75,9.245,8],"angle":22.5,"axis":"x"},"from":[16.5,9.1903,7.725],"faces":{"north":{"rotation":180,"uv":[4.75,12.25,8.75,12.5],"texture":"#4"},"south":{"rotation":180,"uv":[6,11.75,10,12],"texture":"#4"}}},{"to":[19,9.2997,8.275],"rotation":{"origin":[17.75,9.245,8],"angle":-22.5,"axis":"x"},"from":[16.5,9.1903,7.725],"faces":{"north":{"rotation":180,"uv":[5.75,11.5,9.75,11.75],"texture":"#4"},"south":{"rotation":180,"uv":[3.75,12,7.75,12.25],"texture":"#4"}}},{"to":[19,9.52,8.0547],"rotation":{"origin":[17.75,9.245,8],"angle":-22.5,"axis":"x"},"from":[16.5,8.97,7.9453],"faces":{"down":{"rotation":180,"uv":[6,8,10,8.25],"texture":"#4"},"up":{"rotation":180,"uv":[5.25,4.5,9.25,4.75],"texture":"#4"}}},{"to":[16.05,9.87,8.25888],"rotation":{"origin":[15.41764,9.245,8],"angle":0,"axis":"y"},"from":[15.15,8.62,7.74112],"faces":{"down":{"uv":[15.75,15.75,16,16],"texture":"#4"},"east":{"rotation":180,"uv":[2.25,11.5,3,12.25],"texture":"#4"},"up":{"rotation":180,"uv":[3.25,4.25,4.25,5],"texture":"#4"}}},{"to":[16.05,9.50388,8.625],"rotation":{"origin":[15.41764,9.245,8],"angle":0,"axis":"y"},"from":[15.15,8.98612,7.375],"faces":{"east":{"rotation":180,"uv":[2.25,11.5,3.25,12.25],"texture":"#4"},"north":{"uv":[5.5,5,6.5,5.75],"texture":"#4"},"south":{"uv":[5.5,4.75,6.5,5.5],"texture":"#4"}}},{"to":[16.049,9.87,8.25888],"rotation":{"origin":[15.41764,9.245,8],"angle":45,"axis":"x"},"from":[15.15,8.62,7.74112],"faces":{"down":{"uv":[5.25,8,6.25,8.75],"texture":"#4"},"east":{"rotation":180,"uv":[10.75,11.5,11.5,12.5],"texture":"#4"},"up":{"uv":[5.5,4.25,6.5,5],"texture":"#4"}}},{"to":[16.049,9.87,8.25888],"rotation":{"origin":[15.41764,9.245,8],"angle":-45,"axis":"x"},"from":[15.15,8.62,7.74112],"faces":{"down":{"rotation":180,"uv":[5.25,8,6.25,8.75],"texture":"#4"},"east":{"rotation":180,"uv":[10.75,11.5,11.5,12.5],"texture":"#4"},"up":{"uv":[1.5,11.75,2.5,12.5],"texture":"#4"}}},{"to":[16.5,9.42104,8.425],"rotation":{"origin":[15.64264,9.245,8],"angle":0,"axis":"y"},"from":[14.7,9.06896,7.575],"faces":{"east":{"rotation":180,"uv":[2.25,11.5,3.25,12.25],"texture":"#4"},"north":{"uv":[5.5,5,6.5,5.5],"texture":"#4"},"south":{"uv":[5.5,5,6.5,5.5],"texture":"#4"}}},{"to":[16.5,9.67,8.17604],"rotation":{"origin":[15.64264,9.245,8],"angle":45,"axis":"x"},"from":[14.7,8.82,7.82396],"faces":{"down":{"uv":[5.25,8,6.25,8.5],"texture":"#4"},"east":{"rotation":180,"uv":[10.75,11.5,11.5,12.5],"texture":"#4"},"up":{"uv":[5.5,4.5,6.5,5],"texture":"#4"}}},{"to":[16.5,9.67,8.17604],"rotation":{"origin":[15.64264,9.245,8],"angle":-45,"axis":"x"},"from":[14.7,8.82,7.82396],"faces":{"down":{"rotation":180,"uv":[5.25,8.25,6.25,8.75],"texture":"#4"},"east":{"rotation":180,"uv":[10.75,11.5,11.5,12.5],"texture":"#4"},"up":{"uv":[1.5,11.75,2.5,12.25],"texture":"#4"}}},{"to":[9.17584,10.72061,8.2],"rotation":{"origin":[7.49954,10.25994,7.9236],"angle":0,"axis":"y"},"from":[8.225,10.27904,7.8],"faces":{"west":{"rotation":180,"uv":[4,2.5,5,3.5],"texture":"#0"},"east":{"rotation":180,"uv":[5,3,6,4],"texture":"#0"},"north":{"uv":[11,0,9,1],"texture":"#0"},"up":{"uv":[9,1.5,11,2.5],"texture":"#0"},"south":{"uv":[9,0,11,1],"texture":"#0"}}},{"to":[8.56629,11.02286,8.1495],"rotation":{"origin":[8.15056,10.20994,8.10668],"angle":45,"axis":"z"},"from":[8.27416,10.40095,7.8505],"faces":{"east":{"uv":[4.5,11.25,5,12.25],"texture":"#5"},"north":{"rotation":90,"uv":[4.5,11.75,5.5,12.25],"texture":"#5"},"south":{"rotation":270,"uv":[4.5,11.75,5.5,12.25],"texture":"#5"}}},{"to":[7.88202,11.20994,8.14975],"rotation":{"origin":[7.46629,10.20994,8.10643],"angle":0,"axis":"y"},"from":[7.53989,10.72904,7.85025],"faces":{"west":{"rotation":180,"uv":[4.75,12,5,12.5],"texture":"#5"},"east":{"uv":[8.25,10,8.5,10.5],"texture":"#4"},"north":{"rotation":180,"uv":[4.5,11.75,5,12.25],"texture":"#5"},"south":{"rotation":180,"uv":[4.5,11.75,5,12.25],"texture":"#5"}}},{"to":[8.22845,11.02458,8.15],"rotation":{"origin":[7.31272,10.54144,8.10618],"angle":-22.5,"axis":"z"},"from":[7.43631,10.63245,7.85],"faces":{"down":{"rotation":180,"uv":[15.75,15.75,16,16],"texture":"#4"},"west":{"uv":[4.75,12,5,12.5],"texture":"#5"},"north":{"rotation":180,"uv":[4.5,11.5,5.5,12],"texture":"#5"},"south":{"rotation":180,"uv":[4.5,11.5,5.5,12],"texture":"#5"}}},{"to":[7.88202,11.52454,8.15],"rotation":{"origin":[7.41629,10.20994,8.10618],"angle":0,"axis":"y"},"from":[7.67472,11.18746,7.85],"faces":{"east":{"uv":[9,8,9.25,8.5],"texture":"#4"},"north":{"rotation":180,"uv":[4.5,12,4.75,12.25],"texture":"#5"},"south":{"rotation":180,"uv":[4.5,12,4.75,12.25],"texture":"#5"}}},{"to":[7.36354,11.77408,8.15],"rotation":{"origin":[6.94781,10.39711,8.10618],"angle":-22.5,"axis":"z"},"from":[7.18376,11.37464,7.85],"faces":{"west":{"rotation":180,"uv":[8.5,12,8.75,12.5],"texture":"#5"},"north":{"rotation":180,"uv":[4.5,12,4.75,12.25],"texture":"#5"},"south":{"rotation":180,"uv":[4.5,12,4.75,12.25],"texture":"#5"}}},{"to":[7.99619,11.69871,8.15],"rotation":{"origin":[7.86754,11.64253,8.14006],"angle":-45,"axis":"z"},"from":[7.78888,11.47399,7.85],"faces":{"west":{"rotation":180,"uv":[8.5,12,8.75,12.25],"texture":"#5"},"east":{"rotation":180,"uv":[9,8,9.25,8.25],"texture":"#4"},"north":{"rotation":180,"uv":[4.5,12,4.75,12.25],"texture":"#5"},"south":{"rotation":180,"uv":[4.5,12,4.75,12.25],"texture":"#5"}}},{"to":[8.25256,11.80912,8.15],"rotation":{"origin":[8.04132,11.72036,8.14006],"angle":22.5,"axis":"z"},"from":[7.87279,11.60912,7.85],"faces":{"down":{"rotation":180,"uv":[15.75,15.75,16,16],"texture":"#4"},"east":{"rotation":180,"uv":[9,8,9.25,8.25],"texture":"#4"},"north":{"rotation":180,"uv":[4.5,12,4.75,12.25],"texture":"#5"},"up":{"rotation":180,"uv":[7.75,5,8,5.25],"texture":"#5"},"south":{"rotation":180,"uv":[4.5,12,4.75,12.25],"texture":"#5"}}},{"to":[-0.162,8.59693,8.752],"rotation":{"origin":[-0.56209,8.19693,8.09117],"angle":0,"axis":"y"},"from":[-0.962,7.79693,7.248],"faces":{"north":{"uv":[0,13.5,2.5,16],"texture":"#0"},"south":{"uv":[0,13.5,2.5,16],"texture":"#0"}}},{"to":[2.188,10.94693,8.652],"rotation":{"origin":[1.78791,10.54693,8.14117],"angle":0,"axis":"y"},"from":[1.388,10.14693,7.348],"faces":{"north":{"uv":[2.5,13.5,0,16],"texture":"#0"},"south":{"uv":[0,13.5,2.5,16],"texture":"#0"}}},{"to":[14.35518,10.64142,9.33928],"rotation":{"origin":[14.10665,10.04142,9.09464],"angle":0,"axis":"y"},"from":[13.85812,9.44142,8.8],"faces":{"down":{"uv":[0.5,5,0,5.5],"texture":"#5"},"north":{"rotation":270,"uv":[1.25,9.5,1,9.25],"texture":"#3"},"up":{"uv":[4,4.5,3.5,4],"texture":"#4"},"south":{"uv":[7,4.5,6.5,5.75],"texture":"#3"}}},{"to":[14.35518,10.64142,7.2],"rotation":{"origin":[14.10665,10.04142,6.90536],"angle":0,"axis":"y"},"from":[13.85812,9.44142,6.66072],"faces":{"down":{"rotation":180,"uv":[0.5,5,0,5.5],"texture":"#5"},"north":{"uv":[7,4.5,6.5,5.75],"texture":"#3"},"up":{"rotation":180,"uv":[4,4.5,3.5,4],"texture":"#4"},"south":{"rotation":270,"uv":[1.25,9.5,1,9.25],"texture":"#3"}}},{"to":[14.10665,10.59199,9.33828],"rotation":{"origin":[13.85812,9.99199,9.09464],"angle":22.5,"axis":"z"},"from":[13.1596,10.19199,8.799],"faces":{"north":{"rotation":270,"uv":[1.25,9.5,1,9.25],"texture":"#3"},"up":{"rotation":270,"uv":[0.5,5.25,0,4.25],"texture":"#4"},"south":{"rotation":180,"uv":[2,6.75,0.75,7.25],"texture":"#3"}}},{"to":[14.10665,10.59199,7.20028],"rotation":{"origin":[13.85812,9.99199,6.90536],"angle":22.5,"axis":"z"},"from":[13.1596,10.19199,6.661],"faces":{"north":{"rotation":180,"uv":[2,6.75,0.75,7.25],"texture":"#3"},"up":{"rotation":270,"uv":[0,5.25,0.5,4.25],"texture":"#4"},"south":{"rotation":270,"uv":[1.25,9.5,1,9.25],"texture":"#3"}}},{"to":[14.35518,9.74142,9.3392],"rotation":{"origin":[14.10665,10.04142,9.10544],"angle":45,"axis":"z"},"from":[13.85812,9.44142,6.6608],"faces":{"down":{"rotation":180,"uv":[5.5,4.75,5,7.25],"texture":"#5"},"north":{"rotation":90,"uv":[2.25,6,2,6.5],"texture":"#3"},"south":{"rotation":270,"uv":[2.25,6,2,6.5],"texture":"#3"}}},{"to":[14.12188,9.96739,9.3392],"rotation":{"origin":[13.67335,10.16739,9.10544],"angle":-22.5,"axis":"z"},"from":[13.17482,9.56739,6.6608],"faces":{"down":{"rotation":180,"uv":[6.25,4.75,5,7.25],"texture":"#5"},"north":{"rotation":180,"uv":[2,6,0.75,6.5],"texture":"#3"},"south":{"rotation":180,"uv":[2,6,0.75,6.5],"texture":"#3"}}},{"to":[14.70665,10.28995,9.33828],"rotation":{"origin":[14.10665,10.04142,9.09464],"angle":45,"axis":"z"},"from":[13.90665,9.79289,8.799],"faces":{"east":{"rotation":90,"uv":[4.75,4.75,4.25,4.25],"texture":"#4"},"north":{"rotation":270,"uv":[1.25,9.5,1,9.25],"texture":"#3"},"south":{"rotation":90,"uv":[6.75,4.75,6.25,5.75],"texture":"#3"}}},{"to":[14.70665,10.28995,7.20028],"rotation":{"origin":[14.10665,10.04142,6.90536],"angle":45,"axis":"z"},"from":[13.90665,9.79289,6.661],"faces":{"east":{"rotation":90,"uv":[4.75,4.25,4.25,4.75],"texture":"#4"},"north":{"rotation":270,"uv":[6.75,4.75,6.25,5.75],"texture":"#3"},"south":{"rotation":270,"uv":[1.25,9.5,1,9.25],"texture":"#3"}}},{"to":[12.10665,10.33995,9.38928],"rotation":{"origin":[13.40665,10,9.15562],"angle":0,"axis":"y"},"from":[11.50665,9.74289,8.75],"faces":{"north":{"rotation":180,"uv":[0.5,7,0,7.5],"texture":"#5"},"west":{"uv":[2.5,7.75,1.75,8.5],"texture":"#3"},"up":{"rotation":180,"uv":[1.5,7,0.75,7.75],"texture":"#3"},"down":{"rotation":180,"uv":[2.5,7.75,1.75,8.5],"texture":"#3"},"east":{"uv":[2.25,7.75,1.5,8.5],"texture":"#3"},"south":{"uv":[2.5,7.25,1.75,8],"texture":"#3"}}},{"to":[12.10665,10.33995,7.25],"rotation":{"origin":[13.40665,10,6.84438],"angle":0,"axis":"y"},"from":[11.50665,9.74289,6.61072],"faces":{"north":{"uv":[2.5,7.25,1.75,8],"texture":"#3"},"west":{"uv":[2.5,7.75,1.75,8.5],"texture":"#3"},"up":{"uv":[1.5,7,0.75,7.75],"texture":"#3"},"down":{"rotation":180,"uv":[2.5,7.75,1.75,8.5],"texture":"#3"},"east":{"uv":[2.25,7.75,1.5,8.5],"texture":"#3"},"south":{"rotation":180,"uv":[0.5,7,0,7.5],"texture":"#5"}}},{"to":[14.70665,10.28995,9.33928],"rotation":{"origin":[14.00665,10,9.15562],"angle":0,"axis":"y"},"from":[12.10665,9.79289,8.8],"faces":{"down":{"uv":[3,7.75,0.25,8.25],"texture":"#3"},"east":{"rotation":270,"uv":[1.5,12.5,2,12],"texture":"#4"},"north":{"rotation":270,"uv":[1.25,9.5,1,9.25],"texture":"#3"},"up":{"uv":[8.25,11.5,5.5,12],"texture":"#3"},"south":{"uv":[2.75,7.5,0,8],"texture":"#3"}}},{"to":[14.70665,10.28995,7.2],"rotation":{"origin":[14.00665,10,6.84438],"angle":0,"axis":"y"},"from":[12.10665,9.79289,6.66072],"faces":{"down":{"rotation":180,"uv":[3,7.75,0.25,8.25],"texture":"#3"},"east":{"rotation":90,"uv":[2,12.5,1.5,12],"texture":"#4"},"north":{"uv":[0,7.5,2.75,8],"texture":"#3"},"up":{"rotation":180,"uv":[8.25,11.5,5.5,12],"texture":"#3"},"south":{"rotation":270,"uv":[1.25,9.5,1,9.25],"texture":"#3"}}},{"to":[14.35,10.3,9.55],"rotation":{"origin":[6.60014,10.13988,9.13228],"angle":0,"axis":"y"},"from":[13.85,9.8,6.45],"faces":{"north":{"rotation":270,"uv":[8.25,0.25,8.75,0.75],"texture":"#3"},"west":{"rotation":180,"uv":[7,2.25,7.25,2.75],"texture":"#4"},"up":{"rotation":90,"uv":[3,4.25,3.25,4.75],"texture":"#4"},"down":{"rotation":180,"uv":[5.25,5.5,5.5,6],"texture":"#4"},"east":{"rotation":180,"uv":[7,2.25,7.25,2.75],"texture":"#4"},"south":{"uv":[8.25,2,8.75,2.5],"texture":"#3"}}},{"to":[15.65,11.7,8.725],"rotation":{"origin":[7.95014,11.58988,9.13228],"angle":0,"axis":"y"},"from":[15.25,11.3,7.275],"faces":{"north":{"rotation":270,"uv":[8.25,2,8.75,2.5],"texture":"#5"},"west":{"rotation":90,"uv":[0,7.5,0.5,8],"texture":"#4"},"up":{"rotation":90,"uv":[0.25,7.25,2.25,7.75],"texture":"#4"},"down":{"rotation":90,"uv":[0,7.75,0.5,8.25],"texture":"#4"},"east":{"uv":[0,7.5,2,8],"texture":"#4"},"south":{"uv":[8.25,2,8.75,2.5],"texture":"#5"}}},{"to":[2.34999,10.65,9.04464],"rotation":{"origin":[3.95478,10,9.09464],"angle":-22.5,"axis":"x"},"from":[1.85,9.35,8.84464],"faces":{"down":{"rotation":90,"uv":[3,8,2.75,8.5],"texture":"#4"},"west":{"rotation":180,"uv":[2.25,8,2,9.25],"texture":"#4"},"north":{"rotation":90,"uv":[4,8,2.75,8.25],"texture":"#4"},"up":{"rotation":90,"uv":[2.5,11.75,2.25,12.25],"texture":"#4"},"south":{"rotation":90,"uv":[3.5,11.25,2.25,11.75],"texture":"#4"}}},{"to":[2.34999,10.65,7.15536],"rotation":{"origin":[3.95478,10,6.90536],"angle":22.5,"axis":"x"},"from":[1.85,9.35,6.95536],"faces":{"down":{"rotation":90,"uv":[2.75,8,3,8.5],"texture":"#4"},"west":{"rotation":180,"uv":[2,8,2.25,9.25],"texture":"#4"},"north":{"rotation":90,"uv":[3.5,11.75,2.25,11.25],"texture":"#4"},"up":{"rotation":90,"uv":[2.25,11.75,2.5,12.25],"texture":"#4"},"south":{"rotation":90,"uv":[4,8.25,2.75,8],"texture":"#4"}}},{"to":[2.64999,10.85,9.34464],"rotation":{"origin":[4.25478,10,9.09464],"angle":-22.5,"axis":"x"},"from":[2.35,9.15,8.84464],"faces":{"north":{"rotation":90,"uv":[5,8,3.5,8.25],"texture":"#4"},"west":{"rotation":180,"uv":[3.5,11.25,3,12.75],"texture":"#5"},"up":{"uv":[2,11.75,1.75,12.25],"texture":"#4"},"down":{"rotation":180,"uv":[3,11,2.75,11.5],"texture":"#5"},"east":{"rotation":180,"uv":[3.5,11.25,3,12.75],"texture":"#5"},"south":{"rotation":90,"uv":[1.75,11.75,0.25,12],"texture":"#4"}}},{"to":[2.64999,10.85,7.15536],"rotation":{"origin":[4.25478,10,6.90536],"angle":22.5,"axis":"x"},"from":[2.35,9.15,6.65536],"faces":{"north":{"rotation":90,"uv":[1.75,12,0.25,11.75],"texture":"#4"},"west":{"rotation":180,"uv":[3,11.25,3.5,12.75],"texture":"#5"},"up":{"uv":[2,12.25,1.75,11.75],"texture":"#4"},"down":{"rotation":180,"uv":[3,11.5,2.75,11],"texture":"#5"},"east":{"rotation":180,"uv":[3,11.25,3.5,12.75],"texture":"#5"},"south":{"rotation":90,"uv":[5,8.25,3.5,8],"texture":"#4"}}},{"to":[3.19999,10.25,9.34464],"rotation":{"origin":[4.10478,10,9.09464],"angle":-22.5,"axis":"x"},"from":[2.65,9.75,8.84464],"faces":{"down":{"rotation":180,"uv":[2,11.25,1.5,11.75],"texture":"#5"},"east":{"rotation":180,"uv":[1.75,10.25,1.25,10.75],"texture":"#5"},"north":{"rotation":180,"uv":[2,10,1.5,10.5],"texture":"#5"},"up":{"uv":[2.25,12.5,1.75,13],"texture":"#5"},"south":{"rotation":180,"uv":[1.5,12.25,1,12.75],"texture":"#5"}}},{"to":[3.19999,10.25,7.15536],"rotation":{"origin":[4.10478,10,6.90536],"angle":22.5,"axis":"x"},"from":[2.65,9.75,6.65536],"faces":{"down":{"rotation":180,"uv":[2,11.75,1.5,11.25],"texture":"#5"},"east":{"rotation":180,"uv":[1.25,10.25,1.75,10.75],"texture":"#5"},"north":{"rotation":180,"uv":[1,12.25,1.5,12.75],"texture":"#5"},"up":{"uv":[2.25,13,1.75,12.5],"texture":"#5"},"south":{"rotation":180,"uv":[1.5,10,2,10.5],"texture":"#5"}}},{"to":[11.52144,10.2,9.29464],"rotation":{"origin":[4.20478,10,9.09464],"angle":-22.5,"axis":"x"},"from":[2.62145,9.8,8.89464],"faces":{"down":{"uv":[0,5,8.75,5.5],"texture":"#4"},"north":{"uv":[0,5.75,8.75,6.25],"texture":"#4"},"up":{"rotation":180,"uv":[0,4.75,8.75,5.25],"texture":"#4"},"south":{"uv":[0,2,8.75,2.5],"texture":"#4"}}},{"to":[11.52144,10.2,7.10536],"rotation":{"origin":[4.20478,10,6.90536],"angle":22.5,"axis":"x"},"from":[2.62145,9.8,6.70536],"faces":{"down":{"rotation":180,"uv":[0,5,8.75,5.5],"texture":"#4"},"north":{"uv":[0,2,8.75,2.5],"texture":"#4"},"up":{"uv":[0,4.75,8.75,5.25],"texture":"#4"},"south":{"uv":[0,5.75,8.75,6.25],"texture":"#4"}}},{"to":[11.35,11.18628,8.3],"rotation":{"origin":[10.88437,10.35673,7.88255],"angle":0,"axis":"y"},"from":[10.55,10.33673,7.7],"faces":{"west":{"uv":[0.75,7,0,8],"texture":"#4"},"east":{"uv":[1.75,7.75,1,8.5],"texture":"#4"},"north":{"uv":[1,7.5,0,8.5],"texture":"#4"},"up":{"rotation":90,"uv":[0.75,6.75,0,7.75],"texture":"#4"},"south":{"uv":[0,7.5,1,8.5],"texture":"#4"}}},{"to":[14.1,11.06381,8.2],"rotation":{"origin":[10.93437,10.70673,8.02244],"angle":0,"axis":"y"},"from":[10.9,10.73898,7.8],"faces":{"down":{"uv":[1.75,8,1,8.25],"texture":"#4"},"east":{"uv":[1.75,8,1,8.25],"texture":"#4"},"north":{"uv":[6.5,7.5,1.75,8],"texture":"#4"},"up":{"uv":[5.5,12.25,0.75,12.75],"texture":"#5"},"south":{"uv":[6.5,7.5,1.75,8],"texture":"#4"}}},{"to":[-1.04705,3.43792,8.4995],"rotation":{"origin":[-2.225,2.95,8.02129],"angle":22.5,"axis":"z"},"from":[-3.40295,2.46208,7.5005],"faces":{"down":{"rotation":180,"uv":[0.75,8.25,4.25,9.5],"texture":"#4"},"north":{"uv":[15,11,1,16],"texture":"#1"},"south":{"uv":[1,11,15,16],"texture":"#1"}}},{"to":[-3.12656,2.95,8.499],"rotation":{"origin":[-2.32205,2.53636,8.02179],"angle":0,"axis":"y"},"from":[-3.55,2.04844,7.501],"faces":{"down":{"rotation":180,"uv":[0.75,8.25,1.25,9.5],"texture":"#4"},"west":{"rotation":270,"uv":[14.75,11.75,16,13],"texture":"#4"},"north":{"uv":[3,11,5,16],"texture":"#1"},"south":{"uv":[3,11,5,16],"texture":"#1"}}},{"to":[-0.95,5.45,8.5],"rotation":{"origin":[-1.66845,7.56463,7.92079],"angle":0,"axis":"y"},"from":[-3.55,2.95,7.5],"faces":{"west":{"rotation":270,"uv":[11,11.75,14.25,13],"texture":"#4"},"east":{"rotation":90,"uv":[3.5,11.75,6.75,13],"texture":"#5"},"north":{"uv":[15,3,1,16],"texture":"#1"},"south":{"uv":[1,3,15,16],"texture":"#1"}}},{"to":[-0.95,7.25,8.5],"rotation":{"origin":[-1.66845,7.56463,7.92079],"angle":0,"axis":"y"},"from":[-3.55,5.45,7.5],"faces":{"west":{"rotation":270,"uv":[2.75,11.75,0.25,13],"texture":"#4"},"east":{"rotation":90,"uv":[3.5,11.75,6,13],"texture":"#5"},"north":{"uv":[15,0,1,10],"texture":"#1"},"south":{"uv":[1,0,15,10],"texture":"#1"}}},{"to":[14.25337,12.25,8.65],"rotation":{"origin":[21.72809,9.73746,7.98596],"angle":0,"axis":"y"},"from":[2.35,12.05,7.35],"faces":{"down":{"rotation":180,"uv":[15.5,7.5,0.75,8.5],"texture":"#5"},"up":{"rotation":180,"uv":[13.5,6.5,0.5,8],"texture":"#5"}}},{"to":[15.6,12.68836,8.075],"rotation":{"origin":[15.5,12.46836,7.975],"angle":0,"axis":"y"},"from":[15.4,12.21836,7.925],"faces":{"west":{"rotation":180,"uv":[1,11.25,0.75,12],"texture":"#4"},"east":{"uv":[1,12,0.75,12.75],"texture":"#4"},"north":{"uv":[1,12,0.75,12.75],"texture":"#4"},"up":{"uv":[3.25,12.5,2.75,12.75],"texture":"#4"},"south":{"uv":[1,12,0.75,12.75],"texture":"#4"}}},{"to":[15.5995,12.56445,8.13034],"rotation":{"origin":[15.5,12.36445,8.08034],"angle":-22.5,"axis":"x"},"from":[15.4005,12.16445,8.01034],"faces":{"west":{"rotation":180,"uv":[1,11.5,0.75,12],"texture":"#4"},"east":{"uv":[1,12.25,0.75,12.75],"texture":"#4"},"south":{"uv":[3.5,11.75,3.25,12.25],"texture":"#4"}}},{"to":[15.5995,12.56445,7.98966],"rotation":{"origin":[15.5,12.36445,7.91966],"angle":22.5,"axis":"x"},"from":[15.4005,12.16445,7.86966],"faces":{"west":{"rotation":180,"uv":[1,11.5,0.75,12],"texture":"#4"},"east":{"uv":[1,12.25,0.75,12.75],"texture":"#4"},"north":{"uv":[3.5,11.75,3.25,12.25],"texture":"#4"}}}],"display":{"thirdperson_righthand":{"rotation":[0,90,0],"scale":[0.65,0.65,0.65],"translation":[0.0,-0.25,-0.75]},"head":{"scale":[1.3,1.3,1.3]},"thirdperson_lefthand":{"rotation":[0,-90,-168],"scale":[0.65,0.65,0.65],"translation":[-1.5,-4,9]},"gui":{"rotation":[0,0,45],"scale":[0.65,0.65,0.65],"translation":[1.75,1.75,0]},"firstperson_lefthand":{"scale":[0,0,0]},"firstperson_righthand":{"rotation":[0,90,0],"scale":[1.3,1.3,1.3],"translation":[-8.960149253731343,2.307649253731342,-3.0]},"fixed":{"rotation":[0,-180,0],"scale":[1.3,1.3,1.3],"translation":[-5,0,-2.25]},"ground":{"translation":[0,1.5,0],"scale":[0.65,0.65,0.65]}},"credit":"thebradqq's guns"}