{"textures":{"1":"mgs:gun/brass","2":"mgs:gun/copper","4":"mgs:gun/metal_bright","6":"mgs:gun/metal_dark"},"gui_light":"front","elements":[{"to":[2.4,21.1,10.451],"rotation":{"origin":[8,17.6,8],"angle":0,"axis":"y"},"from":[2.1,-8.3,5.549],"faces":{"west":{"rotation":90,"uv":[8,8.25,11.75,9.75],"texture":"#4"},"east":{"rotation":180,"uv":[0,15.5,0.5,16],"texture":"#6"},"up":{"rotation":90,"uv":[6,3.25,8,3.5],"texture":"#6"}}},{"to":[16.6,20.3,10.451],"rotation":{"origin":[8,17.6,8],"angle":0,"axis":"y"},"from":[16.3,-8.3,5.549],"faces":{"west":{"rotation":180,"uv":[0,15.5,0.5,16],"texture":"#6"},"east":{"rotation":90,"uv":[1.75,3.25,5.5,4.75],"texture":"#6"},"up":{"rotation":90,"uv":[6,3.25,8,3.5],"texture":"#6"}}},{"to":[16.3,22.3,5.751],"rotation":{"origin":[1.3,21.1,5.55],"angle":22.5,"axis":"x"},"from":[2.1,21.1,5.549],"faces":{"west":{"rotation":90,"uv":[8,9.25,10,9.5],"texture":"#4"},"east":{"rotation":90,"uv":[1.75,4.5,2.75,4.75],"texture":"#6"},"north":{"uv":[1,11.75,5.5,12.5],"texture":"#6"},"up":{"rotation":180,"uv":[6,3.25,12,3.5],"texture":"#6"},"south":{"uv":[1,11.5,1.5,12],"texture":"#6"}}},{"to":[16.3,22.3,10.451],"rotation":{"origin":[1.3,21.1,10.45],"angle":-22.5,"axis":"x"},"from":[2.1,21.1,10.249],"faces":{"west":{"rotation":90,"uv":[8,9.25,10,9.5],"texture":"#4"},"east":{"rotation":90,"uv":[1.75,4.5,2.75,4.75],"texture":"#6"},"north":{"uv":[1,11.5,1.5,12],"texture":"#6"},"up":{"rotation":180,"uv":[6,3.25,12,3.5],"texture":"#6"},"south":{"uv":[1,11.75,5.5,12.5],"texture":"#6"}}},{"to":[10.8,21.101,5.751],"rotation":{"origin":[8,17.6,8],"angle":0,"axis":"y"},"from":[2.1,-8.3,5.549],"faces":{"north":{"rotation":90,"uv":[0,13.25,3.75,16],"texture":"#6"},"south":{"rotation":180,"uv":[0,15.5,0.5,16],"texture":"#6"}}},{"to":[10.8,21.101,10.451],"rotation":{"origin":[8,17.6,8],"angle":0,"axis":"y"},"from":[2.1,-8.3,10.249],"faces":{"north":{"rotation":180,"uv":[0,15.5,0.5,16],"texture":"#6"},"south":{"rotation":90,"uv":[0,16,3.75,13.25],"texture":"#6"}}},{"to":[16.599,21.101,5.751],"rotation":{"origin":[8,17.6,8],"angle":0,"axis":"y"},"from":[10.8,-8.3,5.549],"faces":{"east":{"rotation":90,"uv":[1.75,4.5,5.5,4.75],"texture":"#6"},"north":{"rotation":90,"uv":[0,14.25,3.75,16],"texture":"#6"},"up":{"rotation":180,"uv":[6,3.25,8,3.5],"texture":"#6"},"south":{"rotation":180,"uv":[0,15.5,0.5,16],"texture":"#6"}}},{"to":[16.599,21.101,10.451],"rotation":{"origin":[8,17.6,8],"angle":0,"axis":"y"},"from":[10.8,-8.3,10.249],"faces":{"east":{"rotation":90,"uv":[1.75,4.5,5.5,4.75],"texture":"#6"},"north":{"rotation":180,"uv":[0,15.5,0.5,16],"texture":"#6"},"up":{"rotation":180,"uv":[6,3.25,8,3.5],"texture":"#6"},"south":{"rotation":90,"uv":[0,16,3.75,14.25],"texture":"#6"}}},{"to":[11.3575,22.445,7.54143],"rotation":{"origin":[8.01866,8,8],"angle":0,"axis":"y"},"from":[10.93,20.555,6.75857],"faces":{"down":{"uv":[6.25,7.75,6.75,8.5],"texture":"#1"},"east":{"uv":[9.5,7.25,10.25,8.25],"texture":"#1"},"up":{"rotation":180,"uv":[1.25,3.75,1.75,4.5],"texture":"#1"}}},{"to":[2.51509,21.61189,7.7125],"rotation":{"origin":[8.01866,8,8],"angle":0,"axis":"y"},"from":[2.42509,21.38811,6.5875],"faces":{"west":{"uv":[6.25,4.5,6.75,5],"texture":"#4"},"north":{"uv":[6.25,4.5,6.5,5],"texture":"#4"},"south":{"uv":[6.25,4.5,6.5,5],"texture":"#4"}}},{"to":[2.515,20.25898,2.61098],"rotation":{"origin":[8.01866,8,8],"angle":22.5,"axis":"x"},"from":[2.425,20.0352,1.48598],"faces":{"west":{"rotation":270,"uv":[9.25,4.5,9.75,5.25],"texture":"#4"},"north":{"uv":[7.25,4.25,7.5,4.75],"texture":"#4"},"south":{"uv":[6.25,5,6.5,5.5],"texture":"#4"}}},{"to":[2.515,20.90954,12.94343],"rotation":{"origin":[8.01866,8,8],"angle":-22.5,"axis":"x"},"from":[2.425,20.68577,11.81843],"faces":{"west":{"rotation":90,"uv":[9,4.5,9.5,5.25],"texture":"#4"},"north":{"uv":[6.25,5,6.5,5.5],"texture":"#4"},"south":{"uv":[7.25,4.25,7.5,4.75],"texture":"#4"}}},{"to":[2.51509,17.05679,-1.58448],"rotation":{"origin":[8.01866,8,8],"angle":45,"axis":"x"},"from":[2.42509,16.83301,-2.70948],"faces":{"west":{"rotation":270,"uv":[6.25,4.5,6.75,5.25],"texture":"#4"},"north":{"uv":[8.25,4.5,8.5,5],"texture":"#4"},"south":{"uv":[6,5.5,6.25,6],"texture":"#4"}}},{"to":[2.51509,18.25887,17.5074],"rotation":{"origin":[8.01866,8,8],"angle":-45,"axis":"x"},"from":[2.42509,18.03509,16.3824],"faces":{"west":{"rotation":90,"uv":[6.25,4.5,6.75,5.25],"texture":"#4"},"north":{"uv":[6,5.5,6.25,6],"texture":"#4"},"south":{"uv":[3.75,4,4,4.5],"texture":"#4"}}},{"to":[2.515,21.36015,12.49282],"rotation":{"origin":[8.01866,8,8],"angle":-22.5,"axis":"x"},"from":[2.425,20.23515,12.26904],"faces":{"down":{"rotation":180,"uv":[9,8,9.25,8.5],"texture":"#4"},"west":{"uv":[5.25,4.5,5.75,5.25],"texture":"#4"},"up":{"rotation":180,"uv":[7.25,4.25,7.5,4.75],"texture":"#4"}}},{"to":[2.515,20.70959,2.16036],"rotation":{"origin":[8.01866,8,8],"angle":22.5,"axis":"x"},"from":[2.425,19.58459,1.93659],"faces":{"down":{"uv":[9,8,9.25,8.5],"texture":"#4"},"west":{"uv":[5.25,4.5,5.75,5.25],"texture":"#4"},"up":{"uv":[3.25,4,3.5,4.5],"texture":"#4"}}},{"to":[2.51509,22.0625,7.26189],"rotation":{"origin":[8.01866,8,8],"angle":0,"axis":"y"},"from":[2.42509,20.9375,7.03811],"faces":{"down":{"uv":[9.5,8,9.75,8.25],"texture":"#4"},"west":{"uv":[6.25,4.5,6.75,5.25],"texture":"#4"},"up":{"uv":[3.25,4,3.5,4.5],"texture":"#4"}}},{"to":[10.93,21.27209,2.27225],"rotation":{"origin":[8.01866,8,8],"angle":22.5,"axis":"x"},"from":[3.1,19.02209,1.8247],"faces":{"down":{"rotation":180,"uv":[3,9,7,9.5],"texture":"#1"},"west":{"uv":[12.5,7.5,13,8],"texture":"#1"},"east":{"uv":[9.5,7.25,10.25,8.25],"texture":"#1"},"up":{"uv":[2,3.75,6,4.25],"texture":"#1"}}},{"to":[10.93,21.92265,12.6047],"rotation":{"origin":[8.01866,8,8],"angle":-22.5,"axis":"x"},"from":[3.1,19.67265,12.15715],"faces":{"down":{"rotation":180,"uv":[3.5,8,7.5,8.5],"texture":"#1"},"west":{"uv":[12.5,7.5,13,8],"texture":"#1"},"east":{"uv":[9.5,7.25,10.25,8.25],"texture":"#1"},"up":{"uv":[0,3.25,4,3.75],"texture":"#1"}}},{"to":[10.93,18.0699,-1.92321],"rotation":{"origin":[8.01866,8,8],"angle":45,"axis":"x"},"from":[3.1,15.8199,-2.37076],"faces":{"down":{"rotation":180,"uv":[5.75,5.5,9.75,6],"texture":"#1"},"west":{"uv":[12.5,7.5,13,8],"texture":"#1"},"east":{"uv":[9.5,7.25,10.25,8.25],"texture":"#1"},"up":{"uv":[5.25,4.25,9.25,4.75],"texture":"#1"}}},{"to":[10.93,19.27198,17.16868],"rotation":{"origin":[8.01866,8,8],"angle":-45,"axis":"x"},"from":[3.1,17.02198,16.72112],"faces":{"down":{"uv":[4.5,5.5,8.5,6],"texture":"#1"},"west":{"uv":[12.5,7.5,13,8],"texture":"#1"},"east":{"uv":[9.5,7.25,10.25,8.25],"texture":"#1"},"up":{"rotation":180,"uv":[1.25,4.25,5.25,4.75],"texture":"#1"}}},{"to":[10.93,21.02143,13.50593],"rotation":{"origin":[8.01866,8,8],"angle":-22.5,"axis":"x"},"from":[3.1,20.57388,11.25593],"faces":{"west":{"rotation":90,"uv":[12.5,7.5,13,8],"texture":"#1"},"east":{"uv":[9.5,7.25,10.25,7.75],"texture":"#1"},"north":{"uv":[6.25,5,10.25,5.5],"texture":"#1"},"south":{"uv":[5.25,4.75,9.25,5.25],"texture":"#1"}}},{"to":[10.93,20.37087,3.17348],"rotation":{"origin":[8.01866,8,8],"angle":22.5,"axis":"x"},"from":[3.1,19.92332,0.92348],"faces":{"west":{"rotation":270,"uv":[12.5,7.5,13,8],"texture":"#1"},"east":{"uv":[9.5,7.25,10.25,7.75],"texture":"#1"},"north":{"uv":[5.25,4.75,9.25,5.25],"texture":"#1"},"south":{"uv":[6.25,5,10.25,5.5],"texture":"#1"}}},{"to":[10.93,21.72378,8.275],"rotation":{"origin":[8.01866,8,8],"angle":0,"axis":"y"},"from":[3.1,21.27622,6.025],"faces":{"west":{"uv":[12.5,7.5,13,8],"texture":"#1"},"north":{"uv":[3,12.25,7,12.75],"texture":"#1"},"south":{"uv":[0,12,4,12.5],"texture":"#1"}}},{"to":[6.23664,22.62587,7.37378],"rotation":{"origin":[8.01866,8,8],"angle":-22.5,"axis":"z"},"from":[5.11164,21.72587,6.92622],"faces":{"north":{"rotation":180,"uv":[10.5,2.75,11,3.25],"texture":"#1"},"up":{"uv":[2,3.25,2.75,3.75],"texture":"#1"},"south":{"rotation":180,"uv":[10.5,2.75,11,3.25],"texture":"#1"}}},{"to":[16.5691,19.21889,7.37378],"rotation":{"origin":[8.01866,8,8],"angle":22.5,"axis":"z"},"from":[15.4441,18.31889,6.92622],"faces":{"down":{"rotation":180,"uv":[5.5,7.75,6.25,8.25],"texture":"#1"},"north":{"rotation":180,"uv":[7.5,8,7.75,8.25],"texture":"#1"},"south":{"rotation":180,"uv":[7.5,8,7.75,8.25],"texture":"#1"}}},{"to":[11.72815,21.72378,9.36819],"rotation":{"origin":[8.01866,8,8],"angle":22.5,"axis":"y"},"from":[10.60315,21.27622,8.46819],"faces":{"down":{"rotation":180,"uv":[4.5,12,5,12.5],"texture":"#1"},"up":{"rotation":180,"uv":[4.5,12,5,12.5],"texture":"#1"},"south":{"uv":[0,12,0.75,12.5],"texture":"#1"}}},{"to":[11.07759,21.72378,5.96121],"rotation":{"origin":[8.01866,8,8],"angle":-22.5,"axis":"y"},"from":[9.95259,21.27622,5.06121],"faces":{"down":{"rotation":180,"uv":[4.5,12,5,12.5],"texture":"#1"},"north":{"uv":[0,12,0.75,12.5],"texture":"#1"},"up":{"rotation":180,"uv":[4.5,12,5,12.5],"texture":"#1"}}},{"to":[10.93,22.625,7.37379],"rotation":{"origin":[8.01866,8,8],"angle":0,"axis":"y"},"from":[3.1,20.375,6.92622],"faces":{"down":{"rotation":180,"uv":[5.5,7.75,9.5,8.25],"texture":"#1"},"west":{"uv":[12.5,7.5,13,8],"texture":"#1"},"up":{"uv":[2,3.25,6,3.75],"texture":"#1"}}},{"to":[11.3575,19.09198,17.33633],"rotation":{"origin":[8.01866,8,8],"angle":-45,"axis":"x"},"from":[10.93,17.20198,16.55347],"faces":{"down":{"rotation":180,"uv":[2,5.75,2.5,6.5],"texture":"#1"},"east":{"uv":[9.5,7.25,10.25,8.25],"texture":"#1"},"up":{"rotation":180,"uv":[1.25,4.25,1.75,5],"texture":"#1"}}},{"to":[11.3575,17.8899,-1.75555],"rotation":{"origin":[8.01866,8,8],"angle":45,"axis":"x"},"from":[10.93,15.9999,-2.53841],"faces":{"down":{"uv":[2,5.75,2.5,6.5],"texture":"#1"},"east":{"uv":[9.5,7.25,10.25,8.25],"texture":"#1"},"up":{"uv":[1.25,4.25,1.75,5],"texture":"#1"}}},{"to":[11.3575,21.89143,8.095],"rotation":{"origin":[8.01866,8,8],"angle":0,"axis":"y"},"from":[10.93,21.10857,6.205],"faces":{"east":{"uv":[9.5,7.25,10.25,8.25],"texture":"#1"},"north":{"uv":[3,4.75,3.5,5.5],"texture":"#1"},"south":{"uv":[3,4.75,3.5,5.5],"texture":"#1"}}},{"to":[12.9775,22.2875,7.30664],"rotation":{"origin":[8.01866,8,8],"angle":0,"axis":"y"},"from":[11.1775,20.7125,6.99335],"faces":{"down":{"rotation":180,"uv":[7.25,8,8.25,8.25],"texture":"#1"},"east":{"uv":[5.25,10.5,5.75,11],"texture":"#1"},"up":{"rotation":180,"uv":[3.5,4,4.5,4.25],"texture":"#1"}}},{"to":[12.9775,20.93459,2.20512],"rotation":{"origin":[8.01866,8,8],"angle":22.5,"axis":"x"},"from":[11.1775,19.35959,1.89183],"faces":{"down":{"rotation":180,"uv":[5.25,7.75,6.25,8],"texture":"#1"},"east":{"uv":[5.25,10.5,5.75,11],"texture":"#1"},"up":{"rotation":180,"uv":[5.25,4.25,6.25,4.5],"texture":"#1"}}},{"to":[12.9775,21.58515,12.53757],"rotation":{"origin":[8.01866,8,8],"angle":-22.5,"axis":"x"},"from":[11.1775,20.01015,12.22428],"faces":{"down":{"rotation":180,"uv":[2.5,8.25,3.5,8.5],"texture":"#1"},"east":{"uv":[5.25,10.5,5.75,11],"texture":"#1"},"up":{"rotation":180,"uv":[4.75,4.25,5.75,4.5],"texture":"#1"}}},{"to":[12.9775,17.7324,-1.99034],"rotation":{"origin":[8.01866,8,8],"angle":45,"axis":"x"},"from":[11.1775,16.1574,-2.30363],"faces":{"down":{"rotation":180,"uv":[4.75,5.5,5.75,5.75],"texture":"#1"},"east":{"uv":[5.25,10.5,5.75,11],"texture":"#1"},"up":{"rotation":180,"uv":[6.75,4.5,7.75,4.75],"texture":"#1"}}},{"to":[12.9775,18.93448,17.10155],"rotation":{"origin":[8.01866,8,8],"angle":-45,"axis":"x"},"from":[11.1775,17.35948,16.78826],"faces":{"down":{"rotation":180,"uv":[4.25,5.75,5.25,6],"texture":"#1"},"east":{"uv":[5.25,10.5,5.75,11],"texture":"#1"},"up":{"rotation":180,"uv":[1.25,4.25,2.25,4.5],"texture":"#1"}}},{"to":[12.9775,20.9543,13.16843],"rotation":{"origin":[8.01866,8,8],"angle":-22.5,"axis":"x"},"from":[11.1775,20.64101,11.59343],"faces":{"east":{"uv":[5.25,10.5,5.75,11],"texture":"#1"},"north":{"rotation":180,"uv":[3,5.25,4,5.5],"texture":"#1"},"south":{"rotation":180,"uv":[6.75,4.75,7.75,5],"texture":"#1"}}},{"to":[12.9775,20.30374,2.83598],"rotation":{"origin":[8.01866,8,8],"angle":22.5,"axis":"x"},"from":[11.1775,19.99045,1.26098],"faces":{"east":{"uv":[5.25,10.5,5.75,11],"texture":"#1"},"north":{"rotation":180,"uv":[1.5,4.75,2.5,5],"texture":"#1"},"south":{"rotation":180,"uv":[8,5.25,9,5.5],"texture":"#1"}}},{"to":[12.9775,21.65664,7.9375],"rotation":{"origin":[8.01866,8,8],"angle":0,"axis":"y"},"from":[11.1775,21.34336,6.3625],"faces":{"east":{"uv":[5.25,10.5,5.75,11],"texture":"#1"},"north":{"rotation":180,"uv":[2,5,3,5.25],"texture":"#1"},"south":{"rotation":180,"uv":[5,5,6,5.25],"texture":"#1"}}},{"to":[14.0575,22.22,7.29322],"rotation":{"origin":[8.01866,8,8],"angle":0,"axis":"y"},"from":[12.9775,20.78,7.00678],"faces":{"down":{"rotation":180,"uv":[7.75,8,8.25,8.25],"texture":"#2"},"east":{"uv":[11,7.5,11.5,8],"texture":"#2"},"up":{"uv":[3.25,4,3.75,4.25],"texture":"#2"}}},{"to":[14.0575,21.51765,12.52415],"rotation":{"origin":[8.01866,8,8],"angle":-22.5,"axis":"x"},"from":[12.9775,20.07765,12.23771],"faces":{"down":{"rotation":180,"uv":[4.25,8,4.75,8.25],"texture":"#2"},"east":{"uv":[11,7.5,11.5,8],"texture":"#2"},"up":{"uv":[7.5,4.25,8,4.5],"texture":"#2"}}},{"to":[14.0575,20.86709,2.19169],"rotation":{"origin":[8.01866,8,8],"angle":22.5,"axis":"x"},"from":[12.9775,19.42709,1.90526],"faces":{"down":{"uv":[4.25,8,4.75,8.25],"texture":"#2"},"east":{"uv":[11,7.5,11.5,8],"texture":"#2"},"up":{"uv":[5.5,4.25,6,4.5],"texture":"#2"}}},{"to":[14.0575,18.86698,17.08812],"rotation":{"origin":[8.01866,8,8],"angle":-45,"axis":"x"},"from":[12.9775,17.42698,16.80168],"faces":{"down":{"rotation":180,"uv":[2.75,9.25,3.25,9.5],"texture":"#2"},"east":{"uv":[11,7.5,11.5,8],"texture":"#2"},"up":{"rotation":180,"uv":[6.5,4.75,7,5],"texture":"#2"}}},{"to":[14.0575,17.6649,-2.00377],"rotation":{"origin":[8.01866,8,8],"angle":45,"axis":"x"},"from":[12.9775,16.2249,-2.2902],"faces":{"down":{"rotation":180,"uv":[2.75,9.25,3.25,9.75],"texture":"#2"},"east":{"uv":[11,7.5,11.5,8],"texture":"#2"},"up":{"uv":[8.5,4.75,9,5],"texture":"#2"}}},{"to":[14.0575,20.29031,2.76848],"rotation":{"origin":[8.01866,8,8],"angle":22.5,"axis":"x"},"from":[12.9775,20.00388,1.32848],"faces":{"east":{"rotation":90,"uv":[11,7.5,11.5,8],"texture":"#2"},"north":{"rotation":180,"uv":[5.5,11.5,6,11.75],"texture":"#2"},"south":{"rotation":180,"uv":[1.25,9.75,1.75,10],"texture":"#2"}}},{"to":[14.0575,20.94087,13.10093],"rotation":{"origin":[8.01866,8,8],"angle":-22.5,"axis":"x"},"from":[12.9775,20.65444,11.66093],"faces":{"east":{"rotation":270,"uv":[11,7.5,11.5,8],"texture":"#2"},"north":{"rotation":180,"uv":[2.5,10,3,10.5],"texture":"#2"},"south":{"rotation":180,"uv":[5.5,11.5,6,11.75],"texture":"#2"}}},{"to":[14.0575,21.64322,7.87],"rotation":{"origin":[8.01866,8,8],"angle":0,"axis":"y"},"from":[12.9775,21.35678,6.43],"faces":{"east":{"uv":[11,7.5,11.5,8],"texture":"#2"},"north":{"rotation":180,"uv":[5.5,11,6,11.25],"texture":"#2"},"south":{"rotation":180,"uv":[5.5,11,6,11.25],"texture":"#2"}}},{"to":[14.6875,22.175,7.28426],"rotation":{"origin":[8.01866,8,8],"angle":0,"axis":"y"},"from":[14.0575,20.825,7.01574],"faces":{"down":{"rotation":180,"uv":[7.75,8,8.25,8.25],"texture":"#2"},"east":{"uv":[11,7.5,11.5,8],"texture":"#2"},"up":{"uv":[3.25,4,3.75,4.25],"texture":"#2"}}},{"to":[14.6875,20.82209,2.18274],"rotation":{"origin":[8.01866,8,8],"angle":22.5,"axis":"x"},"from":[14.0575,19.47209,1.91421],"faces":{"down":{"uv":[4.25,8,4.75,8.25],"texture":"#2"},"east":{"uv":[11,7.5,11.5,8],"texture":"#2"},"up":{"uv":[12.75,2.25,13.25,2.5],"texture":"#2"}}},{"to":[14.6875,21.47265,12.51519],"rotation":{"origin":[8.01866,8,8],"angle":-22.5,"axis":"x"},"from":[14.0575,20.12265,12.24667],"faces":{"down":{"rotation":180,"uv":[4.25,8,4.75,8.25],"texture":"#2"},"east":{"uv":[11,7.5,11.5,8],"texture":"#2"},"up":{"uv":[8.5,4.25,9,4.5],"texture":"#2"}}},{"to":[14.6875,17.6199,-2.01272],"rotation":{"origin":[8.01866,8,8],"angle":45,"axis":"x"},"from":[14.0575,16.2699,-2.28124],"faces":{"down":{"rotation":180,"uv":[2.75,9.25,3.25,9.75],"texture":"#2"},"east":{"uv":[11,7.5,11.5,8],"texture":"#2"},"up":{"uv":[9.25,4.75,9.75,5],"texture":"#2"}}},{"to":[14.6875,18.82198,17.07916],"rotation":{"origin":[8.01866,8,8],"angle":-45,"axis":"x"},"from":[14.0575,17.47198,16.81064],"faces":{"down":{"rotation":180,"uv":[2.75,9.25,3.25,9.5],"texture":"#2"},"east":{"uv":[11,7.5,11.5,8],"texture":"#2"},"up":{"rotation":180,"uv":[5.75,4.75,6.25,5],"texture":"#2"}}},{"to":[14.6875,20.93192,13.05593],"rotation":{"origin":[8.01866,8,8],"angle":-22.5,"axis":"x"},"from":[14.0575,20.66339,11.70593],"faces":{"east":{"rotation":270,"uv":[11,7.5,11.5,8],"texture":"#2"},"north":{"rotation":180,"uv":[2.5,10,3,10.5],"texture":"#2"},"south":{"rotation":180,"uv":[6.25,11.5,6.75,11.75],"texture":"#2"}}},{"to":[14.6875,20.28135,2.72348],"rotation":{"origin":[8.01866,8,8],"angle":22.5,"axis":"x"},"from":[14.0575,20.01283,1.37348],"faces":{"east":{"rotation":90,"uv":[11,7.5,11.5,8],"texture":"#2"},"north":{"rotation":180,"uv":[4.75,11.5,5.25,11.75],"texture":"#2"},"south":{"rotation":180,"uv":[1.25,9.75,1.75,10],"texture":"#2"}}},{"to":[14.6875,21.63426,7.825],"rotation":{"origin":[8.01866,8,8],"angle":0,"axis":"y"},"from":[14.0575,21.36574,6.475],"faces":{"east":{"uv":[11,7.5,11.5,8],"texture":"#2"},"north":{"rotation":180,"uv":[6.5,11,7,11.25],"texture":"#2"},"south":{"rotation":180,"uv":[5.5,11,6,11.25],"texture":"#2"}}},{"to":[15.0925,22.13,7.27532],"rotation":{"origin":[8.01866,8,8],"angle":0,"axis":"y"},"from":[14.6875,20.87,7.02468],"faces":{"down":{"rotation":180,"uv":[7.75,8,8.25,8.25],"texture":"#2"},"east":{"uv":[11,7.5,11.5,8],"texture":"#2"},"up":{"uv":[3.25,4,3.75,4.25],"texture":"#2"}}},{"to":[15.0925,21.42765,12.50624],"rotation":{"origin":[8.01866,8,8],"angle":-22.5,"axis":"x"},"from":[14.6875,20.16765,12.25561],"faces":{"down":{"rotation":180,"uv":[4.25,8,4.75,8.25],"texture":"#2"},"east":{"uv":[11,7.5,11.5,8],"texture":"#2"},"up":{"uv":[8.75,4.25,9.25,4.5],"texture":"#2"}}},{"to":[15.0925,20.77709,2.17379],"rotation":{"origin":[8.01866,8,8],"angle":22.5,"axis":"x"},"from":[14.6875,19.51709,1.92316],"faces":{"down":{"uv":[4.25,8,4.75,8.25],"texture":"#2"},"east":{"uv":[11,7.5,11.5,8],"texture":"#2"},"up":{"uv":[10.5,2.75,11,3],"texture":"#2"}}},{"to":[15.0925,18.77698,17.07022],"rotation":{"origin":[8.01866,8,8],"angle":-45,"axis":"x"},"from":[14.6875,17.51698,16.81958],"faces":{"down":{"rotation":180,"uv":[2.75,9.25,3.25,9.5],"texture":"#2"},"east":{"uv":[11,7.5,11.5,8],"texture":"#2"},"up":{"rotation":180,"uv":[7.5,4.75,8,5],"texture":"#2"}}},{"to":[15.0925,20.27241,2.67848],"rotation":{"origin":[8.01866,8,8],"angle":22.5,"axis":"x"},"from":[14.6875,20.02178,1.41848],"faces":{"east":{"rotation":90,"uv":[11,7.5,11.5,8],"texture":"#2"},"north":{"rotation":180,"uv":[6.75,11.5,7.25,11.75],"texture":"#2"},"south":{"rotation":180,"uv":[1.25,9.75,1.75,10],"texture":"#2"}}},{"to":[15.0925,17.5749,-2.02167],"rotation":{"origin":[8.01866,8,8],"angle":45,"axis":"x"},"from":[14.6875,16.3149,-2.2723],"faces":{"down":{"rotation":180,"uv":[2.75,9.25,3.25,9.75],"texture":"#2"},"east":{"uv":[11,7.5,11.5,8],"texture":"#2"},"up":{"uv":[9,4.75,9.5,5],"texture":"#2"}}},{"to":[15.0925,20.92297,13.01093],"rotation":{"origin":[8.01866,8,8],"angle":-22.5,"axis":"x"},"from":[14.6875,20.67234,11.75093],"faces":{"east":{"rotation":270,"uv":[11,7.5,11.5,8],"texture":"#2"},"north":{"rotation":180,"uv":[2.5,10,3,10.5],"texture":"#2"},"south":{"rotation":180,"uv":[6.25,11.5,6.75,11.75],"texture":"#2"}}},{"to":[15.0925,21.62532,7.78],"rotation":{"origin":[8.01866,8,8],"angle":0,"axis":"y"},"from":[14.6875,21.37468,6.52],"faces":{"east":{"uv":[11,7.5,11.5,8],"texture":"#2"},"north":{"rotation":180,"uv":[4.75,11,5.25,11.25],"texture":"#2"},"south":{"rotation":180,"uv":[5.5,11,6,11.25],"texture":"#2"}}},{"to":[15.4075,22.085,7.26636],"rotation":{"origin":[8.01866,8,8],"angle":0,"axis":"y"},"from":[15.0925,20.915,7.03364],"faces":{"down":{"rotation":180,"uv":[7.75,8,8.25,8.25],"texture":"#2"},"east":{"uv":[11,7.5,11.5,8],"texture":"#2"},"up":{"uv":[3.25,4,3.75,4.25],"texture":"#2"}}},{"to":[15.4075,20.73209,2.16484],"rotation":{"origin":[8.01866,8,8],"angle":22.5,"axis":"x"},"from":[15.0925,19.56209,1.93212],"faces":{"down":{"uv":[4.25,8,4.75,8.25],"texture":"#2"},"east":{"uv":[11,7.5,11.5,8],"texture":"#2"},"up":{"uv":[11.25,3.25,11.75,3.5],"texture":"#2"}}},{"to":[15.4075,21.38265,12.49729],"rotation":{"origin":[8.01866,8,8],"angle":-22.5,"axis":"x"},"from":[15.0925,20.21265,12.26457],"faces":{"down":{"rotation":180,"uv":[4.25,8,4.75,8.25],"texture":"#2"},"east":{"uv":[11,7.5,11.5,8],"texture":"#2"},"up":{"uv":[11,3,11.5,3.25],"texture":"#2"}}},{"to":[15.4075,17.5299,-2.03062],"rotation":{"origin":[8.01866,8,8],"angle":45,"axis":"x"},"from":[15.0925,16.3599,-2.26334],"faces":{"down":{"rotation":180,"uv":[2.75,9.25,3.25,9.75],"texture":"#2"},"east":{"uv":[11,7.5,11.5,8],"texture":"#2"},"up":{"uv":[6.5,4.75,7,5],"texture":"#2"}}},{"to":[15.4075,18.73198,17.06126],"rotation":{"origin":[8.01866,8,8],"angle":-45,"axis":"x"},"from":[15.0925,17.56198,16.82854],"faces":{"down":{"rotation":180,"uv":[2.75,9.25,3.25,9.5],"texture":"#2"},"east":{"uv":[11,7.5,11.5,8],"texture":"#2"},"up":{"rotation":180,"uv":[8,4.75,8.5,5],"texture":"#2"}}},{"to":[15.4075,20.91402,12.96593],"rotation":{"origin":[8.01866,8,8],"angle":-22.5,"axis":"x"},"from":[15.0925,20.68129,11.79593],"faces":{"east":{"rotation":270,"uv":[11,7.5,11.5,8],"texture":"#2"},"north":{"rotation":180,"uv":[2.5,10,3,10.5],"texture":"#2"},"south":{"rotation":180,"uv":[7.5,11.5,8,11.75],"texture":"#2"}}},{"to":[15.4075,20.26345,2.63348],"rotation":{"origin":[8.01866,8,8],"angle":22.5,"axis":"x"},"from":[15.0925,20.03073,1.46348],"faces":{"east":{"rotation":90,"uv":[11,7.5,11.5,8],"texture":"#2"},"north":{"rotation":180,"uv":[7,11.5,7.5,11.75],"texture":"#2"},"south":{"rotation":180,"uv":[1.25,9.75,1.75,10],"texture":"#2"}}},{"to":[15.4075,21.61636,7.735],"rotation":{"origin":[8.01866,8,8],"angle":0,"axis":"y"},"from":[15.0925,21.38364,6.565],"faces":{"east":{"uv":[11,7.5,11.5,8],"texture":"#2"},"north":{"rotation":180,"uv":[6.25,11,6.75,11.25],"texture":"#2"},"south":{"rotation":180,"uv":[5.5,11,6,11.25],"texture":"#2"}}},{"to":[10.41718,23.79886,7.33],"rotation":{"origin":[8.01866,8,8],"angle":-22.5,"axis":"z"},"from":[9.47218,23.43886,6.97],"faces":{"east":{"uv":[7.5,2,8,2.5],"texture":"#2"},"north":{"uv":[6,4.5,6.5,5],"texture":"#2"},"up":{"uv":[4,4,4.5,4.5],"texture":"#2"},"south":{"uv":[5.75,4.5,6.25,5],"texture":"#2"}}},{"to":[20.74964,17.50589,7.33],"rotation":{"origin":[8.01866,8,8],"angle":22.5,"axis":"z"},"from":[19.80464,17.14589,6.97],"faces":{"down":{"rotation":180,"uv":[15,8,15.5,8.5],"texture":"#2"},"east":{"uv":[7.5,2,8,2.5],"texture":"#2"},"north":{"rotation":180,"uv":[5,8,5.5,8.5],"texture":"#2"},"south":{"rotation":180,"uv":[5,8,5.5,8.5],"texture":"#2"}}},{"to":[15.90869,21.68,10.54119],"rotation":{"origin":[8.01866,8,8],"angle":22.5,"axis":"y"},"from":[14.96369,21.32,10.13619],"faces":{"down":{"rotation":180,"uv":[9,10.25,9.5,10.75],"texture":"#2"},"east":{"uv":[7.5,2,8,2.5],"texture":"#2"},"up":{"uv":[6.5,4.75,7,5.25],"texture":"#2"},"south":{"rotation":180,"uv":[4.75,11.25,5.25,11.75],"texture":"#2"}}},{"to":[15.25813,21.68,4.29321],"rotation":{"origin":[8.01866,8,8],"angle":-22.5,"axis":"y"},"from":[14.31313,21.32,3.88821],"faces":{"down":{"rotation":180,"uv":[9,10.25,9.5,10.75],"texture":"#2"},"east":{"uv":[7.5,2,8,2.5],"texture":"#2"},"north":{"rotation":180,"uv":[4.75,11.25,5.25,11.75],"texture":"#2"},"up":{"rotation":180,"uv":[6.5,4.75,7,5.25],"texture":"#2"}}},{"to":[2.74,22.625,7.37378],"rotation":{"origin":[8.01866,8,8],"angle":0,"axis":"y"},"from":[2.51491,20.375,6.92622],"faces":{"down":{"rotation":180,"uv":[6.25,8,6.75,8.25],"texture":"#1"},"west":{"uv":[8.25,4,8.75,6],"texture":"#1"},"east":{"uv":[12.5,7.5,13,8],"texture":"#1"},"up":{"rotation":180,"uv":[3.5,3.75,4,4.25],"texture":"#1"}}},{"to":[2.74009,21.27209,2.27226],"rotation":{"origin":[8.01866,8,8],"angle":22.5,"axis":"x"},"from":[2.515,19.02209,1.82469],"faces":{"down":{"rotation":180,"uv":[6.25,8,6.75,8.25],"texture":"#1"},"west":{"uv":[7.25,4,7.75,6],"texture":"#1"},"east":{"uv":[12.5,7.5,13,8],"texture":"#1"},"up":{"uv":[3.5,4.25,4,4.75],"texture":"#1"}}},{"to":[2.74009,21.92265,12.60471],"rotation":{"origin":[8.01866,8,8],"angle":-22.5,"axis":"x"},"from":[2.515,19.67265,12.15714],"faces":{"down":{"rotation":180,"uv":[6.25,8,6.75,8.25],"texture":"#1"},"west":{"uv":[7.25,4,7.75,6],"texture":"#1"},"east":{"uv":[12.5,7.5,13,8],"texture":"#1"},"up":{"rotation":180,"uv":[3.5,4.25,4,4.75],"texture":"#1"}}},{"to":[2.74,18.0699,-1.9232],"rotation":{"origin":[8.01866,8,8],"angle":45,"axis":"x"},"from":[2.51491,15.8199,-2.37077],"faces":{"down":{"rotation":180,"uv":[6.25,8,6.75,8.25],"texture":"#1"},"west":{"uv":[10.75,4.5,11.25,6.5],"texture":"#1"},"east":{"uv":[12.5,7.5,13,8],"texture":"#1"},"up":{"uv":[3.75,4.75,4.25,5.25],"texture":"#1"}}},{"to":[2.74,19.27198,17.16869],"rotation":{"origin":[8.01866,8,8],"angle":-45,"axis":"x"},"from":[2.51491,17.02198,16.72112],"faces":{"down":{"rotation":180,"uv":[6.25,8,6.75,8.25],"texture":"#1"},"west":{"uv":[6.75,4.5,7.25,6.5],"texture":"#1"},"east":{"uv":[12.5,7.5,13,8],"texture":"#1"},"up":{"rotation":180,"uv":[7.75,4.75,8.25,5.25],"texture":"#1"}}},{"to":[2.74009,21.02144,13.50593],"rotation":{"origin":[8.01866,8,8],"angle":-22.5,"axis":"x"},"from":[2.515,20.57387,11.25593],"faces":{"west":{"rotation":90,"uv":[0.5,4.75,1,6.75],"texture":"#1"},"east":{"rotation":270,"uv":[12.5,7.5,13,8],"texture":"#1"},"north":{"rotation":180,"uv":[6.75,8,7.25,8.5],"texture":"#1"},"south":{"uv":[5.25,5.5,5.75,6],"texture":"#1"}}},{"to":[2.74009,20.37088,3.17348],"rotation":{"origin":[8.01866,8,8],"angle":22.5,"axis":"x"},"from":[2.515,19.92331,0.92348],"faces":{"west":{"rotation":270,"uv":[0.75,4.75,1.25,6.75],"texture":"#1"},"east":{"rotation":90,"uv":[12.5,7.5,13,8],"texture":"#1"},"north":{"uv":[6.75,5.5,7.25,6],"texture":"#1"},"south":{"rotation":180,"uv":[6,8,6.5,8.5],"texture":"#1"}}},{"to":[2.74,21.72379,8.275],"rotation":{"origin":[8.01866,8,8],"angle":0,"axis":"y"},"from":[2.51491,21.27622,6.025],"faces":{"west":{"rotation":90,"uv":[7.25,9.5,7.75,11.5],"texture":"#1"},"east":{"uv":[12.5,7.5,13,8],"texture":"#1"},"north":{"rotation":180,"uv":[4.25,8.25,4.75,8.75],"texture":"#1"},"south":{"rotation":180,"uv":[6.25,8.25,6.75,8.75],"texture":"#1"}}},{"to":[3.1,22.4,7.32902],"rotation":{"origin":[8.01866,8,8],"angle":0,"axis":"y"},"from":[2.73991,20.6,6.97098],"faces":{"down":{"uv":[5.75,8,6.25,8.25],"texture":"#1"},"up":{"rotation":180,"uv":[10,2.75,10.5,3.25],"texture":"#1"}}},{"to":[3.1,21.04709,2.2275],"rotation":{"origin":[8.01866,8,8],"angle":22.5,"axis":"x"},"from":[2.73991,19.24709,1.86946],"faces":{"down":{"uv":[5.75,8,6.25,8.25],"texture":"#1"},"up":{"rotation":180,"uv":[11,2.5,11.5,3],"texture":"#1"}}},{"to":[3.1,21.69765,12.55995],"rotation":{"origin":[8.01866,8,8],"angle":-22.5,"axis":"x"},"from":[2.73991,19.89765,12.20191],"faces":{"down":{"uv":[5.75,8,6.25,8.25],"texture":"#1"},"up":{"rotation":180,"uv":[8.5,4,9,4.5],"texture":"#1"}}},{"to":[3.1,17.8449,-1.96796],"rotation":{"origin":[8.01866,8,8],"angle":45,"axis":"x"},"from":[2.73991,16.0449,-2.326],"faces":{"down":{"uv":[5.75,8,6.25,8.25],"texture":"#1"},"up":{"uv":[3.25,4.25,3.75,4.75],"texture":"#1"}}},{"to":[3.1,20.97667,13.28093],"rotation":{"origin":[8.01866,8,8],"angle":-22.5,"axis":"x"},"from":[2.73991,20.61864,11.48093],"faces":{"north":{"rotation":180,"uv":[3,8,3.5,8.5],"texture":"#1"},"south":{"uv":[3.25,4.75,3.75,5.25],"texture":"#1"}}},{"to":[3.1,19.04698,17.12392],"rotation":{"origin":[8.01866,8,8],"angle":-45,"axis":"x"},"from":[2.73991,17.24698,16.76588],"faces":{"down":{"uv":[5.75,8,6.25,8.25],"texture":"#1"},"up":{"rotation":180,"uv":[3.25,4.25,3.75,4.75],"texture":"#1"}}},{"to":[3.1,20.32611,2.94848],"rotation":{"origin":[8.01866,8,8],"angle":22.5,"axis":"x"},"from":[2.73991,19.96807,1.14848],"faces":{"north":{"uv":[3.25,4.75,3.75,5.25],"texture":"#1"},"south":{"rotation":180,"uv":[3,8,3.5,8.5],"texture":"#1"}}},{"to":[3.1,21.67902,8.05],"rotation":{"origin":[8.01866,8,8],"angle":0,"axis":"y"},"from":[2.73991,21.32098,6.25],"faces":{"north":{"uv":[3.25,5.25,3.75,5.75],"texture":"#1"},"south":{"uv":[3.25,5.25,3.75,5.75],"texture":"#1"}}},{"to":[11.3575,21.27,9.49143],"rotation":{"origin":[8.01866,8,8],"angle":0,"axis":"y"},"from":[10.93,19.38,8.70857],"faces":{"down":{"uv":[6.25,7.75,6.75,8.5],"texture":"#1"},"east":{"uv":[9.5,7.25,10.25,8.25],"texture":"#1"},"up":{"rotation":180,"uv":[1.25,3.75,1.75,4.5],"texture":"#1"}}},{"to":[2.51509,20.43689,9.6625],"rotation":{"origin":[8.01866,8,8],"angle":0,"axis":"y"},"from":[2.42509,20.21311,8.5375],"faces":{"west":{"uv":[6.25,4.5,6.75,5],"texture":"#4"},"north":{"uv":[6.25,4.5,6.5,5],"texture":"#4"},"south":{"uv":[6.25,4.5,6.5,5],"texture":"#4"}}},{"to":[2.515,19.91966,4.86219],"rotation":{"origin":[8.01866,8,8],"angle":22.5,"axis":"x"},"from":[2.425,19.69588,3.73719],"faces":{"west":{"rotation":270,"uv":[9.25,4.5,9.75,5.25],"texture":"#4"},"north":{"uv":[7.25,4.25,7.5,4.75],"texture":"#4"},"south":{"uv":[6.25,5,6.5,5.5],"texture":"#4"}}},{"to":[2.515,19.07775,14.29534],"rotation":{"origin":[8.01866,8,8],"angle":-22.5,"axis":"x"},"from":[2.425,18.85398,13.17034],"faces":{"west":{"rotation":90,"uv":[9,4.5,9.5,5.25],"texture":"#4"},"north":{"uv":[6.25,5,6.5,5.5],"texture":"#4"},"south":{"uv":[7.25,4.25,7.5,4.75],"texture":"#4"}}},{"to":[2.51509,17.6048,0.62523],"rotation":{"origin":[8.01866,8,8],"angle":45,"axis":"x"},"from":[2.42509,17.38102,-0.49977],"faces":{"west":{"rotation":270,"uv":[6.25,4.5,6.75,5.25],"texture":"#4"},"north":{"uv":[8.25,4.5,8.5,5],"texture":"#4"},"south":{"uv":[6,5.5,6.25,6],"texture":"#4"}}},{"to":[2.51509,16.04916,18.05541],"rotation":{"origin":[8.01866,8,8],"angle":-45,"axis":"x"},"from":[2.42509,15.82539,16.93041],"faces":{"west":{"rotation":90,"uv":[6.25,4.5,6.75,5.25],"texture":"#4"},"north":{"uv":[6,5.5,6.25,6],"texture":"#4"},"south":{"uv":[3.75,4,4,4.5],"texture":"#4"}}},{"to":[2.515,19.52836,13.84473],"rotation":{"origin":[8.01866,8,8],"angle":-22.5,"axis":"x"},"from":[2.425,18.40336,13.62095],"faces":{"down":{"rotation":180,"uv":[9,8,9.25,8.5],"texture":"#4"},"west":{"uv":[5.25,4.5,5.75,5.25],"texture":"#4"},"up":{"rotation":180,"uv":[7.25,4.25,7.5,4.75],"texture":"#4"}}},{"to":[2.515,20.37027,4.41158],"rotation":{"origin":[8.01866,8,8],"angle":22.5,"axis":"x"},"from":[2.425,19.24527,4.18781],"faces":{"down":{"uv":[9,8,9.25,8.5],"texture":"#4"},"west":{"uv":[5.25,4.5,5.75,5.25],"texture":"#4"},"up":{"uv":[3.25,4,3.5,4.5],"texture":"#4"}}},{"to":[2.51509,20.8875,9.21189],"rotation":{"origin":[8.01866,8,8],"angle":0,"axis":"y"},"from":[2.42509,19.7625,8.98811],"faces":{"down":{"uv":[9.5,8,9.75,8.25],"texture":"#4"},"west":{"uv":[6.25,4.5,6.75,5.25],"texture":"#4"},"up":{"uv":[3.25,4,3.5,4.5],"texture":"#4"}}},{"to":[10.93,20.93277,4.52347],"rotation":{"origin":[8.01866,8,8],"angle":22.5,"axis":"x"},"from":[3.1,18.68277,4.07592],"faces":{"down":{"rotation":180,"uv":[3,9,7,9.5],"texture":"#1"},"west":{"uv":[12.5,7.5,13,8],"texture":"#1"},"east":{"uv":[9.5,7.25,10.25,8.25],"texture":"#1"},"up":{"uv":[2,3.75,6,4.25],"texture":"#1"}}},{"to":[10.93,20.09086,13.95662],"rotation":{"origin":[8.01866,8,8],"angle":-22.5,"axis":"x"},"from":[3.1,17.84086,13.50906],"faces":{"down":{"rotation":180,"uv":[3.5,8,7.5,8.5],"texture":"#1"},"west":{"uv":[12.5,7.5,13,8],"texture":"#1"},"east":{"uv":[9.5,7.25,10.25,8.25],"texture":"#1"},"up":{"uv":[0,3.25,4,3.75],"texture":"#1"}}},{"to":[10.93,18.61791,0.2865],"rotation":{"origin":[8.01866,8,8],"angle":45,"axis":"x"},"from":[3.1,16.36791,-0.16105],"faces":{"down":{"rotation":180,"uv":[5.75,5.5,9.75,6],"texture":"#1"},"west":{"uv":[12.5,7.5,13,8],"texture":"#1"},"east":{"uv":[9.5,7.25,10.25,8.25],"texture":"#1"},"up":{"uv":[5.25,4.25,9.25,4.75],"texture":"#1"}}},{"to":[10.93,17.06227,17.71668],"rotation":{"origin":[8.01866,8,8],"angle":-45,"axis":"x"},"from":[3.1,14.81227,17.26913],"faces":{"down":{"uv":[4.5,5.5,8.5,6],"texture":"#1"},"west":{"uv":[12.5,7.5,13,8],"texture":"#1"},"east":{"uv":[9.5,7.25,10.25,8.25],"texture":"#1"},"up":{"rotation":180,"uv":[1.25,4.25,5.25,4.75],"texture":"#1"}}},{"to":[10.93,19.18964,14.85784],"rotation":{"origin":[8.01866,8,8],"angle":-22.5,"axis":"x"},"from":[3.1,18.74209,12.60784],"faces":{"west":{"rotation":90,"uv":[12.5,7.5,13,8],"texture":"#1"},"east":{"uv":[9.5,7.25,10.25,7.75],"texture":"#1"},"north":{"uv":[6.25,5,10.25,5.5],"texture":"#1"},"south":{"uv":[5.25,4.75,9.25,5.25],"texture":"#1"}}},{"to":[10.93,20.03154,5.42469],"rotation":{"origin":[8.01866,8,8],"angle":22.5,"axis":"x"},"from":[3.1,19.58399,3.17469],"faces":{"west":{"rotation":270,"uv":[12.5,7.5,13,8],"texture":"#1"},"east":{"uv":[9.5,7.25,10.25,7.75],"texture":"#1"},"north":{"uv":[5.25,4.75,9.25,5.25],"texture":"#1"},"south":{"uv":[6.25,5,10.25,5.5],"texture":"#1"}}},{"to":[10.93,20.54878,10.225],"rotation":{"origin":[8.01866,8,8],"angle":0,"axis":"y"},"from":[3.1,20.10122,7.975],"faces":{"west":{"uv":[12.5,7.5,13,8],"texture":"#1"},"north":{"uv":[3,12.25,7,12.75],"texture":"#1"},"south":{"uv":[0,12,4,12.5],"texture":"#1"}}},{"to":[6.68629,21.54031,9.32378],"rotation":{"origin":[8.01866,8,8],"angle":-22.5,"axis":"z"},"from":[5.56129,20.64031,8.87622],"faces":{"north":{"rotation":180,"uv":[10.5,2.75,11,3.25],"texture":"#1"},"up":{"uv":[2,3.25,2.75,3.75],"texture":"#1"},"south":{"rotation":180,"uv":[10.5,2.75,11,3.25],"texture":"#1"}}},{"to":[16.11945,18.13333,9.32378],"rotation":{"origin":[8.01866,8,8],"angle":22.5,"axis":"z"},"from":[14.99445,17.23333,8.87622],"faces":{"down":{"rotation":180,"uv":[5.5,7.75,6.25,8.25],"texture":"#1"},"north":{"rotation":180,"uv":[7.5,8,7.75,8.25],"texture":"#1"},"south":{"rotation":180,"uv":[7.5,8,7.75,8.25],"texture":"#1"}}},{"to":[10.98192,20.54878,11.16976],"rotation":{"origin":[8.01866,8,8],"angle":22.5,"axis":"y"},"from":[9.85692,20.10122,10.26976],"faces":{"down":{"rotation":180,"uv":[4.5,12,5,12.5],"texture":"#1"},"up":{"rotation":180,"uv":[4.5,12,5,12.5],"texture":"#1"},"south":{"uv":[0,12,0.75,12.5],"texture":"#1"}}},{"to":[11.82382,20.54878,7.76278],"rotation":{"origin":[8.01866,8,8],"angle":-22.5,"axis":"y"},"from":[10.69882,20.10122,6.86278],"faces":{"down":{"rotation":180,"uv":[4.5,12,5,12.5],"texture":"#1"},"north":{"uv":[0,12,0.75,12.5],"texture":"#1"},"up":{"rotation":180,"uv":[4.5,12,5,12.5],"texture":"#1"}}},{"to":[10.93,21.45,9.32379],"rotation":{"origin":[8.01866,8,8],"angle":0,"axis":"y"},"from":[3.1,19.2,8.87622],"faces":{"down":{"rotation":180,"uv":[5.5,7.75,9.5,8.25],"texture":"#1"},"west":{"uv":[12.5,7.5,13,8],"texture":"#1"},"up":{"uv":[2,3.25,6,3.75],"texture":"#1"}}},{"to":[11.3575,16.88227,17.88434],"rotation":{"origin":[8.01866,8,8],"angle":-45,"axis":"x"},"from":[10.93,14.99227,17.10148],"faces":{"down":{"rotation":180,"uv":[2,5.75,2.5,6.5],"texture":"#1"},"east":{"uv":[9.5,7.25,10.25,8.25],"texture":"#1"},"up":{"rotation":180,"uv":[1.25,4.25,1.75,5],"texture":"#1"}}},{"to":[11.3575,18.43791,0.45415],"rotation":{"origin":[8.01866,8,8],"angle":45,"axis":"x"},"from":[10.93,16.54791,-0.3287],"faces":{"down":{"uv":[2,5.75,2.5,6.5],"texture":"#1"},"east":{"uv":[9.5,7.25,10.25,8.25],"texture":"#1"},"up":{"uv":[1.25,4.25,1.75,5],"texture":"#1"}}},{"to":[11.3575,20.71643,10.045],"rotation":{"origin":[8.01866,8,8],"angle":0,"axis":"y"},"from":[10.93,19.93357,8.155],"faces":{"east":{"uv":[9.5,7.25,10.25,8.25],"texture":"#1"},"north":{"uv":[3,4.75,3.5,5.5],"texture":"#1"},"south":{"uv":[3,4.75,3.5,5.5],"texture":"#1"}}},{"to":[12.9775,21.1125,9.25664],"rotation":{"origin":[8.01866,8,8],"angle":0,"axis":"y"},"from":[11.1775,19.5375,8.94335],"faces":{"down":{"rotation":180,"uv":[7.25,8,8.25,8.25],"texture":"#1"},"east":{"uv":[5.25,10.5,5.75,11],"texture":"#1"},"up":{"rotation":180,"uv":[3.5,4,4.5,4.25],"texture":"#1"}}},{"to":[12.9775,20.59527,4.45634],"rotation":{"origin":[8.01866,8,8],"angle":22.5,"axis":"x"},"from":[11.1775,19.02027,4.14305],"faces":{"down":{"rotation":180,"uv":[5.25,7.75,6.25,8],"texture":"#1"},"east":{"uv":[5.25,10.5,5.75,11],"texture":"#1"},"up":{"rotation":180,"uv":[5.25,4.25,6.25,4.5],"texture":"#1"}}},{"to":[12.9775,19.75336,13.88949],"rotation":{"origin":[8.01866,8,8],"angle":-22.5,"axis":"x"},"from":[11.1775,18.17836,13.5762],"faces":{"down":{"rotation":180,"uv":[2.5,8.25,3.5,8.5],"texture":"#1"},"east":{"uv":[5.25,10.5,5.75,11],"texture":"#1"},"up":{"rotation":180,"uv":[4.75,4.25,5.75,4.5],"texture":"#1"}}},{"to":[12.9775,18.28041,0.21937],"rotation":{"origin":[8.01866,8,8],"angle":45,"axis":"x"},"from":[11.1775,16.70541,-0.09392],"faces":{"down":{"rotation":180,"uv":[4.75,5.5,5.75,5.75],"texture":"#1"},"east":{"uv":[5.25,10.5,5.75,11],"texture":"#1"},"up":{"rotation":180,"uv":[6.75,4.5,7.75,4.75],"texture":"#1"}}},{"to":[12.9775,16.72477,17.64955],"rotation":{"origin":[8.01866,8,8],"angle":-45,"axis":"x"},"from":[11.1775,15.14977,17.33626],"faces":{"down":{"rotation":180,"uv":[4.25,5.75,5.25,6],"texture":"#1"},"east":{"uv":[5.25,10.5,5.75,11],"texture":"#1"},"up":{"rotation":180,"uv":[1.25,4.25,2.25,4.5],"texture":"#1"}}},{"to":[12.9775,19.12251,14.52034],"rotation":{"origin":[8.01866,8,8],"angle":-22.5,"axis":"x"},"from":[11.1775,18.80922,12.94534],"faces":{"east":{"uv":[5.25,10.5,5.75,11],"texture":"#1"},"north":{"rotation":180,"uv":[3,5.25,4,5.5],"texture":"#1"},"south":{"rotation":180,"uv":[6.75,4.75,7.75,5],"texture":"#1"}}},{"to":[12.9775,19.96441,5.08719],"rotation":{"origin":[8.01866,8,8],"angle":22.5,"axis":"x"},"from":[11.1775,19.65112,3.51219],"faces":{"east":{"uv":[5.25,10.5,5.75,11],"texture":"#1"},"north":{"rotation":180,"uv":[1.5,4.75,2.5,5],"texture":"#1"},"south":{"rotation":180,"uv":[8,5.25,9,5.5],"texture":"#1"}}},{"to":[12.9775,20.48164,9.8875],"rotation":{"origin":[8.01866,8,8],"angle":0,"axis":"y"},"from":[11.1775,20.16835,8.3125],"faces":{"east":{"uv":[5.25,10.5,5.75,11],"texture":"#1"},"north":{"rotation":180,"uv":[2,5,3,5.25],"texture":"#1"},"south":{"rotation":180,"uv":[5,5,6,5.25],"texture":"#1"}}},{"to":[14.0575,21.045,9.24322],"rotation":{"origin":[8.01866,8,8],"angle":0,"axis":"y"},"from":[12.9775,19.605,8.95678],"faces":{"down":{"rotation":180,"uv":[7.75,8,8.25,8.25],"texture":"#2"},"east":{"uv":[11,7.5,11.5,8],"texture":"#2"},"up":{"uv":[3.25,4,3.75,4.25],"texture":"#2"}}},{"to":[14.0575,19.68586,13.87606],"rotation":{"origin":[8.01866,8,8],"angle":-22.5,"axis":"x"},"from":[12.9775,18.24586,13.58962],"faces":{"down":{"rotation":180,"uv":[4.25,8,4.75,8.25],"texture":"#2"},"east":{"uv":[11,7.5,11.5,8],"texture":"#2"},"up":{"uv":[7.5,4.25,8,4.5],"texture":"#2"}}},{"to":[14.0575,20.52777,4.44291],"rotation":{"origin":[8.01866,8,8],"angle":22.5,"axis":"x"},"from":[12.9775,19.08777,4.15648],"faces":{"down":{"uv":[4.25,8,4.75,8.25],"texture":"#2"},"east":{"uv":[11,7.5,11.5,8],"texture":"#2"},"up":{"uv":[5.5,4.25,6,4.5],"texture":"#2"}}},{"to":[14.0575,16.65727,17.63613],"rotation":{"origin":[8.01866,8,8],"angle":-45,"axis":"x"},"from":[12.9775,15.21727,17.34969],"faces":{"down":{"rotation":180,"uv":[2.75,9.25,3.25,9.5],"texture":"#2"},"east":{"uv":[11,7.5,11.5,8],"texture":"#2"},"up":{"rotation":180,"uv":[6.5,4.75,7,5],"texture":"#2"}}},{"to":[14.0575,18.21291,0.20594],"rotation":{"origin":[8.01866,8,8],"angle":45,"axis":"x"},"from":[12.9775,16.77291,-0.08049],"faces":{"down":{"rotation":180,"uv":[2.75,9.25,3.25,9.75],"texture":"#2"},"east":{"uv":[11,7.5,11.5,8],"texture":"#2"},"up":{"uv":[8.5,4.75,9,5],"texture":"#2"}}},{"to":[14.0575,19.95098,5.01969],"rotation":{"origin":[8.01866,8,8],"angle":22.5,"axis":"x"},"from":[12.9775,19.66455,3.57969],"faces":{"east":{"rotation":90,"uv":[11,7.5,11.5,8],"texture":"#2"},"north":{"rotation":180,"uv":[5.5,11.5,6,11.75],"texture":"#2"},"south":{"rotation":180,"uv":[1.25,9.75,1.75,10],"texture":"#2"}}},{"to":[14.0575,19.10908,14.45284],"rotation":{"origin":[8.01866,8,8],"angle":-22.5,"axis":"x"},"from":[12.9775,18.82265,13.01284],"faces":{"east":{"rotation":270,"uv":[11,7.5,11.5,8],"texture":"#2"},"north":{"rotation":180,"uv":[2.5,10,3,10.5],"texture":"#2"},"south":{"rotation":180,"uv":[5.5,11.5,6,11.75],"texture":"#2"}}},{"to":[14.0575,20.46822,9.82],"rotation":{"origin":[8.01866,8,8],"angle":0,"axis":"y"},"from":[12.9775,20.18178,8.38],"faces":{"east":{"uv":[11,7.5,11.5,8],"texture":"#2"},"north":{"rotation":180,"uv":[5.5,11,6,11.25],"texture":"#2"},"south":{"rotation":180,"uv":[5.5,11,6,11.25],"texture":"#2"}}},{"to":[14.6875,21,9.23426],"rotation":{"origin":[8.01866,8,8],"angle":0,"axis":"y"},"from":[14.0575,19.65,8.96574],"faces":{"down":{"rotation":180,"uv":[7.75,8,8.25,8.25],"texture":"#2"},"east":{"uv":[11,7.5,11.5,8],"texture":"#2"},"up":{"uv":[3.25,4,3.75,4.25],"texture":"#2"}}},{"to":[14.6875,20.48277,4.43396],"rotation":{"origin":[8.01866,8,8],"angle":22.5,"axis":"x"},"from":[14.0575,19.13277,4.16543],"faces":{"down":{"uv":[4.25,8,4.75,8.25],"texture":"#2"},"east":{"uv":[11,7.5,11.5,8],"texture":"#2"},"up":{"uv":[12.75,2.25,13.25,2.5],"texture":"#2"}}},{"to":[14.6875,19.64086,13.8671],"rotation":{"origin":[8.01866,8,8],"angle":-22.5,"axis":"x"},"from":[14.0575,18.29086,13.59858],"faces":{"down":{"rotation":180,"uv":[4.25,8,4.75,8.25],"texture":"#2"},"east":{"uv":[11,7.5,11.5,8],"texture":"#2"},"up":{"uv":[8.5,4.25,9,4.5],"texture":"#2"}}},{"to":[14.6875,18.16791,0.19699],"rotation":{"origin":[8.01866,8,8],"angle":45,"axis":"x"},"from":[14.0575,16.81791,-0.07154],"faces":{"down":{"rotation":180,"uv":[2.75,9.25,3.25,9.75],"texture":"#2"},"east":{"uv":[11,7.5,11.5,8],"texture":"#2"},"up":{"uv":[9.25,4.75,9.75,5],"texture":"#2"}}},{"to":[14.6875,16.61227,17.62717],"rotation":{"origin":[8.01866,8,8],"angle":-45,"axis":"x"},"from":[14.0575,15.26227,17.35865],"faces":{"down":{"rotation":180,"uv":[2.75,9.25,3.25,9.5],"texture":"#2"},"east":{"uv":[11,7.5,11.5,8],"texture":"#2"},"up":{"rotation":180,"uv":[5.75,4.75,6.25,5],"texture":"#2"}}},{"to":[14.6875,19.10013,14.40784],"rotation":{"origin":[8.01866,8,8],"angle":-22.5,"axis":"x"},"from":[14.0575,18.8316,13.05784],"faces":{"east":{"rotation":270,"uv":[11,7.5,11.5,8],"texture":"#2"},"north":{"rotation":180,"uv":[2.5,10,3,10.5],"texture":"#2"},"south":{"rotation":180,"uv":[6.25,11.5,6.75,11.75],"texture":"#2"}}},{"to":[14.6875,19.94203,4.97469],"rotation":{"origin":[8.01866,8,8],"angle":22.5,"axis":"x"},"from":[14.0575,19.67351,3.62469],"faces":{"east":{"rotation":90,"uv":[11,7.5,11.5,8],"texture":"#2"},"north":{"rotation":180,"uv":[4.75,11.5,5.25,11.75],"texture":"#2"},"south":{"rotation":180,"uv":[1.25,9.75,1.75,10],"texture":"#2"}}},{"to":[14.6875,20.45926,9.775],"rotation":{"origin":[8.01866,8,8],"angle":0,"axis":"y"},"from":[14.0575,20.19074,8.425],"faces":{"east":{"uv":[11,7.5,11.5,8],"texture":"#2"},"north":{"rotation":180,"uv":[6.5,11,7,11.25],"texture":"#2"},"south":{"rotation":180,"uv":[5.5,11,6,11.25],"texture":"#2"}}},{"to":[15.0925,20.955,9.22532],"rotation":{"origin":[8.01866,8,8],"angle":0,"axis":"y"},"from":[14.6875,19.695,8.97468],"faces":{"down":{"rotation":180,"uv":[7.75,8,8.25,8.25],"texture":"#2"},"east":{"uv":[11,7.5,11.5,8],"texture":"#2"},"up":{"uv":[3.25,4,3.75,4.25],"texture":"#2"}}},{"to":[15.0925,19.59586,13.85816],"rotation":{"origin":[8.01866,8,8],"angle":-22.5,"axis":"x"},"from":[14.6875,18.33586,13.60752],"faces":{"down":{"rotation":180,"uv":[4.25,8,4.75,8.25],"texture":"#2"},"east":{"uv":[11,7.5,11.5,8],"texture":"#2"},"up":{"uv":[8.75,4.25,9.25,4.5],"texture":"#2"}}},{"to":[15.0925,20.43777,4.42501],"rotation":{"origin":[8.01866,8,8],"angle":22.5,"axis":"x"},"from":[14.6875,19.17777,4.17438],"faces":{"down":{"uv":[4.25,8,4.75,8.25],"texture":"#2"},"east":{"uv":[11,7.5,11.5,8],"texture":"#2"},"up":{"uv":[10.5,2.75,11,3],"texture":"#2"}}},{"to":[15.0925,16.56727,17.61822],"rotation":{"origin":[8.01866,8,8],"angle":-45,"axis":"x"},"from":[14.6875,15.30727,17.36759],"faces":{"down":{"rotation":180,"uv":[2.75,9.25,3.25,9.5],"texture":"#2"},"east":{"uv":[11,7.5,11.5,8],"texture":"#2"},"up":{"rotation":180,"uv":[7.5,4.75,8,5],"texture":"#2"}}},{"to":[15.0925,19.93308,4.92969],"rotation":{"origin":[8.01866,8,8],"angle":22.5,"axis":"x"},"from":[14.6875,19.68245,3.66969],"faces":{"east":{"rotation":90,"uv":[11,7.5,11.5,8],"texture":"#2"},"north":{"rotation":180,"uv":[6.75,11.5,7.25,11.75],"texture":"#2"},"south":{"rotation":180,"uv":[1.25,9.75,1.75,10],"texture":"#2"}}},{"to":[15.0925,18.12291,0.18804],"rotation":{"origin":[8.01866,8,8],"angle":45,"axis":"x"},"from":[14.6875,16.86291,-0.06259],"faces":{"down":{"rotation":180,"uv":[2.75,9.25,3.25,9.75],"texture":"#2"},"east":{"uv":[11,7.5,11.5,8],"texture":"#2"},"up":{"uv":[9,4.75,9.5,5],"texture":"#2"}}},{"to":[15.0925,19.09118,14.36284],"rotation":{"origin":[8.01866,8,8],"angle":-22.5,"axis":"x"},"from":[14.6875,18.84055,13.10284],"faces":{"east":{"rotation":270,"uv":[11,7.5,11.5,8],"texture":"#2"},"north":{"rotation":180,"uv":[2.5,10,3,10.5],"texture":"#2"},"south":{"rotation":180,"uv":[6.25,11.5,6.75,11.75],"texture":"#2"}}},{"to":[15.0925,20.45032,9.73],"rotation":{"origin":[8.01866,8,8],"angle":0,"axis":"y"},"from":[14.6875,20.19968,8.47],"faces":{"east":{"uv":[11,7.5,11.5,8],"texture":"#2"},"north":{"rotation":180,"uv":[4.75,11,5.25,11.25],"texture":"#2"},"south":{"rotation":180,"uv":[5.5,11,6,11.25],"texture":"#2"}}},{"to":[15.4075,20.91,9.21636],"rotation":{"origin":[8.01866,8,8],"angle":0,"axis":"y"},"from":[15.0925,19.74,8.98364],"faces":{"down":{"rotation":180,"uv":[7.75,8,8.25,8.25],"texture":"#2"},"east":{"uv":[11,7.5,11.5,8],"texture":"#2"},"up":{"uv":[3.25,4,3.75,4.25],"texture":"#2"}}},{"to":[15.4075,20.39277,4.41606],"rotation":{"origin":[8.01866,8,8],"angle":22.5,"axis":"x"},"from":[15.0925,19.22277,4.18333],"faces":{"down":{"uv":[4.25,8,4.75,8.25],"texture":"#2"},"east":{"uv":[11,7.5,11.5,8],"texture":"#2"},"up":{"uv":[11.25,3.25,11.75,3.5],"texture":"#2"}}},{"to":[15.4075,19.55086,13.8492],"rotation":{"origin":[8.01866,8,8],"angle":-22.5,"axis":"x"},"from":[15.0925,18.38086,13.61648],"faces":{"down":{"rotation":180,"uv":[4.25,8,4.75,8.25],"texture":"#2"},"east":{"uv":[11,7.5,11.5,8],"texture":"#2"},"up":{"uv":[11,3,11.5,3.25],"texture":"#2"}}},{"to":[15.4075,18.07791,0.17909],"rotation":{"origin":[8.01866,8,8],"angle":45,"axis":"x"},"from":[15.0925,16.90791,-0.05363],"faces":{"down":{"rotation":180,"uv":[2.75,9.25,3.25,9.75],"texture":"#2"},"east":{"uv":[11,7.5,11.5,8],"texture":"#2"},"up":{"uv":[6.5,4.75,7,5],"texture":"#2"}}},{"to":[15.4075,16.52227,17.60927],"rotation":{"origin":[8.01866,8,8],"angle":-45,"axis":"x"},"from":[15.0925,15.35227,17.37655],"faces":{"down":{"rotation":180,"uv":[2.75,9.25,3.25,9.5],"texture":"#2"},"east":{"uv":[11,7.5,11.5,8],"texture":"#2"},"up":{"rotation":180,"uv":[8,4.75,8.5,5],"texture":"#2"}}},{"to":[15.4075,19.08222,14.31784],"rotation":{"origin":[8.01866,8,8],"angle":-22.5,"axis":"x"},"from":[15.0925,18.8495,13.14784],"faces":{"east":{"rotation":270,"uv":[11,7.5,11.5,8],"texture":"#2"},"north":{"rotation":180,"uv":[2.5,10,3,10.5],"texture":"#2"},"south":{"rotation":180,"uv":[7.5,11.5,8,11.75],"texture":"#2"}}},{"to":[15.4075,19.92413,4.88469],"rotation":{"origin":[8.01866,8,8],"angle":22.5,"axis":"x"},"from":[15.0925,19.69141,3.71469],"faces":{"east":{"rotation":90,"uv":[11,7.5,11.5,8],"texture":"#2"},"north":{"rotation":180,"uv":[7,11.5,7.5,11.75],"texture":"#2"},"south":{"rotation":180,"uv":[1.25,9.75,1.75,10],"texture":"#2"}}},{"to":[15.4075,20.44136,9.685],"rotation":{"origin":[8.01866,8,8],"angle":0,"axis":"y"},"from":[15.0925,20.20864,8.515],"faces":{"east":{"uv":[11,7.5,11.5,8],"texture":"#2"},"north":{"rotation":180,"uv":[6.25,11,6.75,11.25],"texture":"#2"},"south":{"rotation":180,"uv":[5.5,11,6,11.25],"texture":"#2"}}},{"to":[10.86683,22.7133,9.28],"rotation":{"origin":[8.01866,8,8],"angle":-22.5,"axis":"z"},"from":[9.92183,22.3533,8.92],"faces":{"east":{"uv":[7.5,2,8,2.5],"texture":"#2"},"north":{"uv":[6,4.5,6.5,5],"texture":"#2"},"up":{"uv":[4,4,4.5,4.5],"texture":"#2"},"south":{"uv":[5.75,4.5,6.25,5],"texture":"#2"}}},{"to":[20.29999,16.42033,9.28],"rotation":{"origin":[8.01866,8,8],"angle":22.5,"axis":"z"},"from":[19.35499,16.06033,8.92],"faces":{"down":{"rotation":180,"uv":[15,8,15.5,8.5],"texture":"#2"},"east":{"uv":[7.5,2,8,2.5],"texture":"#2"},"north":{"rotation":180,"uv":[5,8,5.5,8.5],"texture":"#2"},"south":{"rotation":180,"uv":[5,8,5.5,8.5],"texture":"#2"}}},{"to":[15.16246,20.505,12.34276],"rotation":{"origin":[8.01866,8,8],"angle":22.5,"axis":"y"},"from":[14.21746,20.145,11.93776],"faces":{"down":{"rotation":180,"uv":[9,10.25,9.5,10.75],"texture":"#2"},"east":{"uv":[7.5,2,8,2.5],"texture":"#2"},"up":{"uv":[6.5,4.75,7,5.25],"texture":"#2"},"south":{"rotation":180,"uv":[4.75,11.25,5.25,11.75],"texture":"#2"}}},{"to":[16.00436,20.505,6.09478],"rotation":{"origin":[8.01866,8,8],"angle":-22.5,"axis":"y"},"from":[15.05936,20.145,5.68978],"faces":{"down":{"rotation":180,"uv":[9,10.25,9.5,10.75],"texture":"#2"},"east":{"uv":[7.5,2,8,2.5],"texture":"#2"},"north":{"rotation":180,"uv":[4.75,11.25,5.25,11.75],"texture":"#2"},"up":{"rotation":180,"uv":[6.5,4.75,7,5.25],"texture":"#2"}}},{"to":[2.74,21.45,9.32378],"rotation":{"origin":[8.01866,8,8],"angle":0,"axis":"y"},"from":[2.51491,19.2,8.87621],"faces":{"down":{"rotation":180,"uv":[6.25,8,6.75,8.25],"texture":"#1"},"west":{"uv":[8.25,4,8.75,6],"texture":"#1"},"east":{"uv":[12.5,7.5,13,8],"texture":"#1"},"up":{"rotation":180,"uv":[3.5,3.75,4,4.25],"texture":"#1"}}},{"to":[2.74009,20.93277,4.52348],"rotation":{"origin":[8.01866,8,8],"angle":22.5,"axis":"x"},"from":[2.515,18.68277,4.07591],"faces":{"down":{"rotation":180,"uv":[6.25,8,6.75,8.25],"texture":"#1"},"west":{"uv":[7.25,4,7.75,6],"texture":"#1"},"east":{"uv":[12.5,7.5,13,8],"texture":"#1"},"up":{"uv":[3.5,4.25,4,4.75],"texture":"#1"}}},{"to":[2.74009,20.09086,13.95663],"rotation":{"origin":[8.01866,8,8],"angle":-22.5,"axis":"x"},"from":[2.515,17.84086,13.50906],"faces":{"down":{"rotation":180,"uv":[6.25,8,6.75,8.25],"texture":"#1"},"west":{"uv":[7.25,4,7.75,6],"texture":"#1"},"east":{"uv":[12.5,7.5,13,8],"texture":"#1"},"up":{"rotation":180,"uv":[3.5,4.25,4,4.75],"texture":"#1"}}},{"to":[2.74,18.61791,0.28651],"rotation":{"origin":[8.01866,8,8],"angle":45,"axis":"x"},"from":[2.51491,16.36791,-0.16106],"faces":{"down":{"rotation":180,"uv":[6.25,8,6.75,8.25],"texture":"#1"},"west":{"uv":[10.75,4.5,11.25,6.5],"texture":"#1"},"east":{"uv":[12.5,7.5,13,8],"texture":"#1"},"up":{"uv":[3.75,4.75,4.25,5.25],"texture":"#1"}}},{"to":[2.74,17.06227,17.71669],"rotation":{"origin":[8.01866,8,8],"angle":-45,"axis":"x"},"from":[2.51491,14.81227,17.26912],"faces":{"down":{"rotation":180,"uv":[6.25,8,6.75,8.25],"texture":"#1"},"west":{"uv":[6.75,4.5,7.25,6.5],"texture":"#1"},"east":{"uv":[12.5,7.5,13,8],"texture":"#1"},"up":{"rotation":180,"uv":[7.75,4.75,8.25,5.25],"texture":"#1"}}},{"to":[2.74009,19.18965,14.85784],"rotation":{"origin":[8.01866,8,8],"angle":-22.5,"axis":"x"},"from":[2.515,18.74208,12.60784],"faces":{"west":{"rotation":90,"uv":[0.5,4.75,1,6.75],"texture":"#1"},"east":{"rotation":270,"uv":[12.5,7.5,13,8],"texture":"#1"},"north":{"rotation":180,"uv":[6.75,8,7.25,8.5],"texture":"#1"},"south":{"uv":[5.25,5.5,5.75,6],"texture":"#1"}}},{"to":[2.74009,20.03155,5.42469],"rotation":{"origin":[8.01866,8,8],"angle":22.5,"axis":"x"},"from":[2.515,19.58398,3.17469],"faces":{"west":{"rotation":270,"uv":[0.75,4.75,1.25,6.75],"texture":"#1"},"east":{"rotation":90,"uv":[12.5,7.5,13,8],"texture":"#1"},"north":{"uv":[6.75,5.5,7.25,6],"texture":"#1"},"south":{"rotation":180,"uv":[6,8,6.5,8.5],"texture":"#1"}}},{"to":[2.74,20.54878,10.225],"rotation":{"origin":[8.01866,8,8],"angle":0,"axis":"y"},"from":[2.51491,20.10121,7.975],"faces":{"west":{"rotation":90,"uv":[7.25,9.5,7.75,11.5],"texture":"#1"},"east":{"uv":[12.5,7.5,13,8],"texture":"#1"},"north":{"rotation":180,"uv":[4.25,8.25,4.75,8.75],"texture":"#1"},"south":{"rotation":180,"uv":[6.25,8.25,6.75,8.75],"texture":"#1"}}},{"to":[3.1,21.225,9.27902],"rotation":{"origin":[8.01866,8,8],"angle":0,"axis":"y"},"from":[2.73991,19.425,8.92098],"faces":{"down":{"uv":[5.75,8,6.25,8.25],"texture":"#1"},"up":{"rotation":180,"uv":[10,2.75,10.5,3.25],"texture":"#1"}}},{"to":[3.1,20.70777,4.47871],"rotation":{"origin":[8.01866,8,8],"angle":22.5,"axis":"x"},"from":[2.73991,18.90777,4.12068],"faces":{"down":{"uv":[5.75,8,6.25,8.25],"texture":"#1"},"up":{"rotation":180,"uv":[11,2.5,11.5,3],"texture":"#1"}}},{"to":[3.1,19.86586,13.91186],"rotation":{"origin":[8.01866,8,8],"angle":-22.5,"axis":"x"},"from":[2.73991,18.06586,13.55382],"faces":{"down":{"uv":[5.75,8,6.25,8.25],"texture":"#1"},"up":{"rotation":180,"uv":[8.5,4,9,4.5],"texture":"#1"}}},{"to":[3.1,18.39291,0.24175],"rotation":{"origin":[8.01866,8,8],"angle":45,"axis":"x"},"from":[2.73991,16.59291,-0.11629],"faces":{"down":{"uv":[5.75,8,6.25,8.25],"texture":"#1"},"up":{"uv":[3.25,4.25,3.75,4.75],"texture":"#1"}}},{"to":[3.1,19.14488,14.63284],"rotation":{"origin":[8.01866,8,8],"angle":-22.5,"axis":"x"},"from":[2.73991,18.78684,12.83284],"faces":{"north":{"rotation":180,"uv":[3,8,3.5,8.5],"texture":"#1"},"south":{"uv":[3.25,4.75,3.75,5.25],"texture":"#1"}}},{"to":[3.1,16.83727,17.67193],"rotation":{"origin":[8.01866,8,8],"angle":-45,"axis":"x"},"from":[2.73991,15.03727,17.31389],"faces":{"down":{"uv":[5.75,8,6.25,8.25],"texture":"#1"},"up":{"rotation":180,"uv":[3.25,4.25,3.75,4.75],"texture":"#1"}}},{"to":[3.1,19.98679,5.19969],"rotation":{"origin":[8.01866,8,8],"angle":22.5,"axis":"x"},"from":[2.73991,19.62875,3.39969],"faces":{"north":{"uv":[3.25,4.75,3.75,5.25],"texture":"#1"},"south":{"rotation":180,"uv":[3,8,3.5,8.5],"texture":"#1"}}},{"to":[3.1,20.50402,10],"rotation":{"origin":[8.01866,8,8],"angle":0,"axis":"y"},"from":[2.73991,20.14598,8.2],"faces":{"north":{"uv":[3.25,5.25,3.75,5.75],"texture":"#1"},"south":{"uv":[3.25,5.25,3.75,5.75],"texture":"#1"}}},{"to":[15.3,18.801,9.651],"rotation":{"origin":[8,17.6,8],"angle":0,"axis":"y"},"from":[12.4,14.301,8.449],"faces":{"up":{"rotation":180,"uv":[9.75,4,8.5,5],"texture":"#2"}}},{"to":[12.4,18.801,9.751],"rotation":{"origin":[8,17.6,8],"angle":0,"axis":"y"},"from":[10.8,14.301,8.349],"faces":{"up":{"rotation":180,"uv":[10,4,8.5,5.25],"texture":"#1"}}},{"to":[10.8,18.801,9.951],"rotation":{"origin":[8,17.6,8],"angle":0,"axis":"y"},"from":[2.5,14.301,8.149],"faces":{"up":{"rotation":180,"uv":[13,4,8.5,5.25],"texture":"#1"}}},{"to":[10.8,18.801,7.751],"rotation":{"origin":[8,17.6,8],"angle":0,"axis":"y"},"from":[2.5,14.301,5.949],"faces":{"up":{"rotation":180,"uv":[13,4,8.5,5.25],"texture":"#1"}}},{"to":[12.4,18.801,7.551],"rotation":{"origin":[8,17.6,8],"angle":0,"axis":"y"},"from":[10.8,14.301,6.149],"faces":{"up":{"rotation":180,"uv":[10,4,8.5,5.25],"texture":"#1"}}},{"to":[16.6,18.8,10.451],"rotation":{"origin":[8,17.6,8],"angle":0,"axis":"y"},"from":[2.1,-8.3,5.549],"faces":{"down":{"rotation":90,"uv":[6.5,8.5,7.5,13],"texture":"#6"},"up":{"rotation":180,"uv":[0,15.5,2.75,16],"texture":"#6"}}},{"to":[16.3,18.801,9.351],"rotation":{"origin":[8,17.6,8],"angle":0,"axis":"y"},"from":[15.3,14.301,8.749],"faces":{"up":{"rotation":180,"uv":[9.75,4,8.5,5],"texture":"#2"}}},{"to":[16.3,18.801,7.151],"rotation":{"origin":[8,17.6,8],"angle":0,"axis":"y"},"from":[15.3,14.301,6.549],"faces":{"up":{"rotation":180,"uv":[9.75,4,8.5,5],"texture":"#2"}}},{"to":[15.3,18.801,7.451],"rotation":{"origin":[8,17.6,8],"angle":0,"axis":"y"},"from":[12.4,14.301,6.249],"faces":{"up":{"rotation":180,"uv":[9.75,4,8.5,5],"texture":"#2"}}}],"display":{"thirdperson_righthand":{"rotation":[0,100,0],"scale":[0.15,0.15,0.15],"translation":[-0.5,0,0]},"head":{"scale":[0.3,0.3,0.3]},"thirdperson_lefthand":{"rotation":[0,-81,-13],"scale":[0.15,0.15,0.15],"translation":[-0.5,0,0]},"gui":{"rotation":[0,180,30],"scale":[0.6,0.6,0.6],"translation":[1,0.25,0]},"firstperson_lefthand":{"rotation":[-28,-113,-29],"scale":[0.3,0.3,0.3],"translation":[3,0,0.5]},"firstperson_righthand":{"rotation":[-71,71,60],"scale":[0.3,0.3,0.3],"translation":[3,0,0.5]},"fixed":{"translation":[0,1.5,-1.5],"scale":[-0.3,0.3,-0.3]},"ground":{"translation":[0,2.75,0],"scale":[0.15,0.15,0.15]}},"credit":"thebradqq's guns"}