{"textures":{"1":"mgs:gun/copper","0":"mgs:gun/brass","2":"mgs:gun/metal_dark"},"gui_light":"front","elements":[{"to":[8.7483,-10.6041,9.798],"rotation":{"origin":[8.1472,-11.32315,8.25],"angle":0,"axis":"z"},"from":[5.4211,-11.5172,6.202],"faces":{"west":{"rotation":270,"uv":[2,10,2.5,11.51],"texture":"#2"},"east":{"rotation":90,"uv":[2,10.25,2.5,11.76],"texture":"#2"},"north":{"rotation":270,"uv":[3,8.5,3.25,9.51],"texture":"#2"},"south":{"rotation":90,"uv":[3,8.5,3.25,9.51],"texture":"#2"}}},{"to":[6.5483,-11.5172,9.798],"rotation":{"origin":[8.1472,-11.23625,8.25],"angle":0,"axis":"z"},"from":[5.4211,-12.1303,6.202],"faces":{"west":{"rotation":270,"uv":[2,10,2.5,11.51],"texture":"#2"},"east":{"rotation":90,"uv":[2,10.25,2.5,11.76],"texture":"#2"},"north":{"rotation":270,"uv":[3,8.5,3.25,9.01],"texture":"#2"},"south":{"rotation":90,"uv":[3,8.5,3.25,9.01],"texture":"#2"}}},{"to":[11.35416,-11.89334,9.9675],"rotation":{"origin":[5.4039,-10.6933,6.20855],"angle":22.5,"axis":"z"},"from":[4.63896,-12.75114,5.93881],"faces":{"north":{"uv":[2.75,7.25,5.75,7.75],"texture":"#2"},"west":{"uv":[0,7.25,0.5,7.75],"texture":"#2"},"up":{"rotation":270,"uv":[7,10,9.25,11.75],"texture":"#2"},"down":{"rotation":270,"uv":[7,10,9.25,11.75],"texture":"#2"},"east":{"uv":[15.25,7.25,15.75,7.75],"texture":"#2"},"south":{"uv":[2.75,7.25,5.75,7.75],"texture":"#2"}}},{"to":[5.5211,8.3959,9.8],"rotation":{"origin":[6.9211,-0.6041,6.9],"angle":0,"axis":"z"},"from":[5.4211,-10.6041,6.2],"faces":{"west":{"rotation":270,"uv":[2,10,12.5,11.51],"texture":"#2"},"east":{"rotation":270,"uv":[8.5,8,8.75,8.25],"texture":"#2"}}},{"to":[5.52,-2.5041,7.35],"rotation":{"origin":[6.9211,-0.6041,6.65],"angle":0,"axis":"z"},"from":[5.42,-3.0041,6.85],"faces":{"west":{"uv":[8.25,2,8.75,2.51],"texture":"#2"}}},{"to":[5.52,-4.2041,7.35],"rotation":{"origin":[6.9211,-0.6041,6.65],"angle":0,"axis":"z"},"from":[5.42,-4.7041,6.85],"faces":{"west":{"uv":[8.25,2,8.75,2.51],"texture":"#2"}}},{"to":[5.52,-5.9041,7.35],"rotation":{"origin":[6.9211,-0.6041,6.65],"angle":0,"axis":"z"},"from":[5.42,-6.4041,6.85],"faces":{"west":{"uv":[8.25,2,8.75,2.51],"texture":"#2"}}},{"to":[5.52,-0.8041,9.05],"rotation":{"origin":[6.9211,-0.6041,6.65],"angle":0,"axis":"z"},"from":[5.42,-1.3041,8.55],"faces":{"west":{"uv":[8.25,2,8.75,2.51],"texture":"#2"}}},{"to":[5.52,-2.5041,9.05],"rotation":{"origin":[6.9211,-0.6041,6.65],"angle":0,"axis":"z"},"from":[5.42,-3.0041,8.55],"faces":{"west":{"uv":[8.25,2,8.75,2.51],"texture":"#2"}}},{"to":[5.52,-4.2041,9.05],"rotation":{"origin":[6.9211,-0.6041,6.65],"angle":0,"axis":"z"},"from":[5.42,-4.7041,8.55],"faces":{"west":{"uv":[8.25,2,8.75,2.51],"texture":"#2"}}},{"to":[5.52,-5.9041,9.05],"rotation":{"origin":[6.9211,-0.6041,6.65],"angle":0,"axis":"z"},"from":[5.42,-6.4041,8.55],"faces":{"west":{"uv":[8.25,2,8.75,2.51],"texture":"#2"}}},{"to":[10.7211,8.3959,6.4],"rotation":{"origin":[6.9211,-2.1051,9.1],"angle":0,"axis":"z"},"from":[5.4211,-6.6051,6.2],"faces":{"up":{"rotation":270,"uv":[0,7,0.5,7.5],"texture":"#2"},"south":{"rotation":270,"uv":[8.5,8,8.75,8.25],"texture":"#2"}}},{"to":[10.8211,8.3959,9.8],"rotation":{"origin":[6.9211,-0.6041,6.4],"angle":0,"axis":"z"},"from":[10.6211,-9.8041,6.2],"faces":{"west":{"rotation":270,"uv":[8.5,8,8.75,8.25],"texture":"#2"},"east":{"rotation":90,"uv":[2,10.25,12.5,11.76],"texture":"#2"},"up":{"rotation":270,"uv":[0,7,0.5,7.5],"texture":"#2"}}},{"to":[10.7211,8.3959,9.8],"rotation":{"origin":[6.9211,-0.6051,6.4],"angle":0,"axis":"z"},"from":[5.4211,-6.6051,9.6],"faces":{"north":{"rotation":270,"uv":[8.5,8,8.75,8.25],"texture":"#2"},"up":{"rotation":270,"uv":[0,7,0.5,7.5],"texture":"#2"}}},{"to":[10.8211,8.3959,9.8],"rotation":{"origin":[6.9211,-3.1041,6.4],"angle":0,"axis":"z"},"from":[5.4211,-10.6041,6.2],"faces":{"north":{"rotation":270,"uv":[3.25,7.75,13.75,9.51],"texture":"#2"},"south":{"rotation":270,"uv":[3.25,9.51,13.75,7.75],"texture":"#2"}}},{"to":[8.8211,9.36712,6.84162],"rotation":{"origin":[6.32135,9.2416,7.75],"angle":22.5,"axis":"x"},"from":[5.4211,7.86712,6.64162],"faces":{"east":{"rotation":270,"uv":[3,11.5,3.5,12],"texture":"#2"},"north":{"rotation":270,"uv":[12.75,8.25,13.75,9.51],"texture":"#2"},"south":{"rotation":270,"uv":[8.5,8,8.75,8.25],"texture":"#2"}}},{"to":[8.8211,9.89992,7.4372],"rotation":{"origin":[6.32135,10.09992,7.5872],"angle":45,"axis":"x"},"from":[5.4211,9.29992,7.2372],"faces":{"east":{"rotation":270,"uv":[3,11.5,3.5,12],"texture":"#2"},"north":{"rotation":270,"uv":[12.75,8.25,13.75,9.51],"texture":"#2"},"up":{"rotation":270,"uv":[0,7,0.5,7.5],"texture":"#2"},"south":{"rotation":270,"uv":[8.5,8,8.75,8.25],"texture":"#2"}}},{"to":[8.8211,9.89992,8.7628],"rotation":{"origin":[6.32135,10.09992,8.4128],"angle":-45,"axis":"x"},"from":[5.4211,9.29992,8.5628],"faces":{"east":{"rotation":270,"uv":[3,12,3.5,11.5],"texture":"#2"},"north":{"rotation":270,"uv":[8.5,8.25,8.75,8],"texture":"#2"},"up":{"rotation":270,"uv":[0.5,7,0,7.5],"texture":"#2"},"south":{"rotation":270,"uv":[12.75,9.51,13.75,8.25],"texture":"#2"}}},{"to":[8.8211,9.36712,9.35838],"rotation":{"origin":[6.32135,9.2416,8.25],"angle":-22.5,"axis":"x"},"from":[5.4211,7.86712,9.15838],"faces":{"east":{"rotation":90,"uv":[3,11.5,3.5,12],"texture":"#2"},"north":{"rotation":270,"uv":[8.5,8,8.75,8.25],"texture":"#2"},"south":{"rotation":90,"uv":[12.75,8.25,13.75,9.51],"texture":"#2"}}},{"to":[5.6221,9.36712,9.35838],"rotation":{"origin":[6.32135,9.2416,8.25],"angle":-22.5,"axis":"x"},"from":[5.4211,7.86712,8.15838],"faces":{"west":{"rotation":270,"uv":[5.5,10.5,7,11.25],"texture":"#2"},"east":{"rotation":270,"uv":[8.5,8,8.75,8.25],"texture":"#2"}}},{"to":[5.6221,9.36712,7.84162],"rotation":{"origin":[6.32135,9.2416,7.75],"angle":22.5,"axis":"x"},"from":[5.4211,7.86712,6.64162],"faces":{"west":{"rotation":270,"uv":[0.5,9.5,2,10.25],"texture":"#2"},"east":{"rotation":270,"uv":[8.5,8,8.75,8.25],"texture":"#2"}}},{"to":[5.6221,9.89992,8.2372],"rotation":{"origin":[6.32135,10.09992,7.5872],"angle":45,"axis":"x"},"from":[5.4211,9.29992,7.2372],"faces":{"west":{"rotation":270,"uv":[0.5,9.5,2,10.25],"texture":"#2"},"east":{"rotation":270,"uv":[8.5,8,8.75,8.25],"texture":"#2"},"up":{"rotation":270,"uv":[0,7,0.5,7.5],"texture":"#2"}}},{"to":[5.6221,9.89992,8.7628],"rotation":{"origin":[6.32135,10.09992,8.4128],"angle":-45,"axis":"x"},"from":[5.4211,9.29992,7.7628],"faces":{"west":{"rotation":270,"uv":[0.5,10.25,2,9.5],"texture":"#2"},"east":{"rotation":270,"uv":[8.5,8.25,8.75,8],"texture":"#2"},"up":{"rotation":270,"uv":[0.5,7,0,7.5],"texture":"#2"}}},{"to":[5.6211,9.6459,8.60315],"rotation":{"origin":[6.9711,8.3959,6.50315],"angle":0,"axis":"x"},"from":[5.4211,8.3959,7.30315],"faces":{"west":{"rotation":270,"uv":[0.5,9.75,2,10.75],"texture":"#2"},"east":{"rotation":270,"uv":[8.5,8,8.75,8.25],"texture":"#2"}}},{"to":[6.36464,9.78643,8.68587],"rotation":{"origin":[2.32654,-3.31,8],"angle":0,"axis":"y"},"from":[5.83363,9.51357,7.31412],"faces":{"north":{"uv":[3.25,5.25,3.75,5.75],"texture":"#0"},"south":{"uv":[3.25,5.25,3.75,5.75],"texture":"#0"}}},{"to":[5.85585,10.42438,8.15403],"rotation":{"origin":[0.08943,9.08,8],"angle":0,"axis":"y"},"from":[5.72301,8.87563,7.84596],"faces":{"down":{"rotation":180,"uv":[6.25,8,6.75,8.25],"texture":"#0"},"west":{"uv":[8.25,4,8.75,6],"texture":"#0"},"east":{"uv":[12.5,7.5,13,8],"texture":"#0"},"up":{"rotation":180,"uv":[3.5,3.75,4,4.25],"texture":"#0"}}},{"to":[5.78859,10.004,8.07042],"rotation":{"origin":[2.32654,-3.31,8],"angle":0,"axis":"y"},"from":[5.70009,9.296,7.92959],"faces":{"down":{"uv":[9.5,8,9.75,8.25],"texture":"#0"},"west":{"uv":[6.25,4.5,6.75,5.25],"texture":"#0"},"up":{"uv":[3.25,4,3.5,4.5],"texture":"#0"}}},{"to":[9.00014,10.42438,8.15403],"rotation":{"origin":[1.79554,-3.31,8],"angle":0,"axis":"y"},"from":[6.09914,8.87563,7.84596],"faces":{"down":{"rotation":180,"uv":[5.5,7.75,7.5,8.25],"texture":"#0"},"west":{"uv":[12.5,7.5,13,8],"texture":"#0"},"east":{"uv":[5.25,10.5,5.75,11],"texture":"#0"},"up":{"uv":[2,3.25,4,3.75],"texture":"#0"}}},{"to":[9.00014,9.80837,5.05717],"rotation":{"origin":[1.81514,1.5575,8],"angle":22.5,"axis":"x"},"from":[6.09914,8.25962,4.7491],"faces":{"down":{"rotation":180,"uv":[3,9,5,9.5],"texture":"#0"},"west":{"uv":[12.5,7.5,13,8],"texture":"#0"},"east":{"uv":[5.25,10.5,5.75,11],"texture":"#0"},"up":{"uv":[2,3.75,4,4.25],"texture":"#0"}}},{"to":[9.00014,9.80837,11.2509],"rotation":{"origin":[1.81514,1.5575,8],"angle":-22.5,"axis":"x"},"from":[6.09914,8.25962,10.94283],"faces":{"down":{"rotation":180,"uv":[3.5,8,5.5,8.5],"texture":"#0"},"west":{"uv":[12.5,7.5,13,8],"texture":"#0"},"east":{"uv":[5.25,10.5,5.75,11],"texture":"#0"},"up":{"uv":[0,3.25,2,3.75],"texture":"#0"}}},{"to":[9.00014,8.05414,2.43177],"rotation":{"origin":[1.81514,1.5575,8],"angle":45,"axis":"x"},"from":[6.09914,6.50539,2.1237],"faces":{"down":{"rotation":180,"uv":[5.75,5.5,7.75,6],"texture":"#0"},"west":{"uv":[12.5,7.5,13,8],"texture":"#0"},"east":{"uv":[5.25,10.5,5.75,11],"texture":"#0"},"up":{"uv":[5.25,4.25,7.25,4.75],"texture":"#0"}}},{"to":[9.00014,8.05414,13.8763],"rotation":{"origin":[1.81514,1.5575,8],"angle":-45,"axis":"x"},"from":[6.09914,6.50539,13.56823],"faces":{"down":{"uv":[4.5,5.5,6.5,6],"texture":"#0"},"west":{"uv":[12.5,7.5,13,8],"texture":"#0"},"east":{"uv":[5.25,10.5,5.75,11],"texture":"#0"},"up":{"rotation":180,"uv":[1.25,4.25,3.25,4.75],"texture":"#0"}}},{"to":[9.00014,9.18803,11.87124],"rotation":{"origin":[1.81514,1.5575,8],"angle":-22.5,"axis":"x"},"from":[6.09914,8.87996,10.32249],"faces":{"west":{"rotation":90,"uv":[12.5,7.5,13,8],"texture":"#0"},"east":{"uv":[5.25,10.5,5.75,11],"texture":"#0"},"north":{"uv":[6.25,5,8.25,5.5],"texture":"#0"},"south":{"uv":[5.25,4.75,7.25,5.25],"texture":"#0"}}},{"to":[9.00014,9.18803,5.67751],"rotation":{"origin":[1.81514,1.5575,8],"angle":22.5,"axis":"x"},"from":[6.09914,8.87996,4.12876],"faces":{"west":{"rotation":270,"uv":[12.5,7.5,13,8],"texture":"#0"},"east":{"uv":[5.25,10.5,5.75,11],"texture":"#0"},"north":{"uv":[5.25,4.75,7.25,5.25],"texture":"#0"},"south":{"uv":[6.25,5,8.25,5.5],"texture":"#0"}}},{"to":[9.00014,9.80404,8.77437],"rotation":{"origin":[1.79554,-3.31,8],"angle":0,"axis":"y"},"from":[6.09914,9.49596,7.22562],"faces":{"west":{"uv":[12.5,7.5,13,8],"texture":"#0"},"east":{"uv":[5.25,10.5,5.75,11],"texture":"#0"},"north":{"uv":[3,12.25,5,12.75],"texture":"#0"},"south":{"uv":[0,12,2,12.5],"texture":"#0"}}},{"to":[9.50414,10.358,8.14083],"rotation":{"origin":[1.79554,-3.31,8],"angle":0,"axis":"y"},"from":[8.68663,8.942,7.85917],"faces":{"down":{"rotation":180,"uv":[7.75,8,8.25,8.25],"texture":"#1"},"east":{"uv":[11,7.5,11.5,8],"texture":"#1"},"up":{"uv":[3.25,4,3.75,4.25],"texture":"#1"}}},{"to":[9.50414,9.74199,11.23769],"rotation":{"origin":[3.07626,1.5575,8],"angle":-22.5,"axis":"x"},"from":[8.68663,8.32599,10.95603],"faces":{"down":{"rotation":180,"uv":[4.25,8,4.75,8.25],"texture":"#1"},"east":{"uv":[11,7.5,11.5,8],"texture":"#1"},"up":{"uv":[7.5,4.25,8,4.5],"texture":"#1"}}},{"to":[9.50414,9.74199,5.04397],"rotation":{"origin":[3.07626,1.5575,8],"angle":22.5,"axis":"x"},"from":[8.68663,8.32599,4.76231],"faces":{"down":{"uv":[4.25,8,4.75,8.25],"texture":"#1"},"east":{"uv":[11,7.5,11.5,8],"texture":"#1"},"up":{"uv":[5.5,4.25,6,4.5],"texture":"#1"}}},{"to":[9.50414,7.98777,13.8631],"rotation":{"origin":[3.07626,1.5575,8],"angle":-45,"axis":"x"},"from":[8.68663,6.57177,13.58143],"faces":{"down":{"rotation":180,"uv":[2.75,9.25,3.25,9.5],"texture":"#1"},"east":{"uv":[11,7.5,11.5,8],"texture":"#1"},"up":{"rotation":180,"uv":[6.5,4.75,7,5],"texture":"#1"}}},{"to":[9.50414,7.98777,2.41857],"rotation":{"origin":[3.07626,1.5575,8],"angle":45,"axis":"x"},"from":[8.68663,6.57177,2.1369],"faces":{"down":{"rotation":180,"uv":[2.75,9.25,3.25,9.75],"texture":"#1"},"east":{"uv":[11,7.5,11.5,8],"texture":"#1"},"up":{"uv":[8.5,4.75,9,5],"texture":"#1"}}},{"to":[9.50414,9.17482,5.61114],"rotation":{"origin":[3.07626,1.5575,8],"angle":22.5,"axis":"x"},"from":[8.68663,8.89317,4.19514],"faces":{"east":{"rotation":90,"uv":[11,7.5,11.5,8],"texture":"#1"},"north":{"rotation":180,"uv":[5.5,11.5,6,11.75],"texture":"#1"},"south":{"rotation":180,"uv":[1.25,9.75,1.75,10],"texture":"#1"}}},{"to":[9.50414,9.17482,11.80486],"rotation":{"origin":[3.07626,1.5575,8],"angle":-22.5,"axis":"x"},"from":[8.68663,8.89317,10.38886],"faces":{"east":{"rotation":270,"uv":[11,7.5,11.5,8],"texture":"#1"},"north":{"rotation":180,"uv":[2.5,10,3,10.5],"texture":"#1"},"south":{"rotation":180,"uv":[5.5,11.5,6,11.75],"texture":"#1"}}},{"to":[9.50414,9.79083,8.708],"rotation":{"origin":[1.79554,-3.31,8],"angle":0,"axis":"y"},"from":[8.68663,9.50917,7.292],"faces":{"east":{"uv":[11,7.5,11.5,8],"texture":"#1"},"north":{"rotation":180,"uv":[5.5,11,6,11.25],"texture":"#1"},"south":{"rotation":180,"uv":[5.5,11,6,11.25],"texture":"#1"}}},{"to":[9.76963,10.31375,8.13202],"rotation":{"origin":[1.79554,-3.31,8],"angle":0,"axis":"y"},"from":[9.50414,8.98625,7.86798],"faces":{"down":{"rotation":180,"uv":[7.75,8,8.25,8.25],"texture":"#1"},"east":{"uv":[11,7.5,11.5,8],"texture":"#1"},"up":{"uv":[3.25,4,3.75,4.25],"texture":"#1"}}},{"to":[9.76963,9.69774,5.03516],"rotation":{"origin":[3.71789,1.5575,8],"angle":22.5,"axis":"x"},"from":[9.50414,8.37024,4.77112],"faces":{"down":{"uv":[4.25,8,4.75,8.25],"texture":"#1"},"east":{"uv":[11,7.5,11.5,8],"texture":"#1"},"up":{"uv":[12.75,2.25,13.25,2.5],"texture":"#1"}}},{"to":[9.76963,9.69774,11.22888],"rotation":{"origin":[3.71789,1.5575,8],"angle":-22.5,"axis":"x"},"from":[9.50414,8.37024,10.96484],"faces":{"down":{"rotation":180,"uv":[4.25,8,4.75,8.25],"texture":"#1"},"east":{"uv":[11,7.5,11.5,8],"texture":"#1"},"up":{"uv":[8.5,4.25,9,4.5],"texture":"#1"}}},{"to":[9.76963,7.94352,2.40976],"rotation":{"origin":[3.71789,1.5575,8],"angle":45,"axis":"x"},"from":[9.50414,6.61602,2.14571],"faces":{"down":{"rotation":180,"uv":[2.75,9.25,3.25,9.75],"texture":"#1"},"east":{"uv":[11,7.5,11.5,8],"texture":"#1"},"up":{"uv":[9.25,4.75,9.75,5],"texture":"#1"}}},{"to":[9.76963,7.94352,13.85429],"rotation":{"origin":[3.71789,1.5575,8],"angle":-45,"axis":"x"},"from":[9.50414,6.61602,13.59024],"faces":{"down":{"rotation":180,"uv":[2.75,9.25,3.25,9.5],"texture":"#1"},"east":{"uv":[11,7.5,11.5,8],"texture":"#1"},"up":{"rotation":180,"uv":[5.75,4.75,6.25,5],"texture":"#1"}}},{"to":[9.76963,9.16602,11.76061],"rotation":{"origin":[3.71789,1.5575,8],"angle":-22.5,"axis":"x"},"from":[9.50414,8.90197,10.43311],"faces":{"east":{"rotation":270,"uv":[11,7.5,11.5,8],"texture":"#1"},"north":{"rotation":180,"uv":[2.5,10,3,10.5],"texture":"#1"},"south":{"rotation":180,"uv":[6.25,11.5,6.75,11.75],"texture":"#1"}}},{"to":[9.76963,9.16602,5.56689],"rotation":{"origin":[3.71789,1.5575,8],"angle":22.5,"axis":"x"},"from":[9.50414,8.90197,4.23939],"faces":{"east":{"rotation":90,"uv":[11,7.5,11.5,8],"texture":"#1"},"north":{"rotation":180,"uv":[4.75,11.5,5.25,11.75],"texture":"#1"},"south":{"rotation":180,"uv":[1.25,9.75,1.75,10],"texture":"#1"}}},{"to":[9.76963,9.78202,8.66375],"rotation":{"origin":[1.79554,-3.31,8],"angle":0,"axis":"y"},"from":[9.50414,9.51798,7.33625],"faces":{"east":{"uv":[11,7.5,11.5,8],"texture":"#1"},"north":{"rotation":180,"uv":[5.5,11,6,11.25],"texture":"#1"},"south":{"rotation":180,"uv":[5.5,11,6,11.25],"texture":"#1"}}},{"to":[9.99088,10.2695,8.12322],"rotation":{"origin":[1.79554,-3.31,8],"angle":0,"axis":"y"},"from":[9.76963,9.0305,7.87677],"faces":{"down":{"rotation":180,"uv":[7.75,8,8.25,8.25],"texture":"#1"},"east":{"uv":[11,7.5,11.5,8],"texture":"#1"},"up":{"uv":[3.25,4,3.75,4.25],"texture":"#1"}}},{"to":[9.99088,9.65349,11.22009],"rotation":{"origin":[4.07189,1.5575,8],"angle":-22.5,"axis":"x"},"from":[9.76963,8.41449,10.97364],"faces":{"down":{"rotation":180,"uv":[4.25,8,4.75,8.25],"texture":"#1"},"east":{"uv":[11,7.5,11.5,8],"texture":"#1"},"up":{"uv":[8.75,4.25,9.25,4.5],"texture":"#1"}}},{"to":[9.99088,9.65349,5.02636],"rotation":{"origin":[4.07189,1.5575,8],"angle":22.5,"axis":"x"},"from":[9.76963,8.41449,4.77991],"faces":{"down":{"uv":[4.25,8,4.75,8.25],"texture":"#1"},"east":{"uv":[11,7.5,11.5,8],"texture":"#1"},"up":{"uv":[10.5,2.75,11,3],"texture":"#1"}}},{"to":[9.99088,7.89927,13.84549],"rotation":{"origin":[4.07189,1.5575,8],"angle":-45,"axis":"x"},"from":[9.76963,6.66027,13.59904],"faces":{"down":{"rotation":180,"uv":[2.75,9.25,3.25,9.5],"texture":"#1"},"east":{"uv":[11,7.5,11.5,8],"texture":"#1"},"up":{"rotation":180,"uv":[5.75,4.75,6.25,5],"texture":"#1"}}},{"to":[9.99088,9.15722,5.52264],"rotation":{"origin":[4.07189,1.5575,8],"angle":22.5,"axis":"x"},"from":[9.76963,8.91077,4.28364],"faces":{"east":{"rotation":90,"uv":[11,7.5,11.5,8],"texture":"#1"},"north":{"rotation":180,"uv":[6.75,11.5,7.25,11.75],"texture":"#1"},"south":{"rotation":180,"uv":[1.25,9.75,1.75,10],"texture":"#1"}}},{"to":[9.99088,7.89927,2.40096],"rotation":{"origin":[4.07189,1.5575,8],"angle":45,"axis":"x"},"from":[9.76963,6.66027,2.15451],"faces":{"down":{"rotation":180,"uv":[2.75,9.25,3.25,9.75],"texture":"#1"},"east":{"uv":[11,7.5,11.5,8],"texture":"#1"},"up":{"uv":[9,4.75,9.5,5],"texture":"#1"}}},{"to":[9.99088,9.15722,11.71636],"rotation":{"origin":[4.07189,1.5575,8],"angle":-22.5,"axis":"x"},"from":[9.76963,8.91077,10.47736],"faces":{"east":{"rotation":270,"uv":[11,7.5,11.5,8],"texture":"#1"},"north":{"rotation":180,"uv":[2.5,10,3,10.5],"texture":"#1"},"south":{"rotation":180,"uv":[6.25,11.5,6.75,11.75],"texture":"#1"}}},{"to":[9.99088,9.77323,8.6195],"rotation":{"origin":[1.79554,-3.31,8],"angle":0,"axis":"y"},"from":[9.76963,9.52678,7.3805],"faces":{"east":{"uv":[11,7.5,11.5,8],"texture":"#1"},"north":{"rotation":180,"uv":[5.5,11,6,11.25],"texture":"#1"},"south":{"rotation":180,"uv":[5.5,11,6,11.25],"texture":"#1"}}},{"to":[10.12364,10.22525,8.11442],"rotation":{"origin":[1.79554,-3.31,8],"angle":0,"axis":"y"},"from":[9.99088,9.07475,7.88558],"faces":{"down":{"rotation":180,"uv":[7.75,8,8.25,8.25],"texture":"#1"},"east":{"uv":[11,7.5,11.5,8],"texture":"#1"},"up":{"uv":[3.25,4,3.75,4.25],"texture":"#1"}}},{"to":[10.12364,9.60924,5.01756],"rotation":{"origin":[3.65151,1.5575,8],"angle":22.5,"axis":"x"},"from":[9.99088,8.45874,4.78872],"faces":{"down":{"uv":[4.25,8,4.75,8.25],"texture":"#1"},"east":{"uv":[11,7.5,11.5,8],"texture":"#1"},"up":{"uv":[11.25,3.25,11.75,3.5],"texture":"#1"}}},{"to":[10.12364,9.60924,11.21128],"rotation":{"origin":[3.65151,1.5575,8],"angle":-22.5,"axis":"x"},"from":[9.99088,8.45874,10.98244],"faces":{"down":{"rotation":180,"uv":[4.25,8,4.75,8.25],"texture":"#1"},"east":{"uv":[11,7.5,11.5,8],"texture":"#1"},"up":{"uv":[11,3,11.5,3.25],"texture":"#1"}}},{"to":[10.12364,7.85502,2.39216],"rotation":{"origin":[3.65151,1.5575,8],"angle":45,"axis":"x"},"from":[9.99088,6.70452,2.16331],"faces":{"down":{"rotation":180,"uv":[2.75,9.25,3.25,9.75],"texture":"#1"},"east":{"uv":[11,7.5,11.5,8],"texture":"#1"},"up":{"uv":[6.5,4.75,7,5],"texture":"#1"}}},{"to":[10.12364,7.85502,13.83669],"rotation":{"origin":[3.65151,1.5575,8],"angle":-45,"axis":"x"},"from":[9.99088,6.70452,13.60784],"faces":{"down":{"rotation":180,"uv":[2.75,9.25,3.25,9.5],"texture":"#1"},"east":{"uv":[11,7.5,11.5,8],"texture":"#1"},"up":{"rotation":180,"uv":[8,4.75,8.5,5],"texture":"#1"}}},{"to":[10.12364,9.14841,11.67211],"rotation":{"origin":[3.65151,1.5575,8],"angle":-22.5,"axis":"x"},"from":[9.99088,8.91957,10.52161],"faces":{"east":{"rotation":270,"uv":[11,7.5,11.5,8],"texture":"#1"},"north":{"rotation":180,"uv":[2.5,10,3,10.5],"texture":"#1"},"south":{"rotation":180,"uv":[7.5,11.5,8,11.75],"texture":"#1"}}},{"to":[10.12364,9.14841,5.47839],"rotation":{"origin":[3.65151,1.5575,8],"angle":22.5,"axis":"x"},"from":[9.99088,8.91957,4.32789],"faces":{"east":{"rotation":90,"uv":[11,7.5,11.5,8],"texture":"#1"},"north":{"rotation":180,"uv":[7,11.5,7.5,11.75],"texture":"#1"},"south":{"rotation":180,"uv":[1.25,9.75,1.75,10],"texture":"#1"}}},{"to":[10.12364,9.76442,8.57525],"rotation":{"origin":[1.79554,-3.31,8],"angle":0,"axis":"y"},"from":[9.99088,9.53558,7.42475],"faces":{"east":{"uv":[11,7.5,11.5,8],"texture":"#1"},"north":{"rotation":180,"uv":[5.5,11,6,11.25],"texture":"#1"},"south":{"rotation":180,"uv":[5.5,11,6,11.25],"texture":"#1"}}},{"to":[6.93405,12.0333,8.177],"rotation":{"origin":[3.67364,2.0885,7.92862],"angle":-22.5,"axis":"z"},"from":[6.5358,11.5908,7.823],"faces":{"east":{"uv":[7.5,2,8,2.5],"texture":"#1"},"north":{"uv":[6,4.5,6.5,5],"texture":"#1"},"up":{"uv":[4,4,4.5,4.5],"texture":"#1"},"south":{"uv":[5.75,4.5,6.25,5],"texture":"#1"}}},{"to":[13.12777,6.47719,8.177],"rotation":{"origin":[3.67364,1.0265,7.92862],"angle":22.5,"axis":"z"},"from":[12.72952,6.03469,7.823],"faces":{"down":{"rotation":180,"uv":[15,8,15.5,8.5],"texture":"#1"},"east":{"uv":[7.5,2,8,2.5],"texture":"#1"},"north":{"rotation":180,"uv":[5,8,5.5,8.5],"texture":"#1"},"south":{"rotation":180,"uv":[5,8,5.5,8.5],"texture":"#1"}}},{"to":[10.03091,9.827,10.99931],"rotation":{"origin":[3.67364,1.5575,8.531],"angle":22.5,"axis":"y"},"from":[9.63266,9.473,10.51256],"faces":{"down":{"rotation":180,"uv":[9,10.25,9.5,10.75],"texture":"#1"},"east":{"uv":[7.5,2,8,2.5],"texture":"#1"},"up":{"uv":[6.5,4.75,7,5.25],"texture":"#1"},"south":{"rotation":180,"uv":[4.75,11.25,5.25,11.75],"texture":"#1"}}},{"to":[10.03091,9.827,5.48744],"rotation":{"origin":[3.67364,1.5575,7.469],"angle":-22.5,"axis":"y"},"from":[9.63266,9.473,5.00069],"faces":{"down":{"rotation":180,"uv":[9,10.25,9.5,10.75],"texture":"#1"},"east":{"uv":[7.5,2,8,2.5],"texture":"#1"},"north":{"rotation":180,"uv":[4.75,11.25,5.25,11.75],"texture":"#1"},"up":{"rotation":180,"uv":[6.5,4.75,7,5.25],"texture":"#1"}}},{"to":[5.85594,9.80837,5.05717],"rotation":{"origin":[0.13359,1.5575,8],"angle":22.5,"axis":"x"},"from":[5.7231,8.25962,4.7491],"faces":{"down":{"rotation":180,"uv":[6.25,8,6.75,8.25],"texture":"#0"},"west":{"uv":[7.25,4,7.75,6],"texture":"#0"},"east":{"uv":[12.5,7.5,13,8],"texture":"#0"},"up":{"uv":[3.5,4.25,4,4.75],"texture":"#0"}}},{"to":[5.85594,9.80837,11.2509],"rotation":{"origin":[0.13359,1.5575,8],"angle":-22.5,"axis":"x"},"from":[5.7231,8.25962,10.94283],"faces":{"down":{"rotation":180,"uv":[6.25,8,6.75,8.25],"texture":"#0"},"west":{"uv":[7.25,4,7.75,6],"texture":"#0"},"east":{"uv":[12.5,7.5,13,8],"texture":"#0"},"up":{"rotation":180,"uv":[3.5,4.25,4,4.75],"texture":"#0"}}},{"to":[5.85585,8.05414,2.43177],"rotation":{"origin":[0.13359,1.5575,8],"angle":45,"axis":"x"},"from":[5.72301,6.50539,2.1237],"faces":{"down":{"rotation":180,"uv":[6.25,8,6.75,8.25],"texture":"#0"},"west":{"uv":[10.75,4.5,11.25,6.5],"texture":"#0"},"east":{"uv":[12.5,7.5,13,8],"texture":"#0"},"up":{"uv":[3.75,4.75,4.25,5.25],"texture":"#0"}}},{"to":[5.85585,8.05414,13.8763],"rotation":{"origin":[0.13359,1.5575,8],"angle":-45,"axis":"x"},"from":[5.72301,6.50539,13.56823],"faces":{"down":{"rotation":180,"uv":[6.25,8,6.75,8.25],"texture":"#0"},"west":{"uv":[6.75,4.5,7.25,6.5],"texture":"#0"},"east":{"uv":[12.5,7.5,13,8],"texture":"#0"},"up":{"rotation":180,"uv":[7.75,4.75,8.25,5.25],"texture":"#0"}}},{"to":[5.85594,9.18803,11.87124],"rotation":{"origin":[0.13359,1.5575,8],"angle":-22.5,"axis":"x"},"from":[5.7231,8.87996,10.32249],"faces":{"west":{"rotation":90,"uv":[0.5,4.75,1,6.75],"texture":"#0"},"east":{"rotation":270,"uv":[12.5,7.5,13,8],"texture":"#0"},"north":{"rotation":180,"uv":[6.75,8,7.25,8.5],"texture":"#0"},"south":{"uv":[5.25,5.5,5.75,6],"texture":"#0"}}},{"to":[5.85594,9.18803,5.67751],"rotation":{"origin":[0.13359,1.5575,8],"angle":22.5,"axis":"x"},"from":[5.7231,8.87996,4.12876],"faces":{"west":{"rotation":270,"uv":[0.75,4.75,1.25,6.75],"texture":"#0"},"east":{"rotation":90,"uv":[12.5,7.5,13,8],"texture":"#0"},"north":{"uv":[6.75,5.5,7.25,6],"texture":"#0"},"south":{"rotation":180,"uv":[6,8,6.5,8.5],"texture":"#0"}}},{"to":[5.85585,9.80404,8.77437],"rotation":{"origin":[2.32654,-3.31,8],"angle":0,"axis":"y"},"from":[5.72301,9.49596,7.22562],"faces":{"west":{"rotation":90,"uv":[7.25,9.5,7.75,11.5],"texture":"#0"},"east":{"uv":[12.5,7.5,13,8],"texture":"#0"},"north":{"rotation":180,"uv":[4.25,8.25,4.75,8.75],"texture":"#0"},"south":{"rotation":180,"uv":[6.25,8.25,6.75,8.75],"texture":"#0"}}},{"to":[5.7885,9.38799,11.16728],"rotation":{"origin":[0.04513,1.5575,8],"angle":-22.5,"axis":"x"},"from":[5.7,8.67999,11.02645],"faces":{"down":{"rotation":180,"uv":[9,8,9.25,8.5],"texture":"#0"},"west":{"uv":[5.25,4.5,5.75,5.25],"texture":"#0"},"up":{"rotation":180,"uv":[7.25,4.25,7.5,4.75],"texture":"#0"}}},{"to":[5.7885,9.38799,4.97356],"rotation":{"origin":[0.04513,1.5575,8],"angle":22.5,"axis":"x"},"from":[5.7,8.67999,4.83273],"faces":{"down":{"uv":[9,8,9.25,8.5],"texture":"#0"},"west":{"uv":[5.25,4.5,5.75,5.25],"texture":"#0"},"up":{"uv":[3.25,4,3.5,4.5],"texture":"#0"}}},{"to":[5.78859,7.63377,13.79269],"rotation":{"origin":[0.04513,1.5575,8],"angle":-45,"axis":"x"},"from":[5.70009,6.92577,13.65186],"faces":{"down":{"uv":[6,5.5,6.25,6],"texture":"#0"},"west":{"uv":[6.25,4.5,6.75,5.25],"texture":"#0"},"up":{"rotation":180,"uv":[7.25,4.25,7.5,4.75],"texture":"#0"}}},{"to":[5.78859,7.63377,2.34816],"rotation":{"origin":[0.04513,1.5575,8],"angle":45,"axis":"x"},"from":[5.70009,6.92577,2.20732],"faces":{"down":{"uv":[6,5.5,6.25,6],"texture":"#0"},"west":{"uv":[6.25,4.5,6.75,5.25],"texture":"#0"},"up":{"uv":[3.75,4,4,4.5],"texture":"#0"}}},{"to":[5.7885,9.10441,5.25714],"rotation":{"origin":[0.04513,1.5575,8],"angle":22.5,"axis":"x"},"from":[5.7,8.96358,4.54914],"faces":{"west":{"rotation":270,"uv":[9.25,4.5,9.75,5.25],"texture":"#0"},"north":{"uv":[7.25,4.25,7.5,4.75],"texture":"#0"},"south":{"uv":[6.25,5,6.5,5.5],"texture":"#0"}}},{"to":[5.7885,9.10441,11.45086],"rotation":{"origin":[0.04513,1.5575,8],"angle":-22.5,"axis":"x"},"from":[5.7,8.96358,10.74286],"faces":{"west":{"rotation":90,"uv":[9,4.5,9.5,5.25],"texture":"#0"},"north":{"uv":[6.25,5,6.5,5.5],"texture":"#0"},"south":{"uv":[7.25,4.25,7.5,4.75],"texture":"#0"}}},{"to":[5.78859,9.72042,8.354],"rotation":{"origin":[2.32654,-3.31,8],"angle":0,"axis":"y"},"from":[5.70009,9.57959,7.646],"faces":{"west":{"uv":[6.25,4.5,6.75,5],"texture":"#0"},"north":{"uv":[6.25,4.5,6.5,5],"texture":"#0"},"south":{"uv":[6.25,4.5,6.5,5],"texture":"#0"}}},{"to":[6.36464,10.33587,8.13643],"rotation":{"origin":[0.39914,9.08,8],"angle":0,"axis":"y"},"from":[5.83363,8.96413,7.86357],"faces":{"down":{"uv":[5.75,8,6.25,8.25],"texture":"#0"},"up":{"rotation":180,"uv":[8.5,4,9,4.5],"texture":"#0"}}},{"to":[6.36464,9.71987,5.03957],"rotation":{"origin":[0.39914,1.5575,8],"angle":22.5,"axis":"x"},"from":[5.83363,8.34812,4.76671],"faces":{"down":{"uv":[5.75,8,6.25,8.25],"texture":"#0"},"up":{"rotation":180,"uv":[11,2.5,11.5,3],"texture":"#0"}}},{"to":[6.36464,9.71987,11.23329],"rotation":{"origin":[0.39914,1.5575,8],"angle":-22.5,"axis":"x"},"from":[5.83363,8.34812,10.96043],"faces":{"down":{"uv":[5.75,8,6.25,8.25],"texture":"#0"},"up":{"rotation":180,"uv":[8.5,4,9,4.5],"texture":"#0"}}},{"to":[6.36464,7.96564,2.41416],"rotation":{"origin":[0.39914,1.5575,8],"angle":45,"axis":"x"},"from":[5.83363,6.59389,2.1413],"faces":{"down":{"uv":[5.75,8,6.25,8.25],"texture":"#0"},"up":{"uv":[3.25,4.25,3.75,4.75],"texture":"#0"}}},{"to":[6.36464,7.96564,13.8587],"rotation":{"origin":[0.39914,1.5575,8],"angle":-45,"axis":"x"},"from":[5.83363,6.59389,13.58584],"faces":{"down":{"uv":[5.75,8,6.25,8.25],"texture":"#0"},"up":{"rotation":180,"uv":[3.25,4.25,3.75,4.75],"texture":"#0"}}},{"to":[6.36464,9.17043,11.78274],"rotation":{"origin":[0.39914,1.5575,8],"angle":-22.5,"axis":"x"},"from":[5.83363,8.89756,10.41099],"faces":{"north":{"rotation":180,"uv":[3,8,3.5,8.5],"texture":"#0"},"south":{"uv":[3.25,4.75,3.75,5.25],"texture":"#0"}}},{"to":[6.36464,9.17043,5.58901],"rotation":{"origin":[0.39914,1.5575,8],"angle":22.5,"axis":"x"},"from":[5.83363,8.89756,4.21726],"faces":{"north":{"uv":[3.25,4.75,3.75,5.25],"texture":"#0"},"south":{"rotation":180,"uv":[3,8,3.5,8.5],"texture":"#0"}}},{"to":[6.36464,8.36143,9.26087],"rotation":{"origin":[2.32654,-3.31,8],"angle":0,"axis":"y"},"from":[5.83363,8.08857,7.88912],"faces":{"north":{"uv":[3.25,5.25,3.75,5.75],"texture":"#0"},"south":{"uv":[3.25,5.25,3.75,5.75],"texture":"#0"}}},{"to":[5.85585,8.99938,8.72903],"rotation":{"origin":[0.08943,9.08,8],"angle":0,"axis":"y"},"from":[5.72301,7.45063,8.42096],"faces":{"down":{"rotation":180,"uv":[6.25,8,6.75,8.25],"texture":"#0"},"west":{"uv":[8.25,4,8.75,6],"texture":"#0"},"east":{"uv":[12.5,7.5,13,8],"texture":"#0"},"up":{"rotation":180,"uv":[3.5,3.75,4,4.25],"texture":"#0"}}},{"to":[5.78859,8.579,8.64542],"rotation":{"origin":[2.32654,-3.31,8],"angle":0,"axis":"y"},"from":[5.70009,7.871,8.50459],"faces":{"down":{"uv":[9.5,8,9.75,8.25],"texture":"#0"},"west":{"uv":[6.25,4.5,6.75,5.25],"texture":"#0"},"up":{"uv":[3.25,4,3.5,4.5],"texture":"#0"}}},{"to":[9.00014,8.99938,8.72903],"rotation":{"origin":[1.79554,-3.31,8],"angle":0,"axis":"y"},"from":[6.09914,7.45063,8.42096],"faces":{"down":{"rotation":180,"uv":[5.5,7.75,7.5,8.25],"texture":"#0"},"west":{"uv":[12.5,7.5,13,8],"texture":"#0"},"east":{"uv":[5.25,10.5,5.75,11],"texture":"#0"},"up":{"uv":[2,3.25,4,3.75],"texture":"#0"}}},{"to":[9.00014,8.71188,6.13373],"rotation":{"origin":[1.81514,1.5575,8],"angle":22.5,"axis":"x"},"from":[6.09914,7.16313,5.82566],"faces":{"down":{"rotation":180,"uv":[3,9,5,9.5],"texture":"#0"},"west":{"uv":[12.5,7.5,13,8],"texture":"#0"},"east":{"uv":[5.25,10.5,5.75,11],"texture":"#0"},"up":{"uv":[2,3.75,4,4.25],"texture":"#0"}}},{"to":[9.00014,8.2718,11.2368],"rotation":{"origin":[1.81514,1.5575,8],"angle":-22.5,"axis":"x"},"from":[6.09914,6.72305,10.92873],"faces":{"down":{"rotation":180,"uv":[3.5,8,5.5,8.5],"texture":"#0"},"west":{"uv":[12.5,7.5,13,8],"texture":"#0"},"east":{"uv":[5.25,10.5,5.75,11],"texture":"#0"},"up":{"uv":[0,3.25,2,3.75],"texture":"#0"}}},{"to":[9.00014,7.4531,3.84598],"rotation":{"origin":[1.81514,1.5575,8],"angle":45,"axis":"x"},"from":[6.09914,5.90435,3.53791],"faces":{"down":{"rotation":180,"uv":[5.75,5.5,7.75,6],"texture":"#0"},"west":{"uv":[12.5,7.5,13,8],"texture":"#0"},"east":{"uv":[5.25,10.5,5.75,11],"texture":"#0"},"up":{"uv":[5.25,4.25,7.25,4.75],"texture":"#0"}}},{"to":[9.00014,6.63993,13.27526],"rotation":{"origin":[1.81514,1.5575,8],"angle":-45,"axis":"x"},"from":[6.09914,5.09118,12.96719],"faces":{"down":{"uv":[4.5,5.5,6.5,6],"texture":"#0"},"west":{"uv":[12.5,7.5,13,8],"texture":"#0"},"east":{"uv":[5.25,10.5,5.75,11],"texture":"#0"},"up":{"rotation":180,"uv":[1.25,4.25,3.25,4.75],"texture":"#0"}}},{"to":[9.00014,7.65146,11.85714],"rotation":{"origin":[1.81514,1.5575,8],"angle":-22.5,"axis":"x"},"from":[6.09914,7.34339,10.30839],"faces":{"west":{"rotation":90,"uv":[12.5,7.5,13,8],"texture":"#0"},"east":{"uv":[5.25,10.5,5.75,11],"texture":"#0"},"north":{"uv":[6.25,5,8.25,5.5],"texture":"#0"},"south":{"uv":[5.25,4.75,7.25,5.25],"texture":"#0"}}},{"to":[9.00014,8.09154,6.75407],"rotation":{"origin":[1.81514,1.5575,8],"angle":22.5,"axis":"x"},"from":[6.09914,7.78347,5.20532],"faces":{"west":{"rotation":270,"uv":[12.5,7.5,13,8],"texture":"#0"},"east":{"uv":[5.25,10.5,5.75,11],"texture":"#0"},"north":{"uv":[5.25,4.75,7.25,5.25],"texture":"#0"},"south":{"uv":[6.25,5,8.25,5.5],"texture":"#0"}}},{"to":[9.00014,8.37904,9.34937],"rotation":{"origin":[1.79554,-3.31,8],"angle":0,"axis":"y"},"from":[6.09914,8.07097,7.80062],"faces":{"west":{"uv":[12.5,7.5,13,8],"texture":"#0"},"east":{"uv":[5.25,10.5,5.75,11],"texture":"#0"},"north":{"uv":[3,12.25,5,12.75],"texture":"#0"},"south":{"uv":[0,12,2,12.5],"texture":"#0"}}},{"to":[9.50414,8.933,8.71583],"rotation":{"origin":[1.79554,-3.31,8],"angle":0,"axis":"y"},"from":[8.68663,7.517,8.43417],"faces":{"down":{"rotation":180,"uv":[7.75,8,8.25,8.25],"texture":"#1"},"east":{"uv":[11,7.5,11.5,8],"texture":"#1"},"up":{"uv":[3.25,4,3.75,4.25],"texture":"#1"}}},{"to":[9.50414,8.20542,11.2236],"rotation":{"origin":[3.07626,1.5575,8],"angle":-22.5,"axis":"x"},"from":[8.68663,6.78942,10.94194],"faces":{"down":{"rotation":180,"uv":[4.25,8,4.75,8.25],"texture":"#1"},"east":{"uv":[11,7.5,11.5,8],"texture":"#1"},"up":{"uv":[7.5,4.25,8,4.5],"texture":"#1"}}},{"to":[9.50414,8.64551,6.12052],"rotation":{"origin":[3.07626,1.5575,8],"angle":22.5,"axis":"x"},"from":[8.68663,7.22951,5.83887],"faces":{"down":{"uv":[4.25,8,4.75,8.25],"texture":"#1"},"east":{"uv":[11,7.5,11.5,8],"texture":"#1"},"up":{"uv":[5.5,4.25,6,4.5],"texture":"#1"}}},{"to":[9.50414,6.57355,13.26205],"rotation":{"origin":[3.07626,1.5575,8],"angle":-45,"axis":"x"},"from":[8.68663,5.15755,12.98039],"faces":{"down":{"rotation":180,"uv":[2.75,9.25,3.25,9.5],"texture":"#1"},"east":{"uv":[11,7.5,11.5,8],"texture":"#1"},"up":{"rotation":180,"uv":[6.5,4.75,7,5],"texture":"#1"}}},{"to":[9.50414,7.38673,3.83278],"rotation":{"origin":[3.07626,1.5575,8],"angle":45,"axis":"x"},"from":[8.68663,5.97073,3.55112],"faces":{"down":{"rotation":180,"uv":[2.75,9.25,3.25,9.75],"texture":"#1"},"east":{"uv":[11,7.5,11.5,8],"texture":"#1"},"up":{"uv":[8.5,4.75,9,5],"texture":"#1"}}},{"to":[9.50414,8.07834,6.68769],"rotation":{"origin":[3.07626,1.5575,8],"angle":22.5,"axis":"x"},"from":[8.68663,7.79668,5.27169],"faces":{"east":{"rotation":90,"uv":[11,7.5,11.5,8],"texture":"#1"},"north":{"rotation":180,"uv":[5.5,11.5,6,11.75],"texture":"#1"},"south":{"rotation":180,"uv":[1.25,9.75,1.75,10],"texture":"#1"}}},{"to":[9.50414,7.63825,11.79077],"rotation":{"origin":[3.07626,1.5575,8],"angle":-22.5,"axis":"x"},"from":[8.68663,7.3566,10.37477],"faces":{"east":{"rotation":270,"uv":[11,7.5,11.5,8],"texture":"#1"},"north":{"rotation":180,"uv":[2.5,10,3,10.5],"texture":"#1"},"south":{"rotation":180,"uv":[5.5,11.5,6,11.75],"texture":"#1"}}},{"to":[9.50414,8.36583,9.283],"rotation":{"origin":[1.79554,-3.31,8],"angle":0,"axis":"y"},"from":[8.68663,8.08417,7.867],"faces":{"east":{"uv":[11,7.5,11.5,8],"texture":"#1"},"north":{"rotation":180,"uv":[5.5,11,6,11.25],"texture":"#1"},"south":{"rotation":180,"uv":[5.5,11,6,11.25],"texture":"#1"}}},{"to":[9.76963,8.88875,8.70702],"rotation":{"origin":[1.79554,-3.31,8],"angle":0,"axis":"y"},"from":[9.50414,7.56125,8.44298],"faces":{"down":{"rotation":180,"uv":[7.75,8,8.25,8.25],"texture":"#1"},"east":{"uv":[11,7.5,11.5,8],"texture":"#1"},"up":{"uv":[3.25,4,3.75,4.25],"texture":"#1"}}},{"to":[9.76963,8.60126,6.11172],"rotation":{"origin":[3.71789,1.5575,8],"angle":22.5,"axis":"x"},"from":[9.50414,7.27376,5.84767],"faces":{"down":{"uv":[4.25,8,4.75,8.25],"texture":"#1"},"east":{"uv":[11,7.5,11.5,8],"texture":"#1"},"up":{"uv":[12.75,2.25,13.25,2.5],"texture":"#1"}}},{"to":[9.76963,8.16117,11.21479],"rotation":{"origin":[3.71789,1.5575,8],"angle":-22.5,"axis":"x"},"from":[9.50414,6.83367,10.95075],"faces":{"down":{"rotation":180,"uv":[4.25,8,4.75,8.25],"texture":"#1"},"east":{"uv":[11,7.5,11.5,8],"texture":"#1"},"up":{"uv":[8.5,4.25,9,4.5],"texture":"#1"}}},{"to":[9.76963,7.34248,3.82397],"rotation":{"origin":[3.71789,1.5575,8],"angle":45,"axis":"x"},"from":[9.50414,6.01498,3.55992],"faces":{"down":{"rotation":180,"uv":[2.75,9.25,3.25,9.75],"texture":"#1"},"east":{"uv":[11,7.5,11.5,8],"texture":"#1"},"up":{"uv":[9.25,4.75,9.75,5],"texture":"#1"}}},{"to":[9.76963,6.5293,13.25325],"rotation":{"origin":[3.71789,1.5575,8],"angle":-45,"axis":"x"},"from":[9.50414,5.2018,12.9892],"faces":{"down":{"rotation":180,"uv":[2.75,9.25,3.25,9.5],"texture":"#1"},"east":{"uv":[11,7.5,11.5,8],"texture":"#1"},"up":{"rotation":180,"uv":[5.75,4.75,6.25,5],"texture":"#1"}}},{"to":[9.76963,7.62945,11.74652],"rotation":{"origin":[3.71789,1.5575,8],"angle":-22.5,"axis":"x"},"from":[9.50414,7.3654,10.41902],"faces":{"east":{"rotation":270,"uv":[11,7.5,11.5,8],"texture":"#1"},"north":{"rotation":180,"uv":[2.5,10,3,10.5],"texture":"#1"},"south":{"rotation":180,"uv":[6.25,11.5,6.75,11.75],"texture":"#1"}}},{"to":[9.76963,8.06953,6.64344],"rotation":{"origin":[3.71789,1.5575,8],"angle":22.5,"axis":"x"},"from":[9.50414,7.80549,5.31594],"faces":{"east":{"rotation":90,"uv":[11,7.5,11.5,8],"texture":"#1"},"north":{"rotation":180,"uv":[4.75,11.5,5.25,11.75],"texture":"#1"},"south":{"rotation":180,"uv":[1.25,9.75,1.75,10],"texture":"#1"}}},{"to":[9.76963,8.35702,9.23875],"rotation":{"origin":[1.79554,-3.31,8],"angle":0,"axis":"y"},"from":[9.50414,8.09298,7.91125],"faces":{"east":{"uv":[11,7.5,11.5,8],"texture":"#1"},"north":{"rotation":180,"uv":[5.5,11,6,11.25],"texture":"#1"},"south":{"rotation":180,"uv":[5.5,11,6,11.25],"texture":"#1"}}},{"to":[9.99088,8.8445,8.69822],"rotation":{"origin":[1.79554,-3.31,8],"angle":0,"axis":"y"},"from":[9.76963,7.6055,8.45177],"faces":{"down":{"rotation":180,"uv":[7.75,8,8.25,8.25],"texture":"#1"},"east":{"uv":[11,7.5,11.5,8],"texture":"#1"},"up":{"uv":[3.25,4,3.75,4.25],"texture":"#1"}}},{"to":[9.99088,8.11692,11.20599],"rotation":{"origin":[4.07189,1.5575,8],"angle":-22.5,"axis":"x"},"from":[9.76963,6.87792,10.95954],"faces":{"down":{"rotation":180,"uv":[4.25,8,4.75,8.25],"texture":"#1"},"east":{"uv":[11,7.5,11.5,8],"texture":"#1"},"up":{"uv":[8.75,4.25,9.25,4.5],"texture":"#1"}}},{"to":[9.99088,8.55701,6.10292],"rotation":{"origin":[4.07189,1.5575,8],"angle":22.5,"axis":"x"},"from":[9.76963,7.31801,5.85647],"faces":{"down":{"uv":[4.25,8,4.75,8.25],"texture":"#1"},"east":{"uv":[11,7.5,11.5,8],"texture":"#1"},"up":{"uv":[10.5,2.75,11,3],"texture":"#1"}}},{"to":[9.99088,6.48505,13.24445],"rotation":{"origin":[4.07189,1.5575,8],"angle":-45,"axis":"x"},"from":[9.76963,5.24605,12.99799],"faces":{"down":{"rotation":180,"uv":[2.75,9.25,3.25,9.5],"texture":"#1"},"east":{"uv":[11,7.5,11.5,8],"texture":"#1"},"up":{"rotation":180,"uv":[5.75,4.75,6.25,5],"texture":"#1"}}},{"to":[9.99088,8.06073,6.59919],"rotation":{"origin":[4.07189,1.5575,8],"angle":22.5,"axis":"x"},"from":[9.76963,7.81428,5.36019],"faces":{"east":{"rotation":90,"uv":[11,7.5,11.5,8],"texture":"#1"},"north":{"rotation":180,"uv":[6.75,11.5,7.25,11.75],"texture":"#1"},"south":{"rotation":180,"uv":[1.25,9.75,1.75,10],"texture":"#1"}}},{"to":[9.99088,7.29823,3.81518],"rotation":{"origin":[4.07189,1.5575,8],"angle":45,"axis":"x"},"from":[9.76963,6.05923,3.56872],"faces":{"down":{"rotation":180,"uv":[2.75,9.25,3.25,9.75],"texture":"#1"},"east":{"uv":[11,7.5,11.5,8],"texture":"#1"},"up":{"uv":[9,4.75,9.5,5],"texture":"#1"}}},{"to":[9.99088,7.62065,11.70227],"rotation":{"origin":[4.07189,1.5575,8],"angle":-22.5,"axis":"x"},"from":[9.76963,7.3742,10.46327],"faces":{"east":{"rotation":270,"uv":[11,7.5,11.5,8],"texture":"#1"},"north":{"rotation":180,"uv":[2.5,10,3,10.5],"texture":"#1"},"south":{"rotation":180,"uv":[6.25,11.5,6.75,11.75],"texture":"#1"}}},{"to":[9.99088,8.34823,9.1945],"rotation":{"origin":[1.79554,-3.31,8],"angle":0,"axis":"y"},"from":[9.76963,8.10178,7.9555],"faces":{"east":{"uv":[11,7.5,11.5,8],"texture":"#1"},"north":{"rotation":180,"uv":[5.5,11,6,11.25],"texture":"#1"},"south":{"rotation":180,"uv":[5.5,11,6,11.25],"texture":"#1"}}},{"to":[10.12364,8.80025,8.68942],"rotation":{"origin":[1.79554,-3.31,8],"angle":0,"axis":"y"},"from":[9.99088,7.64975,8.46058],"faces":{"down":{"rotation":180,"uv":[7.75,8,8.25,8.25],"texture":"#1"},"east":{"uv":[11,7.5,11.5,8],"texture":"#1"},"up":{"uv":[3.25,4,3.75,4.25],"texture":"#1"}}},{"to":[10.12364,8.51276,6.09411],"rotation":{"origin":[3.65151,1.5575,8],"angle":22.5,"axis":"x"},"from":[9.99088,7.36226,5.86527],"faces":{"down":{"uv":[4.25,8,4.75,8.25],"texture":"#1"},"east":{"uv":[11,7.5,11.5,8],"texture":"#1"},"up":{"uv":[11.25,3.25,11.75,3.5],"texture":"#1"}}},{"to":[10.12364,8.07267,11.19719],"rotation":{"origin":[3.65151,1.5575,8],"angle":-22.5,"axis":"x"},"from":[9.99088,6.92217,10.96835],"faces":{"down":{"rotation":180,"uv":[4.25,8,4.75,8.25],"texture":"#1"},"east":{"uv":[11,7.5,11.5,8],"texture":"#1"},"up":{"uv":[11,3,11.5,3.25],"texture":"#1"}}},{"to":[10.12364,7.25398,3.80637],"rotation":{"origin":[3.65151,1.5575,8],"angle":45,"axis":"x"},"from":[9.99088,6.10348,3.57752],"faces":{"down":{"rotation":180,"uv":[2.75,9.25,3.25,9.75],"texture":"#1"},"east":{"uv":[11,7.5,11.5,8],"texture":"#1"},"up":{"uv":[6.5,4.75,7,5],"texture":"#1"}}},{"to":[10.12364,6.4408,13.23565],"rotation":{"origin":[3.65151,1.5575,8],"angle":-45,"axis":"x"},"from":[9.99088,5.2903,13.0068],"faces":{"down":{"rotation":180,"uv":[2.75,9.25,3.25,9.5],"texture":"#1"},"east":{"uv":[11,7.5,11.5,8],"texture":"#1"},"up":{"rotation":180,"uv":[8,4.75,8.5,5],"texture":"#1"}}},{"to":[10.12364,7.61184,11.65802],"rotation":{"origin":[3.65151,1.5575,8],"angle":-22.5,"axis":"x"},"from":[9.99088,7.383,10.50752],"faces":{"east":{"rotation":270,"uv":[11,7.5,11.5,8],"texture":"#1"},"north":{"rotation":180,"uv":[2.5,10,3,10.5],"texture":"#1"},"south":{"rotation":180,"uv":[7.5,11.5,8,11.75],"texture":"#1"}}},{"to":[10.12364,8.05193,6.55494],"rotation":{"origin":[3.65151,1.5575,8],"angle":22.5,"axis":"x"},"from":[9.99088,7.82309,5.40444],"faces":{"east":{"rotation":90,"uv":[11,7.5,11.5,8],"texture":"#1"},"north":{"rotation":180,"uv":[7,11.5,7.5,11.75],"texture":"#1"},"south":{"rotation":180,"uv":[1.25,9.75,1.75,10],"texture":"#1"}}},{"to":[10.12364,8.33942,9.15025],"rotation":{"origin":[1.79554,-3.31,8],"angle":0,"axis":"y"},"from":[9.99088,8.11058,7.99975],"faces":{"east":{"uv":[11,7.5,11.5,8],"texture":"#1"},"north":{"rotation":180,"uv":[5.5,11,6,11.25],"texture":"#1"},"south":{"rotation":180,"uv":[5.5,11,6,11.25],"texture":"#1"}}},{"to":[7.47937,10.71677,8.752],"rotation":{"origin":[3.67364,2.0885,7.92862],"angle":-22.5,"axis":"z"},"from":[7.08112,10.27427,8.398],"faces":{"east":{"uv":[7.5,2,8,2.5],"texture":"#1"},"north":{"uv":[6,4.5,6.5,5],"texture":"#1"},"up":{"uv":[4,4,4.5,4.5],"texture":"#1"},"south":{"uv":[5.75,4.5,6.25,5],"texture":"#1"}}},{"to":[12.58245,5.16066,8.752],"rotation":{"origin":[3.67364,1.0265,7.92862],"angle":22.5,"axis":"z"},"from":[12.1842,4.71816,8.398],"faces":{"down":{"rotation":180,"uv":[15,8,15.5,8.5],"texture":"#1"},"east":{"uv":[7.5,2,8,2.5],"texture":"#1"},"north":{"rotation":180,"uv":[5,8,5.5,8.5],"texture":"#1"},"south":{"rotation":180,"uv":[5,8,5.5,8.5],"texture":"#1"}}},{"to":[9.81087,8.402,11.53054],"rotation":{"origin":[3.67364,1.5575,8.531],"angle":22.5,"axis":"y"},"from":[9.41262,8.048,11.04379],"faces":{"down":{"rotation":180,"uv":[9,10.25,9.5,10.75],"texture":"#1"},"east":{"uv":[7.5,2,8,2.5],"texture":"#1"},"up":{"uv":[6.5,4.75,7,5.25],"texture":"#1"},"south":{"rotation":180,"uv":[4.75,11.25,5.25,11.75],"texture":"#1"}}},{"to":[10.25095,8.402,6.01867],"rotation":{"origin":[3.67364,1.5575,7.469],"angle":-22.5,"axis":"y"},"from":[9.8527,8.048,5.53192],"faces":{"down":{"rotation":180,"uv":[9,10.25,9.5,10.75],"texture":"#1"},"east":{"uv":[7.5,2,8,2.5],"texture":"#1"},"north":{"rotation":180,"uv":[4.75,11.25,5.25,11.75],"texture":"#1"},"up":{"rotation":180,"uv":[6.5,4.75,7,5.25],"texture":"#1"}}},{"to":[5.85594,8.71188,6.13373],"rotation":{"origin":[0.13359,1.5575,8],"angle":22.5,"axis":"x"},"from":[5.7231,7.16313,5.82566],"faces":{"down":{"rotation":180,"uv":[6.25,8,6.75,8.25],"texture":"#0"},"west":{"uv":[7.25,4,7.75,6],"texture":"#0"},"east":{"uv":[12.5,7.5,13,8],"texture":"#0"},"up":{"uv":[3.5,4.25,4,4.75],"texture":"#0"}}},{"to":[5.85594,8.2718,11.2368],"rotation":{"origin":[0.13359,1.5575,8],"angle":-22.5,"axis":"x"},"from":[5.7231,6.72305,10.92873],"faces":{"down":{"rotation":180,"uv":[6.25,8,6.75,8.25],"texture":"#0"},"west":{"uv":[7.25,4,7.75,6],"texture":"#0"},"east":{"uv":[12.5,7.5,13,8],"texture":"#0"},"up":{"rotation":180,"uv":[3.5,4.25,4,4.75],"texture":"#0"}}},{"to":[5.85585,7.4531,3.84598],"rotation":{"origin":[0.13359,1.5575,8],"angle":45,"axis":"x"},"from":[5.72301,5.90435,3.53791],"faces":{"down":{"rotation":180,"uv":[6.25,8,6.75,8.25],"texture":"#0"},"west":{"uv":[10.75,4.5,11.25,6.5],"texture":"#0"},"east":{"uv":[12.5,7.5,13,8],"texture":"#0"},"up":{"uv":[3.75,4.75,4.25,5.25],"texture":"#0"}}},{"to":[5.85585,6.63993,13.27526],"rotation":{"origin":[0.13359,1.5575,8],"angle":-45,"axis":"x"},"from":[5.72301,5.09118,12.96719],"faces":{"down":{"rotation":180,"uv":[6.25,8,6.75,8.25],"texture":"#0"},"west":{"uv":[6.75,4.5,7.25,6.5],"texture":"#0"},"east":{"uv":[12.5,7.5,13,8],"texture":"#0"},"up":{"rotation":180,"uv":[7.75,4.75,8.25,5.25],"texture":"#0"}}},{"to":[5.85594,7.65146,11.85714],"rotation":{"origin":[0.13359,1.5575,8],"angle":-22.5,"axis":"x"},"from":[5.7231,7.34339,10.30839],"faces":{"west":{"rotation":90,"uv":[0.5,4.75,1,6.75],"texture":"#0"},"east":{"rotation":270,"uv":[12.5,7.5,13,8],"texture":"#0"},"north":{"rotation":180,"uv":[6.75,8,7.25,8.5],"texture":"#0"},"south":{"uv":[5.25,5.5,5.75,6],"texture":"#0"}}},{"to":[5.85594,8.09154,6.75407],"rotation":{"origin":[0.13359,1.5575,8],"angle":22.5,"axis":"x"},"from":[5.7231,7.78347,5.20532],"faces":{"west":{"rotation":270,"uv":[0.75,4.75,1.25,6.75],"texture":"#0"},"east":{"rotation":90,"uv":[12.5,7.5,13,8],"texture":"#0"},"north":{"uv":[6.75,5.5,7.25,6],"texture":"#0"},"south":{"rotation":180,"uv":[6,8,6.5,8.5],"texture":"#0"}}},{"to":[5.85585,8.37904,9.34937],"rotation":{"origin":[2.32654,-3.31,8],"angle":0,"axis":"y"},"from":[5.72301,8.07097,7.80062],"faces":{"west":{"rotation":90,"uv":[7.25,9.5,7.75,11.5],"texture":"#0"},"east":{"uv":[12.5,7.5,13,8],"texture":"#0"},"north":{"rotation":180,"uv":[4.25,8.25,4.75,8.75],"texture":"#0"},"south":{"rotation":180,"uv":[6.25,8.25,6.75,8.75],"texture":"#0"}}},{"to":[5.7885,7.85142,11.15319],"rotation":{"origin":[0.04513,1.5575,8],"angle":-22.5,"axis":"x"},"from":[5.7,7.14342,11.01236],"faces":{"down":{"rotation":180,"uv":[9,8,9.25,8.5],"texture":"#0"},"west":{"uv":[5.25,4.5,5.75,5.25],"texture":"#0"},"up":{"rotation":180,"uv":[7.25,4.25,7.5,4.75],"texture":"#0"}}},{"to":[5.7885,8.29151,6.05011],"rotation":{"origin":[0.04513,1.5575,8],"angle":22.5,"axis":"x"},"from":[5.7,7.58351,5.90928],"faces":{"down":{"uv":[9,8,9.25,8.5],"texture":"#0"},"west":{"uv":[5.25,4.5,5.75,5.25],"texture":"#0"},"up":{"uv":[3.25,4,3.5,4.5],"texture":"#0"}}},{"to":[5.78859,6.21955,13.19164],"rotation":{"origin":[0.04513,1.5575,8],"angle":-45,"axis":"x"},"from":[5.70009,5.51155,13.05082],"faces":{"down":{"uv":[6,5.5,6.25,6],"texture":"#0"},"west":{"uv":[6.25,4.5,6.75,5.25],"texture":"#0"},"up":{"rotation":180,"uv":[7.25,4.25,7.5,4.75],"texture":"#0"}}},{"to":[5.78859,7.03273,3.76237],"rotation":{"origin":[0.04513,1.5575,8],"angle":45,"axis":"x"},"from":[5.70009,6.32473,3.62153],"faces":{"down":{"uv":[6,5.5,6.25,6],"texture":"#0"},"west":{"uv":[6.25,4.5,6.75,5.25],"texture":"#0"},"up":{"uv":[3.75,4,4,4.5],"texture":"#0"}}},{"to":[5.7885,8.00793,6.33369],"rotation":{"origin":[0.04513,1.5575,8],"angle":22.5,"axis":"x"},"from":[5.7,7.8671,5.62569],"faces":{"west":{"rotation":270,"uv":[9.25,4.5,9.75,5.25],"texture":"#0"},"north":{"uv":[7.25,4.25,7.5,4.75],"texture":"#0"},"south":{"uv":[6.25,5,6.5,5.5],"texture":"#0"}}},{"to":[5.7885,7.56784,11.43677],"rotation":{"origin":[0.04513,1.5575,8],"angle":-22.5,"axis":"x"},"from":[5.7,7.42701,10.72877],"faces":{"west":{"rotation":90,"uv":[9,4.5,9.5,5.25],"texture":"#0"},"north":{"uv":[6.25,5,6.5,5.5],"texture":"#0"},"south":{"uv":[7.25,4.25,7.5,4.75],"texture":"#0"}}},{"to":[5.78859,8.29542,8.929],"rotation":{"origin":[2.32654,-3.31,8],"angle":0,"axis":"y"},"from":[5.70009,8.15459,8.221],"faces":{"west":{"uv":[6.25,4.5,6.75,5],"texture":"#0"},"north":{"uv":[6.25,4.5,6.5,5],"texture":"#0"},"south":{"uv":[6.25,4.5,6.5,5],"texture":"#0"}}},{"to":[6.36464,8.91088,8.71143],"rotation":{"origin":[0.39914,9.08,8],"angle":0,"axis":"y"},"from":[5.83363,7.53913,8.43857],"faces":{"down":{"uv":[5.75,8,6.25,8.25],"texture":"#0"},"up":{"rotation":180,"uv":[8.5,4,9,4.5],"texture":"#0"}}},{"to":[6.36464,8.62338,6.11613],"rotation":{"origin":[0.39914,1.5575,8],"angle":22.5,"axis":"x"},"from":[5.83363,7.25163,5.84326],"faces":{"down":{"uv":[5.75,8,6.25,8.25],"texture":"#0"},"up":{"rotation":180,"uv":[11,2.5,11.5,3],"texture":"#0"}}},{"to":[6.36464,8.1833,11.2192],"rotation":{"origin":[0.39914,1.5575,8],"angle":-22.5,"axis":"x"},"from":[5.83363,6.81155,10.94634],"faces":{"down":{"uv":[5.75,8,6.25,8.25],"texture":"#0"},"up":{"rotation":180,"uv":[8.5,4,9,4.5],"texture":"#0"}}},{"to":[6.36464,7.3646,3.82838],"rotation":{"origin":[0.39914,1.5575,8],"angle":45,"axis":"x"},"from":[5.83363,5.99285,3.55551],"faces":{"down":{"uv":[5.75,8,6.25,8.25],"texture":"#0"},"up":{"uv":[3.25,4.25,3.75,4.75],"texture":"#0"}}},{"to":[6.36464,6.55143,13.25766],"rotation":{"origin":[0.39914,1.5575,8],"angle":-45,"axis":"x"},"from":[5.83363,5.17968,12.98479],"faces":{"down":{"uv":[5.75,8,6.25,8.25],"texture":"#0"},"up":{"rotation":180,"uv":[3.25,4.25,3.75,4.75],"texture":"#0"}}},{"to":[6.36464,7.63386,11.76864],"rotation":{"origin":[0.39914,1.5575,8],"angle":-22.5,"axis":"x"},"from":[5.83363,7.36099,10.39689],"faces":{"north":{"rotation":180,"uv":[3,8,3.5,8.5],"texture":"#0"},"south":{"uv":[3.25,4.75,3.75,5.25],"texture":"#0"}}},{"to":[6.36464,8.07394,6.66557],"rotation":{"origin":[0.39914,1.5575,8],"angle":22.5,"axis":"x"},"from":[5.83363,7.80108,5.29382],"faces":{"north":{"uv":[3.25,4.75,3.75,5.25],"texture":"#0"},"south":{"rotation":180,"uv":[3,8,3.5,8.5],"texture":"#0"}}},{"to":[6.36464,7.43643,8.01087],"rotation":{"origin":[2.32654,-3.31,8],"angle":0,"axis":"y"},"from":[5.83363,7.16357,6.63912],"faces":{"north":{"uv":[3.25,5.25,3.75,5.75],"texture":"#0"},"south":{"uv":[3.25,5.25,3.75,5.75],"texture":"#0"}}},{"to":[5.85585,8.07438,7.47903],"rotation":{"origin":[0.08943,9.08,8],"angle":0,"axis":"y"},"from":[5.72301,6.52563,7.17096],"faces":{"down":{"rotation":180,"uv":[6.25,8,6.75,8.25],"texture":"#0"},"west":{"uv":[8.25,4,8.75,6],"texture":"#0"},"east":{"uv":[12.5,7.5,13,8],"texture":"#0"},"up":{"rotation":180,"uv":[3.5,3.75,4,4.25],"texture":"#0"}}},{"to":[5.78859,7.654,7.39542],"rotation":{"origin":[2.32654,-3.31,8],"angle":0,"axis":"y"},"from":[5.70009,6.946,7.25459],"faces":{"down":{"uv":[9.5,8,9.75,8.25],"texture":"#0"},"west":{"uv":[6.25,4.5,6.75,5.25],"texture":"#0"},"up":{"uv":[3.25,4,3.5,4.5],"texture":"#0"}}},{"to":[9.00014,8.07438,7.47903],"rotation":{"origin":[1.79554,-3.31,8],"angle":0,"axis":"y"},"from":[6.09914,6.52563,7.17096],"faces":{"down":{"rotation":180,"uv":[5.5,7.75,7.5,8.25],"texture":"#0"},"west":{"uv":[12.5,7.5,13,8],"texture":"#0"},"east":{"uv":[5.25,10.5,5.75,11],"texture":"#0"},"up":{"uv":[2,3.25,4,3.75],"texture":"#0"}}},{"to":[9.00014,7.37894,5.33286],"rotation":{"origin":[1.81514,1.5575,8],"angle":22.5,"axis":"x"},"from":[6.09914,5.83019,5.02479],"faces":{"down":{"rotation":180,"uv":[3,9,5,9.5],"texture":"#0"},"west":{"uv":[12.5,7.5,13,8],"texture":"#0"},"east":{"uv":[5.25,10.5,5.75,11],"texture":"#0"},"up":{"uv":[2,3.75,4,4.25],"texture":"#0"}}},{"to":[9.00014,7.89556,9.72797],"rotation":{"origin":[1.81514,1.5575,8],"angle":-22.5,"axis":"x"},"from":[6.09914,6.34681,9.4199],"faces":{"down":{"rotation":180,"uv":[3.5,8,5.5,8.5],"texture":"#0"},"west":{"uv":[12.5,7.5,13,8],"texture":"#0"},"east":{"uv":[5.25,10.5,5.75,11],"texture":"#0"},"up":{"uv":[0,3.25,2,3.75],"texture":"#0"}}},{"to":[9.00014,5.91515,3.61617],"rotation":{"origin":[1.81514,1.5575,8],"angle":45,"axis":"x"},"from":[6.09914,4.3664,3.3081],"faces":{"down":{"rotation":180,"uv":[5.75,5.5,7.75,6],"texture":"#0"},"west":{"uv":[12.5,7.5,13,8],"texture":"#0"},"east":{"uv":[5.25,10.5,5.75,11],"texture":"#0"},"up":{"uv":[5.25,4.25,7.25,4.75],"texture":"#0"}}},{"to":[9.00014,6.86974,11.73731],"rotation":{"origin":[1.81514,1.5575,8],"angle":-45,"axis":"x"},"from":[6.09914,5.32099,11.42924],"faces":{"down":{"uv":[4.5,5.5,6.5,6],"texture":"#0"},"west":{"uv":[12.5,7.5,13,8],"texture":"#0"},"east":{"uv":[5.25,10.5,5.75,11],"texture":"#0"},"up":{"rotation":180,"uv":[1.25,4.25,3.25,4.75],"texture":"#0"}}},{"to":[9.00014,7.27522,10.34831],"rotation":{"origin":[1.81514,1.5575,8],"angle":-22.5,"axis":"x"},"from":[6.09914,6.96715,8.79956],"faces":{"west":{"rotation":90,"uv":[12.5,7.5,13,8],"texture":"#0"},"east":{"uv":[5.25,10.5,5.75,11],"texture":"#0"},"north":{"uv":[6.25,5,8.25,5.5],"texture":"#0"},"south":{"uv":[5.25,4.75,7.25,5.25],"texture":"#0"}}},{"to":[9.00014,6.7586,5.9532],"rotation":{"origin":[1.81514,1.5575,8],"angle":22.5,"axis":"x"},"from":[6.09914,6.45053,4.40445],"faces":{"west":{"rotation":270,"uv":[12.5,7.5,13,8],"texture":"#0"},"east":{"uv":[5.25,10.5,5.75,11],"texture":"#0"},"north":{"uv":[5.25,4.75,7.25,5.25],"texture":"#0"},"south":{"uv":[6.25,5,8.25,5.5],"texture":"#0"}}},{"to":[9.00014,7.45404,8.09937],"rotation":{"origin":[1.79554,-3.31,8],"angle":0,"axis":"y"},"from":[6.09914,7.14597,6.55062],"faces":{"west":{"uv":[12.5,7.5,13,8],"texture":"#0"},"east":{"uv":[5.25,10.5,5.75,11],"texture":"#0"},"north":{"uv":[3,12.25,5,12.75],"texture":"#0"},"south":{"uv":[0,12,2,12.5],"texture":"#0"}}},{"to":[9.50414,8.008,7.46583],"rotation":{"origin":[1.79554,-3.31,8],"angle":0,"axis":"y"},"from":[8.68663,6.592,7.18417],"faces":{"down":{"rotation":180,"uv":[7.75,8,8.25,8.25],"texture":"#1"},"east":{"uv":[11,7.5,11.5,8],"texture":"#1"},"up":{"uv":[3.25,4,3.75,4.25],"texture":"#1"}}},{"to":[9.50414,7.82919,9.71476],"rotation":{"origin":[3.07626,1.5575,8],"angle":-22.5,"axis":"x"},"from":[8.68663,6.41319,9.43311],"faces":{"down":{"rotation":180,"uv":[4.25,8,4.75,8.25],"texture":"#1"},"east":{"uv":[11,7.5,11.5,8],"texture":"#1"},"up":{"uv":[7.5,4.25,8,4.5],"texture":"#1"}}},{"to":[9.50414,7.31257,5.31965],"rotation":{"origin":[3.07626,1.5575,8],"angle":22.5,"axis":"x"},"from":[8.68663,5.89657,5.038],"faces":{"down":{"uv":[4.25,8,4.75,8.25],"texture":"#1"},"east":{"uv":[11,7.5,11.5,8],"texture":"#1"},"up":{"uv":[5.5,4.25,6,4.5],"texture":"#1"}}},{"to":[9.50414,6.80336,11.7241],"rotation":{"origin":[3.07626,1.5575,8],"angle":-45,"axis":"x"},"from":[8.68663,5.38736,11.44244],"faces":{"down":{"rotation":180,"uv":[2.75,9.25,3.25,9.5],"texture":"#1"},"east":{"uv":[11,7.5,11.5,8],"texture":"#1"},"up":{"rotation":180,"uv":[6.5,4.75,7,5],"texture":"#1"}}},{"to":[9.50414,5.84877,3.60297],"rotation":{"origin":[3.07626,1.5575,8],"angle":45,"axis":"x"},"from":[8.68663,4.43277,3.32131],"faces":{"down":{"rotation":180,"uv":[2.75,9.25,3.25,9.75],"texture":"#1"},"east":{"uv":[11,7.5,11.5,8],"texture":"#1"},"up":{"uv":[8.5,4.75,9,5],"texture":"#1"}}},{"to":[9.50414,6.74539,5.88683],"rotation":{"origin":[3.07626,1.5575,8],"angle":22.5,"axis":"x"},"from":[8.68663,6.46374,4.47083],"faces":{"east":{"rotation":90,"uv":[11,7.5,11.5,8],"texture":"#1"},"north":{"rotation":180,"uv":[5.5,11.5,6,11.75],"texture":"#1"},"south":{"rotation":180,"uv":[1.25,9.75,1.75,10],"texture":"#1"}}},{"to":[9.50414,7.26202,10.28194],"rotation":{"origin":[3.07626,1.5575,8],"angle":-22.5,"axis":"x"},"from":[8.68663,6.98036,8.86594],"faces":{"east":{"rotation":270,"uv":[11,7.5,11.5,8],"texture":"#1"},"north":{"rotation":180,"uv":[2.5,10,3,10.5],"texture":"#1"},"south":{"rotation":180,"uv":[5.5,11.5,6,11.75],"texture":"#1"}}},{"to":[9.50414,7.44083,8.033],"rotation":{"origin":[1.79554,-3.31,8],"angle":0,"axis":"y"},"from":[8.68663,7.15917,6.617],"faces":{"east":{"uv":[11,7.5,11.5,8],"texture":"#1"},"north":{"rotation":180,"uv":[5.5,11,6,11.25],"texture":"#1"},"south":{"rotation":180,"uv":[5.5,11,6,11.25],"texture":"#1"}}},{"to":[9.76963,7.96375,7.45702],"rotation":{"origin":[1.79554,-3.31,8],"angle":0,"axis":"y"},"from":[9.50414,6.63625,7.19298],"faces":{"down":{"rotation":180,"uv":[7.75,8,8.25,8.25],"texture":"#1"},"east":{"uv":[11,7.5,11.5,8],"texture":"#1"},"up":{"uv":[3.25,4,3.75,4.25],"texture":"#1"}}},{"to":[9.76963,7.26832,5.31085],"rotation":{"origin":[3.71789,1.5575,8],"angle":22.5,"axis":"x"},"from":[9.50414,5.94082,5.0468],"faces":{"down":{"uv":[4.25,8,4.75,8.25],"texture":"#1"},"east":{"uv":[11,7.5,11.5,8],"texture":"#1"},"up":{"uv":[12.75,2.25,13.25,2.5],"texture":"#1"}}},{"to":[9.76963,7.78494,9.70596],"rotation":{"origin":[3.71789,1.5575,8],"angle":-22.5,"axis":"x"},"from":[9.50414,6.45744,9.44191],"faces":{"down":{"rotation":180,"uv":[4.25,8,4.75,8.25],"texture":"#1"},"east":{"uv":[11,7.5,11.5,8],"texture":"#1"},"up":{"uv":[8.5,4.25,9,4.5],"texture":"#1"}}},{"to":[9.76963,5.80452,3.59417],"rotation":{"origin":[3.71789,1.5575,8],"angle":45,"axis":"x"},"from":[9.50414,4.47702,3.33011],"faces":{"down":{"rotation":180,"uv":[2.75,9.25,3.25,9.75],"texture":"#1"},"east":{"uv":[11,7.5,11.5,8],"texture":"#1"},"up":{"uv":[9.25,4.75,9.75,5],"texture":"#1"}}},{"to":[9.76963,6.75911,11.71529],"rotation":{"origin":[3.71789,1.5575,8],"angle":-45,"axis":"x"},"from":[9.50414,5.43161,11.45124],"faces":{"down":{"rotation":180,"uv":[2.75,9.25,3.25,9.5],"texture":"#1"},"east":{"uv":[11,7.5,11.5,8],"texture":"#1"},"up":{"rotation":180,"uv":[5.75,4.75,6.25,5],"texture":"#1"}}},{"to":[9.76963,7.25321,10.23769],"rotation":{"origin":[3.71789,1.5575,8],"angle":-22.5,"axis":"x"},"from":[9.50414,6.98917,8.91019],"faces":{"east":{"rotation":270,"uv":[11,7.5,11.5,8],"texture":"#1"},"north":{"rotation":180,"uv":[2.5,10,3,10.5],"texture":"#1"},"south":{"rotation":180,"uv":[6.25,11.5,6.75,11.75],"texture":"#1"}}},{"to":[9.76963,6.73659,5.84258],"rotation":{"origin":[3.71789,1.5575,8],"angle":22.5,"axis":"x"},"from":[9.50414,6.47254,4.51508],"faces":{"east":{"rotation":90,"uv":[11,7.5,11.5,8],"texture":"#1"},"north":{"rotation":180,"uv":[4.75,11.5,5.25,11.75],"texture":"#1"},"south":{"rotation":180,"uv":[1.25,9.75,1.75,10],"texture":"#1"}}},{"to":[9.76963,7.43202,7.98875],"rotation":{"origin":[1.79554,-3.31,8],"angle":0,"axis":"y"},"from":[9.50414,7.16798,6.66125],"faces":{"east":{"uv":[11,7.5,11.5,8],"texture":"#1"},"north":{"rotation":180,"uv":[5.5,11,6,11.25],"texture":"#1"},"south":{"rotation":180,"uv":[5.5,11,6,11.25],"texture":"#1"}}},{"to":[9.99088,7.9195,7.44822],"rotation":{"origin":[1.79554,-3.31,8],"angle":0,"axis":"y"},"from":[9.76963,6.6805,7.20177],"faces":{"down":{"rotation":180,"uv":[7.75,8,8.25,8.25],"texture":"#1"},"east":{"uv":[11,7.5,11.5,8],"texture":"#1"},"up":{"uv":[3.25,4,3.75,4.25],"texture":"#1"}}},{"to":[9.99088,7.74069,9.69716],"rotation":{"origin":[4.07189,1.5575,8],"angle":-22.5,"axis":"x"},"from":[9.76963,6.50169,9.45071],"faces":{"down":{"rotation":180,"uv":[4.25,8,4.75,8.25],"texture":"#1"},"east":{"uv":[11,7.5,11.5,8],"texture":"#1"},"up":{"uv":[8.75,4.25,9.25,4.5],"texture":"#1"}}},{"to":[9.99088,7.22407,5.30205],"rotation":{"origin":[4.07189,1.5575,8],"angle":22.5,"axis":"x"},"from":[9.76963,5.98507,5.0556],"faces":{"down":{"uv":[4.25,8,4.75,8.25],"texture":"#1"},"east":{"uv":[11,7.5,11.5,8],"texture":"#1"},"up":{"uv":[10.5,2.75,11,3],"texture":"#1"}}},{"to":[9.99088,6.71486,11.7065],"rotation":{"origin":[4.07189,1.5575,8],"angle":-45,"axis":"x"},"from":[9.76963,5.47586,11.46004],"faces":{"down":{"rotation":180,"uv":[2.75,9.25,3.25,9.5],"texture":"#1"},"east":{"uv":[11,7.5,11.5,8],"texture":"#1"},"up":{"rotation":180,"uv":[5.75,4.75,6.25,5],"texture":"#1"}}},{"to":[9.99088,6.72779,5.79833],"rotation":{"origin":[4.07189,1.5575,8],"angle":22.5,"axis":"x"},"from":[9.76963,6.48134,4.55933],"faces":{"east":{"rotation":90,"uv":[11,7.5,11.5,8],"texture":"#1"},"north":{"rotation":180,"uv":[6.75,11.5,7.25,11.75],"texture":"#1"},"south":{"rotation":180,"uv":[1.25,9.75,1.75,10],"texture":"#1"}}},{"to":[9.99088,5.76027,3.58537],"rotation":{"origin":[4.07189,1.5575,8],"angle":45,"axis":"x"},"from":[9.76963,4.52127,3.33891],"faces":{"down":{"rotation":180,"uv":[2.75,9.25,3.25,9.75],"texture":"#1"},"east":{"uv":[11,7.5,11.5,8],"texture":"#1"},"up":{"uv":[9,4.75,9.5,5],"texture":"#1"}}},{"to":[9.99088,7.24441,10.19344],"rotation":{"origin":[4.07189,1.5575,8],"angle":-22.5,"axis":"x"},"from":[9.76963,6.99796,8.95444],"faces":{"east":{"rotation":270,"uv":[11,7.5,11.5,8],"texture":"#1"},"north":{"rotation":180,"uv":[2.5,10,3,10.5],"texture":"#1"},"south":{"rotation":180,"uv":[6.25,11.5,6.75,11.75],"texture":"#1"}}},{"to":[9.99088,7.42323,7.9445],"rotation":{"origin":[1.79554,-3.31,8],"angle":0,"axis":"y"},"from":[9.76963,7.17678,6.7055],"faces":{"east":{"uv":[11,7.5,11.5,8],"texture":"#1"},"north":{"rotation":180,"uv":[5.5,11,6,11.25],"texture":"#1"},"south":{"rotation":180,"uv":[5.5,11,6,11.25],"texture":"#1"}}},{"to":[10.12364,7.87525,7.43942],"rotation":{"origin":[1.79554,-3.31,8],"angle":0,"axis":"y"},"from":[9.99088,6.72475,7.21058],"faces":{"down":{"rotation":180,"uv":[7.75,8,8.25,8.25],"texture":"#1"},"east":{"uv":[11,7.5,11.5,8],"texture":"#1"},"up":{"uv":[3.25,4,3.75,4.25],"texture":"#1"}}},{"to":[10.12364,7.17982,5.29325],"rotation":{"origin":[3.65151,1.5575,8],"angle":22.5,"axis":"x"},"from":[9.99088,6.02932,5.06441],"faces":{"down":{"uv":[4.25,8,4.75,8.25],"texture":"#1"},"east":{"uv":[11,7.5,11.5,8],"texture":"#1"},"up":{"uv":[11.25,3.25,11.75,3.5],"texture":"#1"}}},{"to":[10.12364,7.69644,9.68836],"rotation":{"origin":[3.65151,1.5575,8],"angle":-22.5,"axis":"x"},"from":[9.99088,6.54594,9.45952],"faces":{"down":{"rotation":180,"uv":[4.25,8,4.75,8.25],"texture":"#1"},"east":{"uv":[11,7.5,11.5,8],"texture":"#1"},"up":{"uv":[11,3,11.5,3.25],"texture":"#1"}}},{"to":[10.12364,5.71602,3.57656],"rotation":{"origin":[3.65151,1.5575,8],"angle":45,"axis":"x"},"from":[9.99088,4.56552,3.34772],"faces":{"down":{"rotation":180,"uv":[2.75,9.25,3.25,9.75],"texture":"#1"},"east":{"uv":[11,7.5,11.5,8],"texture":"#1"},"up":{"uv":[6.5,4.75,7,5],"texture":"#1"}}},{"to":[10.12364,6.67061,11.69769],"rotation":{"origin":[3.65151,1.5575,8],"angle":-45,"axis":"x"},"from":[9.99088,5.52011,11.46884],"faces":{"down":{"rotation":180,"uv":[2.75,9.25,3.25,9.5],"texture":"#1"},"east":{"uv":[11,7.5,11.5,8],"texture":"#1"},"up":{"rotation":180,"uv":[8,4.75,8.5,5],"texture":"#1"}}},{"to":[10.12364,7.23561,10.14919],"rotation":{"origin":[3.65151,1.5575,8],"angle":-22.5,"axis":"x"},"from":[9.99088,7.00677,8.99869],"faces":{"east":{"rotation":270,"uv":[11,7.5,11.5,8],"texture":"#1"},"north":{"rotation":180,"uv":[2.5,10,3,10.5],"texture":"#1"},"south":{"rotation":180,"uv":[7.5,11.5,8,11.75],"texture":"#1"}}},{"to":[10.12364,6.71899,5.75408],"rotation":{"origin":[3.65151,1.5575,8],"angle":22.5,"axis":"x"},"from":[9.99088,6.49015,4.60358],"faces":{"east":{"rotation":90,"uv":[11,7.5,11.5,8],"texture":"#1"},"north":{"rotation":180,"uv":[7,11.5,7.5,11.75],"texture":"#1"},"south":{"rotation":180,"uv":[1.25,9.75,1.75,10],"texture":"#1"}}},{"to":[10.12364,7.41442,7.90025],"rotation":{"origin":[1.79554,-3.31,8],"angle":0,"axis":"y"},"from":[9.99088,7.18558,6.74975],"faces":{"east":{"uv":[11,7.5,11.5,8],"texture":"#1"},"north":{"rotation":180,"uv":[5.5,11,6,11.25],"texture":"#1"},"south":{"rotation":180,"uv":[5.5,11,6,11.25],"texture":"#1"}}},{"to":[7.83335,9.86218,7.502],"rotation":{"origin":[3.67364,2.0885,7.92862],"angle":-22.5,"axis":"z"},"from":[7.4351,9.41968,7.148],"faces":{"east":{"uv":[7.5,2,8,2.5],"texture":"#1"},"north":{"uv":[6,4.5,6.5,5],"texture":"#1"},"up":{"uv":[4,4,4.5,4.5],"texture":"#1"},"south":{"uv":[5.75,4.5,6.25,5],"texture":"#1"}}},{"to":[12.22846,4.30607,7.502],"rotation":{"origin":[3.67364,1.0265,7.92862],"angle":22.5,"axis":"z"},"from":[11.83021,3.86357,7.148],"faces":{"down":{"rotation":180,"uv":[15,8,15.5,8.5],"texture":"#1"},"east":{"uv":[7.5,2,8,2.5],"texture":"#1"},"north":{"rotation":180,"uv":[5,8,5.5,8.5],"texture":"#1"},"south":{"rotation":180,"uv":[5,8,5.5,8.5],"texture":"#1"}}},{"to":[10.28922,7.477,10.37569],"rotation":{"origin":[3.67364,1.5575,8.531],"angle":22.5,"axis":"y"},"from":[9.89097,7.123,9.88894],"faces":{"down":{"rotation":180,"uv":[9,10.25,9.5,10.75],"texture":"#1"},"east":{"uv":[7.5,2,8,2.5],"texture":"#1"},"up":{"uv":[6.5,4.75,7,5.25],"texture":"#1"},"south":{"rotation":180,"uv":[4.75,11.25,5.25,11.75],"texture":"#1"}}},{"to":[9.7726,7.477,4.86383],"rotation":{"origin":[3.67364,1.5575,7.469],"angle":-22.5,"axis":"y"},"from":[9.37435,7.123,4.37708],"faces":{"down":{"rotation":180,"uv":[9,10.25,9.5,10.75],"texture":"#1"},"east":{"uv":[7.5,2,8,2.5],"texture":"#1"},"north":{"rotation":180,"uv":[4.75,11.25,5.25,11.75],"texture":"#1"},"up":{"rotation":180,"uv":[6.5,4.75,7,5.25],"texture":"#1"}}},{"to":[5.85594,7.37894,5.33286],"rotation":{"origin":[0.13359,1.5575,8],"angle":22.5,"axis":"x"},"from":[5.7231,5.83019,5.02479],"faces":{"down":{"rotation":180,"uv":[6.25,8,6.75,8.25],"texture":"#0"},"west":{"uv":[7.25,4,7.75,6],"texture":"#0"},"east":{"uv":[12.5,7.5,13,8],"texture":"#0"},"up":{"uv":[3.5,4.25,4,4.75],"texture":"#0"}}},{"to":[5.85594,7.89556,9.72797],"rotation":{"origin":[0.13359,1.5575,8],"angle":-22.5,"axis":"x"},"from":[5.7231,6.34681,9.4199],"faces":{"down":{"rotation":180,"uv":[6.25,8,6.75,8.25],"texture":"#0"},"west":{"uv":[7.25,4,7.75,6],"texture":"#0"},"east":{"uv":[12.5,7.5,13,8],"texture":"#0"},"up":{"rotation":180,"uv":[3.5,4.25,4,4.75],"texture":"#0"}}},{"to":[5.85585,5.91515,3.61617],"rotation":{"origin":[0.13359,1.5575,8],"angle":45,"axis":"x"},"from":[5.72301,4.3664,3.3081],"faces":{"down":{"rotation":180,"uv":[6.25,8,6.75,8.25],"texture":"#0"},"west":{"uv":[10.75,4.5,11.25,6.5],"texture":"#0"},"east":{"uv":[12.5,7.5,13,8],"texture":"#0"},"up":{"uv":[3.75,4.75,4.25,5.25],"texture":"#0"}}},{"to":[5.85585,6.86974,11.73731],"rotation":{"origin":[0.13359,1.5575,8],"angle":-45,"axis":"x"},"from":[5.72301,5.32099,11.42924],"faces":{"down":{"rotation":180,"uv":[6.25,8,6.75,8.25],"texture":"#0"},"west":{"uv":[6.75,4.5,7.25,6.5],"texture":"#0"},"east":{"uv":[12.5,7.5,13,8],"texture":"#0"},"up":{"rotation":180,"uv":[7.75,4.75,8.25,5.25],"texture":"#0"}}},{"to":[5.85594,7.27522,10.34831],"rotation":{"origin":[0.13359,1.5575,8],"angle":-22.5,"axis":"x"},"from":[5.7231,6.96715,8.79956],"faces":{"west":{"rotation":90,"uv":[0.5,4.75,1,6.75],"texture":"#0"},"east":{"rotation":270,"uv":[12.5,7.5,13,8],"texture":"#0"},"north":{"rotation":180,"uv":[6.75,8,7.25,8.5],"texture":"#0"},"south":{"uv":[5.25,5.5,5.75,6],"texture":"#0"}}},{"to":[5.85594,6.7586,5.9532],"rotation":{"origin":[0.13359,1.5575,8],"angle":22.5,"axis":"x"},"from":[5.7231,6.45053,4.40445],"faces":{"west":{"rotation":270,"uv":[0.75,4.75,1.25,6.75],"texture":"#0"},"east":{"rotation":90,"uv":[12.5,7.5,13,8],"texture":"#0"},"north":{"uv":[6.75,5.5,7.25,6],"texture":"#0"},"south":{"rotation":180,"uv":[6,8,6.5,8.5],"texture":"#0"}}},{"to":[5.85585,7.45404,8.09937],"rotation":{"origin":[2.32654,-3.31,8],"angle":0,"axis":"y"},"from":[5.72301,7.14597,6.55062],"faces":{"west":{"rotation":90,"uv":[7.25,9.5,7.75,11.5],"texture":"#0"},"east":{"uv":[12.5,7.5,13,8],"texture":"#0"},"north":{"rotation":180,"uv":[4.25,8.25,4.75,8.75],"texture":"#0"},"south":{"rotation":180,"uv":[6.25,8.25,6.75,8.75],"texture":"#0"}}},{"to":[5.7885,7.47519,9.64435],"rotation":{"origin":[0.04513,1.5575,8],"angle":-22.5,"axis":"x"},"from":[5.7,6.76719,9.50353],"faces":{"down":{"rotation":180,"uv":[9,8,9.25,8.5],"texture":"#0"},"west":{"uv":[5.25,4.5,5.75,5.25],"texture":"#0"},"up":{"rotation":180,"uv":[7.25,4.25,7.5,4.75],"texture":"#0"}}},{"to":[5.7885,6.95857,5.24924],"rotation":{"origin":[0.04513,1.5575,8],"angle":22.5,"axis":"x"},"from":[5.7,6.25057,5.10842],"faces":{"down":{"uv":[9,8,9.25,8.5],"texture":"#0"},"west":{"uv":[5.25,4.5,5.75,5.25],"texture":"#0"},"up":{"uv":[3.25,4,3.5,4.5],"texture":"#0"}}},{"to":[5.78859,6.44936,11.65369],"rotation":{"origin":[0.04513,1.5575,8],"angle":-45,"axis":"x"},"from":[5.70009,5.74136,11.51286],"faces":{"down":{"uv":[6,5.5,6.25,6],"texture":"#0"},"west":{"uv":[6.25,4.5,6.75,5.25],"texture":"#0"},"up":{"rotation":180,"uv":[7.25,4.25,7.5,4.75],"texture":"#0"}}},{"to":[5.78859,5.49477,3.53256],"rotation":{"origin":[0.04513,1.5575,8],"angle":45,"axis":"x"},"from":[5.70009,4.78677,3.39173],"faces":{"down":{"uv":[6,5.5,6.25,6],"texture":"#0"},"west":{"uv":[6.25,4.5,6.75,5.25],"texture":"#0"},"up":{"uv":[3.75,4,4,4.5],"texture":"#0"}}},{"to":[5.7885,6.67498,5.53283],"rotation":{"origin":[0.04513,1.5575,8],"angle":22.5,"axis":"x"},"from":[5.7,6.53416,4.82483],"faces":{"west":{"rotation":270,"uv":[9.25,4.5,9.75,5.25],"texture":"#0"},"north":{"uv":[7.25,4.25,7.5,4.75],"texture":"#0"},"south":{"uv":[6.25,5,6.5,5.5],"texture":"#0"}}},{"to":[5.7885,7.19161,9.92794],"rotation":{"origin":[0.04513,1.5575,8],"angle":-22.5,"axis":"x"},"from":[5.7,7.05078,9.21994],"faces":{"west":{"rotation":90,"uv":[9,4.5,9.5,5.25],"texture":"#0"},"north":{"uv":[6.25,5,6.5,5.5],"texture":"#0"},"south":{"uv":[7.25,4.25,7.5,4.75],"texture":"#0"}}},{"to":[5.78859,7.37042,7.679],"rotation":{"origin":[2.32654,-3.31,8],"angle":0,"axis":"y"},"from":[5.70009,7.22959,6.971],"faces":{"west":{"uv":[6.25,4.5,6.75,5],"texture":"#0"},"north":{"uv":[6.25,4.5,6.5,5],"texture":"#0"},"south":{"uv":[6.25,4.5,6.5,5],"texture":"#0"}}},{"to":[6.36464,7.98588,7.46143],"rotation":{"origin":[0.39914,9.08,8],"angle":0,"axis":"y"},"from":[5.83363,6.61413,7.18857],"faces":{"down":{"uv":[5.75,8,6.25,8.25],"texture":"#0"},"up":{"rotation":180,"uv":[8.5,4,9,4.5],"texture":"#0"}}},{"to":[6.36464,7.29044,5.31526],"rotation":{"origin":[0.39914,1.5575,8],"angle":22.5,"axis":"x"},"from":[5.83363,5.91869,5.04239],"faces":{"down":{"uv":[5.75,8,6.25,8.25],"texture":"#0"},"up":{"rotation":180,"uv":[11,2.5,11.5,3],"texture":"#0"}}},{"to":[6.36464,7.80706,9.71037],"rotation":{"origin":[0.39914,1.5575,8],"angle":-22.5,"axis":"x"},"from":[5.83363,6.43531,9.4375],"faces":{"down":{"uv":[5.75,8,6.25,8.25],"texture":"#0"},"up":{"rotation":180,"uv":[8.5,4,9,4.5],"texture":"#0"}}},{"to":[6.36464,5.82665,3.59857],"rotation":{"origin":[0.39914,1.5575,8],"angle":45,"axis":"x"},"from":[5.83363,4.4549,3.3257],"faces":{"down":{"uv":[5.75,8,6.25,8.25],"texture":"#0"},"up":{"uv":[3.25,4.25,3.75,4.75],"texture":"#0"}}},{"to":[6.36464,6.78124,11.7197],"rotation":{"origin":[0.39914,1.5575,8],"angle":-45,"axis":"x"},"from":[5.83363,5.40949,11.44684],"faces":{"down":{"uv":[5.75,8,6.25,8.25],"texture":"#0"},"up":{"rotation":180,"uv":[3.25,4.25,3.75,4.75],"texture":"#0"}}},{"to":[6.36464,7.25762,10.25981],"rotation":{"origin":[0.39914,1.5575,8],"angle":-22.5,"axis":"x"},"from":[5.83363,6.98476,8.88806],"faces":{"north":{"rotation":180,"uv":[3,8,3.5,8.5],"texture":"#0"},"south":{"uv":[3.25,4.75,3.75,5.25],"texture":"#0"}}},{"to":[6.36464,6.741,5.8647],"rotation":{"origin":[0.39914,1.5575,8],"angle":22.5,"axis":"x"},"from":[5.83363,6.46813,4.49295],"faces":{"north":{"uv":[3.25,4.75,3.75,5.25],"texture":"#0"},"south":{"rotation":180,"uv":[3,8,3.5,8.5],"texture":"#0"}}},{"to":[5.52,0.8959,9.05],"rotation":{"origin":[6.9211,-0.6041,6.65],"angle":0,"axis":"z"},"from":[5.42,0.3959,8.55],"faces":{"west":{"uv":[8.25,2,8.75,2.51],"texture":"#0"}}},{"to":[5.52,-0.8041,7.35],"rotation":{"origin":[6.9211,-0.6041,6.65],"angle":0,"axis":"z"},"from":[5.42,-1.3041,6.85],"faces":{"west":{"uv":[8.25,2,8.75,2.51],"texture":"#0"}}},{"to":[5.52,0.8959,7.35],"rotation":{"origin":[6.9211,-0.6041,6.65],"angle":0,"axis":"z"},"from":[5.42,0.3959,6.85],"faces":{"west":{"uv":[8.25,2,8.75,2.51],"texture":"#0"}}},{"to":[5.52,3.0959,7.35],"rotation":{"origin":[6.9211,-0.6041,6.65],"angle":0,"axis":"z"},"from":[5.42,2.5959,6.85],"faces":{"west":{"uv":[8.25,2,8.75,2.51],"texture":"#0"}}},{"to":[5.52,5.3959,7.35],"rotation":{"origin":[6.9211,-0.6041,6.65],"angle":0,"axis":"z"},"from":[5.42,4.8959,6.85],"faces":{"west":{"uv":[8.25,2,8.75,2.51],"texture":"#0"}}},{"to":[5.52,5.3959,9.05],"rotation":{"origin":[6.9211,-0.6041,6.65],"angle":0,"axis":"z"},"from":[5.42,4.8959,8.55],"faces":{"west":{"uv":[8.25,2,8.75,2.51],"texture":"#0"}}},{"to":[5.52,3.0959,9.05],"rotation":{"origin":[6.9211,-0.6041,6.65],"angle":0,"axis":"z"},"from":[5.42,2.5959,8.55],"faces":{"west":{"uv":[8.25,2,8.75,2.51],"texture":"#0"}}},{"to":[9.1211,6.8979,9.45315],"rotation":{"origin":[3.4211,-0.6041,9.55315],"angle":0,"axis":"z"},"from":[6.3211,-7.1041,8.05315],"faces":{"up":{"rotation":180,"uv":[10.25,5.25,12.25,4],"texture":"#0"}}},{"to":[9.1211,6.8979,7.95315],"rotation":{"origin":[3.4211,-0.6041,8.05315],"angle":0,"axis":"z"},"from":[6.3211,-6.1041,6.55315],"faces":{"up":{"uv":[10.25,5.25,12.25,4],"texture":"#0"}}},{"to":[10.5211,6.8979,9.45315],"rotation":{"origin":[3.4211,-0.6041,9.55315],"angle":0,"axis":"z"},"from":[9.1211,-6.6041,8.05315],"faces":{"up":{"rotation":180,"uv":[10.25,5.25,11.5,4],"texture":"#1"}}},{"to":[10.5211,6.8979,7.95315],"rotation":{"origin":[3.4211,-0.6041,8.05315],"angle":0,"axis":"z"},"from":[9.1211,-2.1041,6.55315],"faces":{"up":{"uv":[10.25,5.25,11.5,4],"texture":"#1"}}},{"to":[10.7211,6.8969,9.45],"rotation":{"origin":[6.9211,-0.6041,9.85],"angle":0,"axis":"z"},"from":[5.4211,6.3959,6.55],"faces":{"up":{"rotation":270,"uv":[8.5,8,8.75,8.25],"texture":"#2"}}}],"display":{"thirdperson_righthand":{"rotation":[25,111,-23],"scale":[0.2,0.2,0.2],"translation":[-0.5,1.25,0]},"head":{"scale":[0.4,0.4,0.4]},"thirdperson_lefthand":{"rotation":[69,-71,65],"scale":[0.2,0.2,0.2],"translation":[-0.25,0.5,0]},"gui":{"rotation":[0,180,30],"scale":[0.73,0.73,0.73],"translation":[2.75,5.25,0]},"firstperson_lefthand":{"rotation":[-40,-110,-27],"scale":[0.4,0.4,0.4],"translation":[3.25,2,0]},"firstperson_righthand":{"rotation":[-87,65,68],"scale":[0.4,0.4,0.4],"translation":[2,2.25,0]},"fixed":{"rotation":[0,180,0],"scale":[0.4,0.4,0.4],"translation":[0,2.25,-1]},"ground":{"translation":[0,2.75,0],"scale":[0.2,0.2,0.2]}},"credit":"thebradqq's guns"}