{"textures":{"particle":"mgs:misc/reticles","1":"mgs:gun/glock18_polymer_dots","0":"mgs:gun/glock18details","3":"mgs:gun/metal","2":"mgs:gun/brown_polymer_dark","5":"mgs:misc/reticles","4":"mgs:gun/metal_dark"},"gui_light":"front","elements":[{"to":[8.69385,4.0891,9.25],"rotation":{"origin":[9,2.7,7.55],"angle":-22.5,"axis":"z"},"from":[7.29385,3.4391,6.75],"faces":{"down":{"uv":[7.75,9.75,8.5,10.75],"texture":"#2"},"north":{"uv":[13.5,4.75,14.25,5.25],"texture":"#2"},"up":{"rotation":90,"uv":[12.5,4.25,13.5,5.25],"texture":"#2"},"south":{"uv":[13.5,4.75,14.25,5.25],"texture":"#2"}}},{"to":[9.95,7.9,8.351],"rotation":{"origin":[9,8.9,8.149],"angle":0,"axis":"y"},"from":[9.2,6.25,7.649],"faces":{"east":{"rotation":180,"uv":[10.75,3.5,11.25,4.25],"texture":"#2"},"north":{"rotation":180,"uv":[3.5,12,4,12.5],"texture":"#2"},"south":{"rotation":180,"uv":[3.5,12,4,12.5],"texture":"#2"}}},{"to":[9.85,8.1,8.651],"rotation":{"origin":[9,8.9,8.149],"angle":0,"axis":"y"},"from":[8.4,5.85,7.349],"faces":{"down":{"rotation":90,"uv":[9,8,9.25,8.25],"texture":"#2"},"west":{"rotation":90,"uv":[9,8,9.25,8.25],"texture":"#2"},"east":{"rotation":180,"uv":[7,4.5,7.75,5.25],"texture":"#2"},"north":{"rotation":90,"uv":[6.75,6.5,7.5,7.25],"texture":"#2"},"south":{"rotation":270,"uv":[6.75,6.5,7.5,7.25],"texture":"#2"}}},{"to":[15.07,4.1,9.25],"rotation":{"origin":[10.2,2.825,8.05],"angle":0,"axis":"y"},"from":[9,3.5,6.75],"faces":{"down":{"uv":[5.25,9.25,7.75,10.25],"texture":"#2"},"north":{"uv":[6.75,5,9.25,5.5],"texture":"#2"},"up":{"uv":[8.75,3.5,11.25,4.5],"texture":"#2"},"south":{"uv":[6.75,5,9.25,5.5],"texture":"#2"}}},{"to":[15.77603,3.78721,9.2495],"rotation":{"origin":[14.63179,3.06247,8.0495],"angle":45,"axis":"z"},"from":[15.25103,3.06199,6.7505],"faces":{"down":{"rotation":90,"uv":[6.25,7.5,7.25,8],"texture":"#2"},"east":{"rotation":180,"uv":[6.75,4.75,7.75,5.25],"texture":"#2"},"north":{"rotation":270,"uv":[7,4.75,7.5,5.25],"texture":"#2"},"south":{"rotation":90,"uv":[7,4.75,7.5,5.25],"texture":"#2"}}},{"to":[14.39686,6.31347,9.2495],"rotation":{"origin":[18.15587,4.35,8.0505],"angle":-22.5,"axis":"z"},"from":[13.94686,4.75174,6.7505],"faces":{"east":{"uv":[2,11.75,3,12.25],"texture":"#2"},"north":{"rotation":270,"uv":[8,5,8.5,5.25],"texture":"#2"},"south":{"rotation":270,"uv":[8,5,8.5,5.25],"texture":"#2"}}},{"to":[14.05829,4.85918,9.249],"rotation":{"origin":[14.00466,3.60593,8.05],"angle":-22.5,"axis":"z"},"from":[13.70829,3.98396,6.751],"faces":{"west":{"rotation":180,"uv":[12.5,4.75,13.5,5.25],"texture":"#2"},"north":{"rotation":270,"uv":[9,8.5,9.5,9],"texture":"#2"},"south":{"rotation":270,"uv":[9,8.5,9.5,9],"texture":"#2"}}},{"to":[25.29583,10.14783,9.848],"rotation":{"origin":[15.48125,8.99891,9.752],"angle":0,"axis":"y"},"from":[17.16667,8.9,6.152],"faces":{"east":{"uv":[10,4.75,10.5,5.5],"texture":"#2"},"north":{"uv":[12,4.5,14.5,5.25],"texture":"#2"},"up":{"uv":[9.25,6.25,9.75,6.75],"texture":"#2"},"south":{"uv":[12,4.5,14.5,5.25],"texture":"#2"}}},{"to":[9.20952,4.31569,8.999],"rotation":{"origin":[8.93761,5.1,7.801],"angle":-45,"axis":"z"},"from":[8.36764,4.01569,7.001],"faces":{"east":{"rotation":180,"uv":[12.5,4.5,13.5,6],"texture":"#2"},"north":{"uv":[13.5,4.75,13.75,5],"texture":"#2"},"up":{"rotation":90,"uv":[12.5,4.75,13.5,5.25],"texture":"#2"},"south":{"uv":[13.5,4.75,13.75,5],"texture":"#2"}}},{"to":[8.0533,7.16997,9.249],"rotation":{"origin":[8.93761,5.1,8.051],"angle":22.5,"axis":"z"},"from":[6.3533,4.42809,6.751],"faces":{"down":{"uv":[7.75,9.75,8.5,10.75],"texture":"#2"},"east":{"rotation":180,"uv":[12.5,4.75,13.5,6.25],"texture":"#2"},"north":{"rotation":270,"uv":[13.5,4.75,14.25,5.75],"texture":"#2"},"south":{"rotation":90,"uv":[13.5,4.75,14.25,5.75],"texture":"#2"}}},{"to":[25.5,12.70804,9.3],"rotation":{"origin":[24.45,9.22902,8],"angle":0,"axis":"y"},"from":[22.8,9.25,6.6],"faces":{"east":{"rotation":90,"uv":[1.5,11.75,2.75,12.75],"texture":"#4"},"north":{"rotation":180,"uv":[8,11,8.25,12.75],"texture":"#4"},"south":{"rotation":180,"uv":[8,11,8.25,12.75],"texture":"#4"}}},{"to":[25.499,8.99178,5.9766],"rotation":{"origin":[24.15,5.10919,7.95],"angle":45,"axis":"x"},"from":[22.799,7.8734,4.2766],"faces":{"east":{"rotation":180,"uv":[3,11.5,3.5,12],"texture":"#4"},"south":{"rotation":180,"uv":[9,9.75,9.25,10.5],"texture":"#4"}}},{"to":[25.499,12.35657,10.14853],"rotation":{"origin":[24.15,10.94885,7.95],"angle":-45,"axis":"x"},"from":[22.799,11.23819,8.44853],"faces":{"east":{"uv":[1.5,12,2.25,12.5],"texture":"#4"},"south":{"uv":[7.75,4.5,8.75,5.25],"texture":"#4"}}},{"to":[25.499,10.15919,8.50919],"rotation":{"origin":[24.15,5.10919,7.95],"angle":0,"axis":"x"},"from":[22.799,8.45919,7.39081],"faces":{"down":{"rotation":180,"uv":[9,9.75,9.25,10.5],"texture":"#4"},"east":{"rotation":90,"uv":[3.75,10.75,4.25,11.25],"texture":"#4"}}},{"to":[25.499,13.49885,8.50919],"rotation":{"origin":[24.15,10.94885,7.95],"angle":0,"axis":"x"},"from":[22.799,11.79885,7.39081],"faces":{"east":{"uv":[1.25,11.75,2,12.25],"texture":"#4"},"up":{"rotation":180,"uv":[11,4,12,4.75],"texture":"#3"}}},{"to":[25.499,8.78259,5.18579],"rotation":{"origin":[24.15,5.10919,7.95],"angle":45,"axis":"x"},"from":[22.799,7.08259,4.06741],"faces":{"down":{"rotation":180,"uv":[9,9.75,9.25,10.5],"texture":"#4"},"east":{"rotation":90,"uv":[3,12,3.5,11.5],"texture":"#4"}}},{"to":[25.499,13.14738,9.35772],"rotation":{"origin":[24.15,10.94885,7.95],"angle":-45,"axis":"x"},"from":[22.799,11.44738,8.23934],"faces":{"east":{"uv":[1.25,11.75,2,12.25],"texture":"#4"},"up":{"rotation":180,"uv":[7.75,4.5,8.75,5.25],"texture":"#4"}}},{"to":[25.735,10.14342,8.90454],"rotation":{"origin":[25.23864,9.61567,8],"angle":-22.5,"axis":"x"},"from":[24.7,9.45748,7.24854],"faces":{"east":{"rotation":90,"uv":[5.5,10.5,6,12],"texture":"#3"},"north":{"rotation":180,"uv":[7.5,11,7.75,11.75],"texture":"#4"},"south":{"uv":[9,4.75,9.25,5.5],"texture":"#4"}}},{"to":[3.43613,-3.93479,9.7514],"rotation":{"origin":[0.68613,-2.30979,8.3494],"angle":0,"axis":"y"},"from":[-4.7972,-5.75979,6.2494],"faces":{"down":{"rotation":90,"uv":[4.25,9.75,5,10.25],"texture":"#2"},"west":{"uv":[3.75,4.25,5.25,5.25],"texture":"#2"},"east":{"rotation":180,"uv":[3.25,4.5,4.75,5.5],"texture":"#2"},"north":{"rotation":90,"uv":[3,4.75,4.25,7],"texture":"#2"},"south":{"rotation":270,"uv":[3,4.75,4.25,7],"texture":"#2"}}},{"to":[4.87349,-1.12744,9.749],"rotation":{"origin":[3.91946,-0.74729,8.252],"angle":22.5,"axis":"z"},"from":[3.74016,-2.05244,6.251],"faces":{"down":{"rotation":90,"uv":[3.25,5.25,4.75,5.75],"texture":"#2"},"east":{"rotation":180,"uv":[3.25,4.75,4.75,5.25],"texture":"#2"},"north":{"rotation":90,"uv":[4.5,6.5,5,7.25],"texture":"#2"},"south":{"rotation":270,"uv":[4.5,6.5,5,7.25],"texture":"#2"}}},{"to":[6.80191,0.91506,9.749],"rotation":{"origin":[3.91946,-0.74729,8.252],"angle":22.5,"axis":"z"},"from":[5.66858,-0.00994,6.251],"faces":{"down":{"rotation":90,"uv":[3.25,5.25,4.75,5.75],"texture":"#2"},"east":{"rotation":180,"uv":[3.25,4.75,4.75,5.25],"texture":"#2"},"north":{"rotation":90,"uv":[4.5,6.5,5,7.25],"texture":"#2"},"south":{"rotation":270,"uv":[4.5,6.5,5,7.25],"texture":"#2"}}},{"to":[25.29643,9.69279,9.60155],"rotation":{"origin":[15.48115,8.9989,8.248],"angle":45,"axis":"x"},"from":[16.0005,9.29496,8.60155],"faces":{"east":{"uv":[10,5.5,10.5,5.75],"texture":"#2"},"south":{"uv":[11.25,5.5,13.75,5.75],"texture":"#2"}}},{"to":[25.29593,8.86168,9.03951],"rotation":{"origin":[15.48115,8.9989,8.248],"angle":-22.5,"axis":"x"},"from":[16,7.86168,8.64169],"faces":{"east":{"uv":[10,5.5,10.5,5.75],"texture":"#2"}}},{"to":[25.2965,9.69279,7.39845],"rotation":{"origin":[15.48115,8.9989,7.752],"angle":-45,"axis":"x"},"from":[16.0005,9.29496,6.39845],"faces":{"east":{"uv":[10,5.5,10.5,5.75],"texture":"#2"},"north":{"uv":[11.25,5.5,13.75,5.75],"texture":"#2"}}},{"to":[25.29593,9.51982,7.23594],"rotation":{"origin":[15.48115,8.9989,7.752],"angle":-22.5,"axis":"x"},"from":[16,9.12199,6.23594],"faces":{"east":{"uv":[10,5.5,10.5,5.75],"texture":"#2"},"north":{"uv":[11.5,5.25,14,5.5],"texture":"#2"}}},{"to":[25.29593,9.09891,9.04891],"rotation":{"origin":[15.48125,8.99891,10.25],"angle":0,"axis":"y"},"from":[16,8.09891,6.95109],"faces":{"east":{"uv":[10,5.5,10.5,5.75],"texture":"#2"}}},{"to":[25.29593,8.86168,7.35831],"rotation":{"origin":[15.48115,8.9989,7.752],"angle":22.5,"axis":"x"},"from":[16,7.86168,6.96049],"faces":{"east":{"uv":[10,5.5,10.5,5.75],"texture":"#2"}}},{"to":[25.29593,9.51982,9.76406],"rotation":{"origin":[15.48115,8.9989,8.248],"angle":22.5,"axis":"x"},"from":[16,9.12199,8.76406],"faces":{"east":{"uv":[10,5.5,10.5,5.75],"texture":"#2"},"south":{"uv":[11.5,5.25,14,5.5],"texture":"#2"}}},{"to":[25.736,10.14342,8.75146],"rotation":{"origin":[25.23864,9.61567,8],"angle":22.5,"axis":"x"},"from":[24.701,9.45748,7.09546],"faces":{"east":{"rotation":270,"uv":[5.5,10.5,6,12],"texture":"#3"},"north":{"uv":[9,4.75,9.25,5.5],"texture":"#4"},"south":{"rotation":180,"uv":[7.5,11,7.75,11.75],"texture":"#4"}}},{"to":[25.736,10.62846,8.26644],"rotation":{"origin":[25.23864,9.61567,8],"angle":22.5,"axis":"x"},"from":[24.701,8.97246,7.58048],"faces":{"down":{"rotation":180,"uv":[7,9.5,7.25,10.25],"texture":"#4"},"east":{"uv":[9,5,9.5,6.375],"texture":"#3"},"up":{"uv":[6.75,11.25,7,12],"texture":"#4"}}},{"to":[25.535,12.93304,8.69298],"rotation":{"origin":[24.7825,9.38004,8],"angle":0,"axis":"x"},"from":[24.5,11.37704,7.30702],"faces":{"east":{"uv":[15.75,15.75,16,16],"texture":"#4"}}},{"to":[25.535,12.53304,8.79298],"rotation":{"origin":[24.7825,9.38004,8],"angle":0,"axis":"x"},"from":[24.5,11.77704,7.20702],"faces":{"east":{"uv":[15.75,15.75,16,16],"texture":"#4"}}},{"to":[25.735,10.62846,8.41952],"rotation":{"origin":[25.23864,9.61567,8],"angle":-22.5,"axis":"x"},"from":[24.7,8.97246,7.73356],"faces":{"down":{"rotation":180,"uv":[7,9.5,7.25,10.25],"texture":"#4"},"east":{"uv":[9,5,9.5,6.375],"texture":"#3"},"up":{"rotation":180,"uv":[6.75,11.25,7,12],"texture":"#4"}}},{"to":[3.63354,11.10104,9.7494],"rotation":{"origin":[-3.59979,-2.69896,6.7494],"angle":-22.5,"axis":"z"},"from":[-4.23312,-1.93229,6.2494],"faces":{"west":{"rotation":180,"uv":[8.5,16,13,0],"texture":"#1"},"east":{"rotation":180,"uv":[8.5,16,13,0],"texture":"#1"},"north":{"rotation":90,"uv":[3,4.75,6.25,7],"texture":"#2"},"south":{"rotation":270,"uv":[3,4.75,6.25,7],"texture":"#2"}}},{"to":[2.53333,9.9,10.274],"rotation":{"origin":[-3.6,-2.6,6.426],"angle":-22.5,"axis":"z"},"from":[-2.63333,-2.83333,5.726],"faces":{"down":{"rotation":180,"uv":[6.75,5.75,8.25,6.25],"texture":"#2"},"west":{"uv":[8.5,4,10.25,6],"texture":"#2"},"east":{"uv":[7.25,10.25,9,12.25],"texture":"#2"},"north":{"rotation":180,"uv":[6,16,13.25,0],"texture":"#1"},"south":{"rotation":180,"uv":[13.25,16,6,0],"texture":"#1"}}},{"to":[2.50782,11.4384,10.274],"rotation":{"origin":[-3.62551,-2.6616,6.426],"angle":-22.5,"axis":"z"},"from":[-2.65884,9.90507,5.726],"faces":{"down":{"rotation":180,"uv":[6.75,5.75,8.25,6.25],"texture":"#2"},"west":{"uv":[8.5,3.25,10.25,5.25],"texture":"#2"},"east":{"uv":[7.25,10.25,9,12.25],"texture":"#2"},"north":{"rotation":180,"uv":[3.5,1.5,10.75,0],"texture":"#1"},"south":{"rotation":180,"uv":[10.75,1.5,3.5,0],"texture":"#1"}}},{"to":[-0.435,-1.96548,9.7494],"rotation":{"origin":[-3.43396,-2.30133,6.7494],"angle":-22.5,"axis":"z"},"from":[-4.06833,-4.33214,6.2494],"faces":{"west":{"rotation":270,"uv":[4.5,2.5,7.5,7],"texture":"#1"},"north":{"rotation":90,"uv":[3.25,4.75,3.75,5.75],"texture":"#2"},"south":{"rotation":270,"uv":[3.25,4.75,3.75,5.75],"texture":"#2"}}},{"to":[8.79987,13.1387,10],"rotation":{"origin":[25.25,12.2387,7.67202],"angle":0,"axis":"y"},"from":[-2.46667,10.1387,6],"faces":{"west":{"rotation":180,"uv":[0,11.25,1.5,12.716],"texture":"#4"},"east":{"rotation":180,"uv":[9.73333,4,11.19947,5.464],"texture":"#4"},"north":{"rotation":180,"uv":[0,11.50027,4,12.9664],"texture":"#4"},"south":{"rotation":180,"uv":[0,11.50027,4,12.9664],"texture":"#4"}}},{"to":[5.29987,13.1387,10.001],"rotation":{"origin":[25.25,12.2387,7.67102],"angle":0,"axis":"y"},"from":[-1.46667,10.1387,8.999],"faces":{"south":{"rotation":180,"uv":[3,3.5,15,9.966],"texture":"#0"}}},{"to":[0.99987,13.1387,7.001],"rotation":{"origin":[25.25,12.2387,8.32898],"angle":0,"axis":"y"},"from":[-1.46667,10.1387,5.999],"faces":{"north":{"rotation":180,"uv":[15,3.5,10.5,9.966],"texture":"#0"}}},{"to":[5.29987,13.1387,6.501],"rotation":{"origin":[25.25,12.2387,7.67102],"angle":0,"axis":"y"},"from":[2.83333,10.1387,5.999],"faces":{"north":{"uv":[3,9.966,7.5,3.5],"texture":"#0"}}},{"to":[8.83333,12.8387,10.075],"rotation":{"origin":[25.25,12.2387,7.67202],"angle":0,"axis":"y"},"from":[6.33333,11.9387,6.075],"faces":{"down":{"rotation":180,"uv":[8,8,8.25,8.25],"texture":"#3"},"west":{"uv":[7,8.25,7.75,9],"texture":"#3"},"east":{"uv":[7,7.25,7.75,8],"texture":"#3"},"up":{"rotation":90,"uv":[6.75,7.25,7.5,8.5],"texture":"#3"},"south":{"rotation":90,"uv":[6.75,7.5,7.5,8.75],"texture":"#3"}}},{"to":[8.79987,13.5387,9.6],"rotation":{"origin":[25.25,12.2387,7.67202],"angle":0,"axis":"y"},"from":[-2.46667,13.1387,6.4],"faces":{"west":{"rotation":180,"uv":[0,12.75,1.5,13],"texture":"#4"},"east":{"rotation":180,"uv":[9.46613,5.3328,10.93227,5.72907],"texture":"#4"},"up":{"rotation":180,"uv":[12,0,16,1.46613],"texture":"#4"}}},{"to":[13.34987,13.1387,6.71072],"rotation":{"origin":[33.3832,12.2387,8.03869],"angle":0,"axis":"y"},"from":[8.79987,10.1387,6],"faces":{"north":{"rotation":180,"uv":[3.25013,11.50027,4.85013,12.9664],"texture":"#4"}}},{"to":[13.34987,11.7387,10],"rotation":{"origin":[33.3832,12.2387,8.42797],"angle":0,"axis":"y"},"from":[8.79987,10.1387,9.28928],"faces":{"up":{"rotation":180,"uv":[6.53333,4.53333,9.33013,5.064],"texture":"#3"},"south":{"rotation":180,"uv":[3.25013,11.50027,4.85013,12.30027],"texture":"#4"}}},{"to":[16.3332,13.47203,9.2887],"rotation":{"origin":[33.78333,12.2387,8.05],"angle":0,"axis":"y"},"from":[6.06667,10.7387,6.64464],"faces":{"north":{"rotation":180,"uv":[6.5,10.5,9.75,11.75],"texture":"#3"},"up":{"rotation":180,"uv":[8.25,3.75,11.5,5],"texture":"#3"},"south":{"rotation":180,"uv":[6.5,11,9.75,12.25],"texture":"#3"}}},{"to":[25.01641,13.1387,10],"rotation":{"origin":[25.26654,12.2387,7.67202],"angle":0,"axis":"y"},"from":[13.34987,10.1387,6],"faces":{"down":{"uv":[7.5,8,8,8.25],"texture":"#4"},"west":{"rotation":180,"uv":[9.73333,4,11.19947,5.464],"texture":"#4"},"north":{"rotation":180,"uv":[3.25013,11.50027,7.10027,12.9664],"texture":"#4"},"south":{"rotation":180,"uv":[3.25013,11.50027,7.10027,12.9664],"texture":"#4"}}},{"to":[25.41641,13.1387,9.6],"rotation":{"origin":[25.26654,12.2387,7.57202],"angle":0,"axis":"y"},"from":[24.84987,10.1387,6.4],"faces":{"down":{"uv":[7.5,8,8,8.25],"texture":"#4"},"east":{"rotation":180,"uv":[8.5,10.25,10.5,12],"texture":"#3"}}},{"to":[25.37008,13.39196,9.6],"rotation":{"origin":[25.0161,13.0384,8],"angle":45,"axis":"z"},"from":[24.80354,12.82626,6.4],"faces":{"east":{"rotation":180,"uv":[0,12.5,2,13],"texture":"#4"},"north":{"rotation":180,"uv":[0,12.5,0.5,13],"texture":"#4"},"south":{"rotation":180,"uv":[0,12.5,0.5,13],"texture":"#4"}}},{"to":[25.01641,13.5387,9.6],"rotation":{"origin":[25.26654,12.2387,7.57202],"angle":0,"axis":"y"},"from":[13.34987,10.2387,6.4],"faces":{"west":{"rotation":180,"uv":[9.6,4.13333,11.06613,5.5968],"texture":"#4"},"up":{"rotation":180,"uv":[12,0,15.85013,1.46613],"texture":"#4"}}},{"to":[25.01641,13.43619,9.99393],"rotation":{"origin":[19.38314,13.01192,9.67322],"angle":-45,"axis":"x"},"from":[13.34987,12.8705,9.49393],"faces":{"west":{"rotation":180,"uv":[9.73333,5.46613,10.26507,5.9968],"texture":"#4"},"east":{"rotation":180,"uv":[0,12.75,0.25,13],"texture":"#4"},"south":{"uv":[8.25013,4.50027,12.10027,4.9664],"texture":"#4"}}},{"to":[25.30177,13.1387,9.82322],"rotation":{"origin":[25.08963,15.77197,9.57322],"angle":45,"axis":"y"},"from":[24.73608,10.1387,9.32322],"faces":{"down":{"uv":[7.5,8,8,8.25],"texture":"#4"},"up":{"rotation":180,"uv":[15.5,0,16,0.466],"texture":"#4"},"south":{"rotation":180,"uv":[8,11,8.25,12.75],"texture":"#4"}}},{"to":[25.30177,13.1387,6.67678],"rotation":{"origin":[25.08963,15.77197,6.42678],"angle":-45,"axis":"y"},"from":[24.73608,10.1387,6.17678],"faces":{"down":{"uv":[7.5,8,8,8.25],"texture":"#4"},"north":{"rotation":180,"uv":[8,11,8.25,12.75],"texture":"#4"},"up":{"rotation":180,"uv":[15.5,0,16,0.466],"texture":"#4"}}},{"to":[8.8003,13.43619,9.99393],"rotation":{"origin":[3.5666,13.01192,9.67322],"angle":-45,"axis":"x"},"from":[-2.4662,12.8705,9.49393],"faces":{"west":{"rotation":180,"uv":[0,12.75,0.25,13],"texture":"#4"},"east":{"rotation":180,"uv":[9.73333,5.46613,10.26507,5.9968],"texture":"#4"},"south":{"uv":[6,4.50027,10,4.9664],"texture":"#4"}}},{"to":[25.0168,13.43619,6.50607],"rotation":{"origin":[19.36668,13.01192,6.32678],"angle":45,"axis":"x"},"from":[-2.4662,12.8705,6.00607],"faces":{"west":{"rotation":180,"uv":[0,12.75,0.25,13],"texture":"#4"},"east":{"rotation":180,"uv":[0,12.75,0.25,13],"texture":"#4"},"north":{"uv":[0,4.50027,9.25013,4.9664],"texture":"#4"},"up":{"uv":[0,4.50027,16,4.9664],"texture":"#3"}}},{"to":[11.49739,10.14011,10.275],"rotation":{"origin":[25.24752,10.38011,7.99702],"angle":0,"axis":"y"},"from":[0.28085,7.98011,5.725],"faces":{"down":{"uv":[4.25,9.75,10.25,10.75],"texture":"#2"},"east":{"uv":[10,4.5,10.5,5.5],"texture":"#2"},"north":{"uv":[10,4,16,5],"texture":"#2"},"up":{"uv":[10,2.75,16,3.25],"texture":"#2"},"south":{"uv":[9.75,4,15.75,5],"texture":"#2"}}},{"to":[17.61393,10.14011,10.275],"rotation":{"origin":[25.26406,10.38011,7.99702],"angle":0,"axis":"y"},"from":[11.49739,7.98011,5.725],"faces":{"down":{"uv":[4.25,9.75,10.25,10.75],"texture":"#2"},"east":{"uv":[10,4.5,10.5,5.5],"texture":"#2"},"north":{"uv":[2.75,4.25,0,5.25],"texture":"#2"},"up":{"uv":[10,2.75,16,3.25],"texture":"#2"},"south":{"uv":[0,4.25,2.75,5.25],"texture":"#2"}}},{"to":[25.86334,13.17978,8.13133],"rotation":{"origin":[17.87163,11.95,8],"angle":22.5,"axis":"x"},"from":[8.98,12.89478,7.71559],"faces":{"down":{"uv":[7,8,7.5,8.25],"texture":"#4"},"east":{"uv":[6,7.25,6.5,7.75],"texture":"#4"},"up":{"uv":[11.25,2.75,11.75,3.25],"texture":"#3"}}},{"to":[25.86334,12.35787,9.045],"rotation":{"origin":[17.87163,11.95,8],"angle":0,"axis":"y"},"from":[8.98,11.94213,8.76],"faces":{"east":{"rotation":270,"uv":[0.5,7.5,0,8],"texture":"#4"},"north":{"rotation":180,"uv":[7.25,7.5,7.75,8],"texture":"#4"},"south":{"uv":[1.5,7.25,2,7.75],"texture":"#4"}}},{"to":[25.86334,12.34265,8.96846],"rotation":{"origin":[17.87163,11.95,8],"angle":22.5,"axis":"x"},"from":[8.98,11.92691,8.68346],"faces":{"east":{"rotation":90,"uv":[0.5,7.5,0,8],"texture":"#4"},"north":{"rotation":180,"uv":[10.5,4.5,11,5],"texture":"#4"},"south":{"uv":[5.25,10.5,5.75,11],"texture":"#4"}}},{"to":[25.86334,11.33142,8.34929],"rotation":{"origin":[17.87163,11.95,8],"angle":-45,"axis":"x"},"from":[8.98,11.04642,7.93355],"faces":{"down":{"rotation":180,"uv":[7,8,7.5,8.5],"texture":"#4"},"east":{"uv":[5.5,7.5,6,8],"texture":"#4"},"up":{"uv":[6.25,1.75,6.75,2.25],"texture":"#4"}}},{"to":[25.86334,11.37478,8.28441],"rotation":{"origin":[17.87163,11.95,8],"angle":-22.5,"axis":"x"},"from":[8.98,11.08978,7.86867],"faces":{"down":{"uv":[7,8,7.5,8.25],"texture":"#4"},"east":{"uv":[5.5,7.5,6,8],"texture":"#4"},"up":{"uv":[6.25,1.75,6.75,2.25],"texture":"#4"}}},{"to":[25.86444,13.195,8.20787],"rotation":{"origin":[17.87163,11.95,8],"angle":0,"axis":"y"},"from":[8.98,12.91,7.79213],"faces":{"down":{"uv":[7,8,7.5,8.25],"texture":"#4"},"east":{"uv":[15.5,7.25,16,7.75],"texture":"#4"},"up":{"uv":[15.5,0.75,16,1.25],"texture":"#3"}}},{"to":[25.86224,12.34265,9.12154],"rotation":{"origin":[17.87163,11.95,8],"angle":-22.5,"axis":"x"},"from":[8.98,11.92691,8.83654],"faces":{"east":{"rotation":270,"uv":[7.25,7.5,7.75,8],"texture":"#4"},"north":{"rotation":180,"uv":[7,7.75,7.5,8.25],"texture":"#4"},"up":{"uv":[8.25,4.25,8.75,4.75],"texture":"#4"},"south":{"uv":[7.5,4.5,8,5],"texture":"#4"}}},{"to":[25.86334,11.39,8.20787],"rotation":{"origin":[17.87163,11.95,8],"angle":0,"axis":"y"},"from":[8.98,11.105,7.79213],"faces":{"down":{"uv":[7,8,7.5,8.25],"texture":"#4"},"east":{"uv":[5.5,7.5,6,8],"texture":"#4"},"up":{"uv":[10.75,2.75,11.25,3.25],"texture":"#4"}}},{"to":[25.86334,12.34265,7.31654],"rotation":{"origin":[17.87163,11.95,8],"angle":-22.5,"axis":"x"},"from":[8.98,11.92691,7.03154],"faces":{"east":{"rotation":270,"uv":[0,7.5,0.5,8],"texture":"#4"},"north":{"uv":[5.25,10.5,5.75,11],"texture":"#4"},"south":{"rotation":180,"uv":[10.5,4.5,11,5],"texture":"#4"}}},{"to":[25.86334,11.33142,8.06645],"rotation":{"origin":[17.87163,11.95,8],"angle":45,"axis":"x"},"from":[8.98,11.04642,7.65071],"faces":{"down":{"uv":[7,8,7.5,8.5],"texture":"#4"},"east":{"uv":[5.5,7.5,6,8],"texture":"#4"},"up":{"uv":[6.25,1.75,6.75,2.25],"texture":"#4"}}},{"to":[25.86334,12.35787,7.24],"rotation":{"origin":[17.87163,11.95,8],"angle":0,"axis":"y"},"from":[8.98,11.94213,6.955],"faces":{"east":{"rotation":90,"uv":[4,7.5,4.5,8],"texture":"#4"},"north":{"uv":[1.5,7.25,2,7.75],"texture":"#4"},"south":{"rotation":180,"uv":[7.25,7.5,7.75,8],"texture":"#4"}}},{"to":[25.86334,13.13642,8.06645],"rotation":{"origin":[17.87163,11.95,8],"angle":45,"axis":"x"},"from":[8.98,12.85142,7.65071],"faces":{"down":{"uv":[7,8,7.5,8.25],"texture":"#4"},"east":{"uv":[0,7.25,0.5,7.75],"texture":"#4"},"up":{"uv":[8.25,4.25,8.75,4.75],"texture":"#3"}}},{"to":[25.86334,13.17978,8.28441],"rotation":{"origin":[17.87163,11.95,8],"angle":-22.5,"axis":"x"},"from":[8.98,12.89478,7.86867],"faces":{"down":{"uv":[7,8,7.5,8.25],"texture":"#4"},"east":{"uv":[7.5,7.25,8,7.75],"texture":"#4"},"up":{"uv":[15.5,0.75,16,1.25],"texture":"#3"}}},{"to":[25.86224,12.34265,7.16346],"rotation":{"origin":[17.87163,11.95,8],"angle":22.5,"axis":"x"},"from":[8.98,11.92691,6.87846],"faces":{"east":{"rotation":90,"uv":[5,7.5,5.5,8],"texture":"#4"},"north":{"uv":[7.5,4.5,8,5],"texture":"#4"},"south":{"rotation":180,"uv":[7,7.75,7.5,8.25],"texture":"#4"}}},{"to":[25.86334,13.13642,8.34929],"rotation":{"origin":[17.87163,11.95,8],"angle":-45,"axis":"x"},"from":[8.98,12.85142,7.93355],"faces":{"down":{"uv":[7,8,7.5,8.25],"texture":"#4"},"east":{"uv":[0,7.25,0.5,7.75],"texture":"#4"},"up":{"rotation":180,"uv":[8.25,4.25,8.75,4.75],"texture":"#3"}}},{"to":[25.86334,11.37478,8.13133],"rotation":{"origin":[17.87163,11.95,8],"angle":22.5,"axis":"x"},"from":[8.98,11.08978,7.71559],"faces":{"down":{"uv":[7,8,7.5,8.25],"texture":"#4"},"east":{"uv":[5.5,7.5,6,8],"texture":"#4"},"up":{"uv":[6.25,1.75,6.75,2.25],"texture":"#4"}}},{"to":[14.97853,6.60018,9.2495],"rotation":{"origin":[12.08761,5.2,8.0505],"angle":22.5,"axis":"z"},"from":[14.47853,5.42496,6.7505],"faces":{"west":{"rotation":180,"uv":[7.75,9.75,8.75,11],"texture":"#2"},"north":{"rotation":270,"uv":[7.25,5.25,7.75,5.5],"texture":"#2"},"south":{"rotation":270,"uv":[7.25,5.25,7.75,5.5],"texture":"#2"}}},{"to":[19.88551,10.47426,9.25],"rotation":{"origin":[18.15586,4.35,8.05],"angle":45,"axis":"z"},"from":[17.20711,8.47426,6.75],"faces":{"down":{"rotation":270,"uv":[8.5,9.5,9.5,10],"texture":"#2"},"west":{"rotation":180,"uv":[7.75,10.5,8.5,11],"texture":"#2"},"north":{"rotation":270,"uv":[7.5,5,8.5,5.5],"texture":"#2"},"south":{"rotation":90,"uv":[7.5,5,8.5,5.5],"texture":"#2"}}},{"to":[11.05,8.8,9.749],"rotation":{"origin":[8.97906,5.2,7.98433],"angle":45,"axis":"z"},"from":[9.49146,7.1,6.251],"faces":{"down":{"rotation":270,"uv":[6.25,5,7.5,5.5],"texture":"#2"},"north":{"rotation":180,"uv":[7,5.25,7.25,5.75],"texture":"#2"},"south":{"rotation":180,"uv":[7,5.25,7.25,5.75],"texture":"#2"}}},{"to":[13.52258,9.65365,9.251],"rotation":{"origin":[12.21765,7.99643,8.05],"angle":-22.5,"axis":"z"},"from":[10.44737,8.18698,6.749],"faces":{"down":{"rotation":180,"uv":[8.25,8,9,8.25],"texture":"#2"},"north":{"rotation":270,"uv":[7.5,5,8.5,5.5],"texture":"#2"},"south":{"rotation":270,"uv":[7.5,5,8.5,5.5],"texture":"#2"}}},{"to":[11.39761,4.71173,8.35],"rotation":{"origin":[12,4.4,7.65],"angle":-22.5,"axis":"z"},"from":[10.49761,4.36173,7.65],"faces":{"down":{"rotation":90,"uv":[8,10,8.5,10.5],"texture":"#2"},"east":{"uv":[7,7.5,7.75,8],"texture":"#2"},"north":{"rotation":180,"uv":[3.5,12,4.25,12.5],"texture":"#2"},"up":{"rotation":180,"uv":[10.5,2.5,11,3],"texture":"#2"},"south":{"rotation":180,"uv":[3.5,12,4.25,12.5],"texture":"#2"}}},{"to":[11.22933,4.51512,8.65],"rotation":{"origin":[11.99408,4.39536,7.65],"angle":-22.5,"axis":"z"},"from":[10.32933,3.96512,7.35],"faces":{"down":{"rotation":90,"uv":[8,10,8.5,10.5],"texture":"#2"},"east":{"uv":[6.75,7.75,7.5,8.25],"texture":"#2"},"north":{"rotation":180,"uv":[6.75,6.75,7,7.25],"texture":"#2"},"up":{"rotation":180,"uv":[8.75,2.5,9.5,3.25],"texture":"#2"},"south":{"rotation":180,"uv":[6.75,6.75,7,7.25],"texture":"#2"}}},{"to":[12.3045,4.87929,8.35],"rotation":{"origin":[11.93761,6.8,8.15],"angle":-45,"axis":"z"},"from":[10.42929,4.52929,7.65],"faces":{"north":{"rotation":180,"uv":[3.5,12,4.25,12.5],"texture":"#2"},"up":{"rotation":180,"uv":[10.5,2.5,11,3],"texture":"#2"},"south":{"rotation":90,"uv":[3.5,12,4.25,12.5],"texture":"#2"}}},{"to":[12.3045,4.65503,8.65],"rotation":{"origin":[11.93761,6.8,8.15],"angle":-45,"axis":"z"},"from":[10.42929,4.10503,7.35],"faces":{"down":{"rotation":90,"uv":[8,10,8.5,10.5],"texture":"#2"},"north":{"rotation":180,"uv":[6.75,6.75,7.5,7.25],"texture":"#2"},"up":{"rotation":180,"uv":[7.5,4.25,8.25,5],"texture":"#2"},"south":{"rotation":180,"uv":[6.75,6.75,7.5,7.25],"texture":"#2"}}},{"to":[9.94522,7.37588,8.35],"rotation":{"origin":[11.93761,6.8,8.15],"angle":22.5,"axis":"z"},"from":[9.64522,6.40066,7.65],"faces":{"east":{"rotation":180,"uv":[10.75,3.5,11.25,4.25],"texture":"#2"},"north":{"rotation":180,"uv":[3.5,12,4,12.5],"texture":"#2"},"up":{"rotation":180,"uv":[10.5,2.5,11,3],"texture":"#2"},"south":{"rotation":180,"uv":[3.5,12,4,12.5],"texture":"#2"}}},{"to":[14.95,6.65,9.25],"rotation":{"origin":[9.85,7.95,8.05],"angle":0,"axis":"y"},"from":[14.2,4.075,6.75],"faces":{"west":{"rotation":180,"uv":[12.5,4.75,13.5,6],"texture":"#2"},"east":{"uv":[2,12,3,13],"texture":"#2"},"north":{"rotation":270,"uv":[7.25,5,8.5,5.5],"texture":"#2"},"south":{"rotation":90,"uv":[7.25,5,8.5,5.5],"texture":"#2"}}},{"to":[0.28085,10.14015,10.276],"rotation":{"origin":[-1.89046,5.65526,13.59067],"angle":0,"axis":"y"},"from":[-2.96177,9.28675,5.724],"faces":{"down":{"rotation":180,"uv":[15.75,15.75,16,16],"texture":"#2"},"west":{"rotation":180,"uv":[5,2.5,6.25,3],"texture":"#2"},"north":{"uv":[15.5,4.25,16,4.75],"texture":"#2"},"up":{"uv":[3.5,3.5,4.25,4.5],"texture":"#2"},"south":{"uv":[15.5,4.25,16,4.75],"texture":"#2"}}},{"to":[-1.81915,12.83011,9.425],"rotation":{"origin":[-1.89046,5.65526,13.64167],"angle":0,"axis":"y"},"from":[-2.56177,10.28675,6.575],"faces":{"down":{"rotation":180,"uv":[6.25,11,7.5,11.5],"texture":"#4"},"west":{"rotation":180,"uv":[6.25,11.5,7.75,15.5],"texture":"#4"},"north":{"rotation":180,"uv":[6.75,9.75,7.25,12.25],"texture":"#4"},"up":{"rotation":180,"uv":[12.5,2.75,13,5.25],"texture":"#4"},"south":{"rotation":180,"uv":[6.75,9.75,7.25,12.25],"texture":"#4"}}},{"to":[-1.84415,10.73011,9.125],"rotation":{"origin":[-1.89046,5.65526,13.64167],"angle":0,"axis":"y"},"from":[-2.58677,10.08675,8.475],"faces":{"down":{"rotation":180,"uv":[6.25,11,7.5,11.5],"texture":"#4"},"west":{"uv":[5.5,4.5,6.25,5.25],"texture":"#4"},"north":{"uv":[4.5,5,5.25,5.75],"texture":"#4"},"up":{"rotation":180,"uv":[6.25,1.5,6.75,2.25],"texture":"#4"},"south":{"uv":[4.5,5,5.25,5.75],"texture":"#4"}}},{"to":[-1.84415,10.73011,7.625],"rotation":{"origin":[-1.89046,5.65526,13.64167],"angle":0,"axis":"y"},"from":[-2.58677,10.08675,6.975],"faces":{"down":{"rotation":180,"uv":[6.25,11,7.5,11.5],"texture":"#4"},"west":{"uv":[5.5,4.5,6.25,5.25],"texture":"#4"},"north":{"uv":[4.5,5,5.25,5.75],"texture":"#4"},"up":{"rotation":180,"uv":[6.25,1.5,6.75,2.25],"texture":"#4"},"south":{"uv":[4.5,5,5.25,5.75],"texture":"#4"}}},{"to":[0.28085,9.43011,9.575],"rotation":{"origin":[-1.89046,5.65526,13.59167],"angle":0,"axis":"y"},"from":[-3.16177,8.98675,6.425],"faces":{"down":{"rotation":180,"uv":[15.75,15.75,16,16],"texture":"#2"},"west":{"rotation":180,"uv":[4.75,2.25,5.5,2.5],"texture":"#2"},"north":{"rotation":180,"uv":[4.75,2.25,5.5,2.5],"texture":"#2"},"up":{"rotation":180,"uv":[5,2.5,5.75,2.75],"texture":"#2"},"south":{"rotation":180,"uv":[4.75,2.25,5.5,2.5],"texture":"#2"}}},{"to":[-2.53228,9.60979,10.275],"rotation":{"origin":[-1.89046,5.65526,13.59167],"angle":-22.5,"axis":"z"},"from":[-3.8749,8.86643,5.725],"faces":{"down":{"rotation":180,"uv":[15.75,15.75,16,16],"texture":"#2"},"north":{"uv":[15.5,4.5,16,4.75],"texture":"#2"},"south":{"uv":[15.5,4.5,16,4.75],"texture":"#2"}}},{"to":[-2.41747,9.73262,9.5755],"rotation":{"origin":[-1.89046,5.65526,13.59117],"angle":-22.5,"axis":"z"},"from":[-3.76009,8.58926,6.4245],"faces":{"down":{"rotation":270,"uv":[6.25,8,8,8.5],"texture":"#2"},"north":{"uv":[5.75,5,6.5,5.25],"texture":"#2"},"south":{"rotation":180,"uv":[5.75,5,6.5,5.25],"texture":"#2"}}},{"to":[-2.84549,9.62509,10.275],"rotation":{"origin":[-1.89046,5.65526,13.59167],"angle":-45,"axis":"z"},"from":[-4.18811,8.28173,5.725],"faces":{"down":{"rotation":180,"uv":[6.5,8,8.25,8.25],"texture":"#2"},"north":{"uv":[15.5,4.5,16,4.75],"texture":"#2"},"south":{"uv":[15.5,4.5,16,4.75],"texture":"#2"}}},{"to":[-2.63336,9.31296,9.575],"rotation":{"origin":[-1.89046,5.65526,13.59167],"angle":-45,"axis":"z"},"from":[-3.97598,8.0696,6.425],"faces":{"down":{"rotation":270,"uv":[6.25,8.25,8,8.75],"texture":"#2"},"north":{"uv":[5.75,5.25,6.5,5.5],"texture":"#2"},"south":{"uv":[5.75,5.25,6.5,5.5],"texture":"#2"}}},{"to":[3.01931,8.31853,10.2745],"rotation":{"origin":[-1.89046,5.65526,13.59217],"angle":22.5,"axis":"z"},"from":[0.07594,6.67591,5.7255],"faces":{"west":{"rotation":180,"uv":[6.5,7.75,8.25,8.25],"texture":"#2"},"north":{"uv":[15,4.25,16,5],"texture":"#2"},"south":{"uv":[15,4.25,16,5],"texture":"#2"}}},{"to":[1.20451,7.74137,9.575],"rotation":{"origin":[-1.89046,5.65526,13.59167],"angle":22.5,"axis":"z"},"from":[-0.03886,6.39875,6.425],"faces":{"west":{"rotation":180,"uv":[6,8.5,7.75,9],"texture":"#2"},"north":{"uv":[5.5,5.5,6.25,5.75],"texture":"#2"},"south":{"uv":[5.5,5.5,6.25,5.75],"texture":"#2"}}},{"to":[1.88439,7.98491,10.273],"rotation":{"origin":[-1.89046,4.5886,13.59367],"angle":0,"axis":"y"},"from":[-0.55898,2.11729,5.727],"faces":{"west":{"rotation":270,"uv":[9,0,15.25,2.5],"texture":"#1"},"north":{"rotation":90,"uv":[7,0,13.75,2.5],"texture":"#1"},"south":{"rotation":90,"uv":[7,2.5,13.75,0],"texture":"#1"}}},{"to":[8.6169,8.5669,8.35],"rotation":{"origin":[8.93761,6,8.15],"angle":-45,"axis":"z"},"from":[7.2669,7.19168,7.65],"faces":{"east":{"rotation":180,"uv":[11.5,4.5,12,5.25],"texture":"#2"},"north":{"rotation":180,"uv":[3.5,12,4,12.5],"texture":"#2"},"south":{"rotation":180,"uv":[3.5,12,4,12.5],"texture":"#2"}}},{"to":[8.28761,6.67192,8.65],"rotation":{"origin":[8.93761,6,8.15],"angle":-45,"axis":"z"},"from":[7.33761,5.8967,7.35],"faces":{"down":{"rotation":90,"uv":[9,8,9.25,8.25],"texture":"#2"},"north":{"rotation":90,"uv":[9,8,9.25,8.25],"texture":"#2"},"south":{"rotation":90,"uv":[9,8,9.25,8.25],"texture":"#2"}}},{"to":[23.88653,14.37411,8.31667],"rotation":{"origin":[24.367,13.34413,7.95],"angle":0,"axis":"y"},"from":[23.21986,13.07411,7.68333],"faces":{"west":{"uv":[4.75,9.75,5.25,10.25],"texture":"#4"},"north":{"rotation":180,"uv":[5,11,5.5,12],"texture":"#4"},"up":{"rotation":90,"uv":[5.75,1.75,6.25,2.25],"texture":"#4"},"south":{"rotation":180,"uv":[5,11,5.5,12],"texture":"#4"}}},{"to":[23.88567,14.24911,8.2],"rotation":{"origin":[24.367,13.34413,8.06667],"angle":0,"axis":"y"},"from":[23.219,13.84911,7.8],"faces":{"west":{"uv":[0.5,11.5,1.5,12.5],"texture":"#0"}}},{"to":[-0.3,14.26667,7.74167],"rotation":{"origin":[7.33333,21.33333,14.93333],"angle":0,"axis":"y"},"from":[-0.96667,13.53333,6.53333],"faces":{"west":{"uv":[0,13.25,3.2,15],"texture":"#0"},"east":{"uv":[0,7.5,0.5,8.25],"texture":"#4"},"north":{"uv":[0,7.5,0.5,8.25],"texture":"#4"},"up":{"rotation":90,"uv":[5.75,7.25,6.5,7.75],"texture":"#4"},"south":{"uv":[5.25,7.25,5.819,7.819],"texture":"#4"}}},{"to":[6.4,10.26667,10.61667],"rotation":{"origin":[7.33333,21.33333,14.88333],"angle":0,"axis":"y"},"from":[4.83333,9.13333,5.38333],"faces":{"north":{"rotation":270,"uv":[9,0,5.5,2.25],"texture":"#0"},"west":{"rotation":180,"uv":[6.5,11.75,7.5,12.75],"texture":"#4"},"up":{"rotation":180,"uv":[5.25,4.5,6.25,7.5],"texture":"#3"},"down":{"rotation":180,"uv":[8,9.25,9,10.25],"texture":"#4"},"east":{"rotation":180,"uv":[6.5,11.75,7.5,12.75],"texture":"#3"},"south":{"rotation":270,"uv":[9,2.25,5.5,0],"texture":"#0"}}},{"to":[1.02843,12.53333,6.5155],"rotation":{"origin":[0.41421,11.53333,5.75],"angle":0,"axis":"y"},"from":[0.2,10.53333,5.7825],"faces":{"down":{"rotation":90,"uv":[5.5,9,6.5,9.5],"texture":"#4"},"north":{"rotation":180,"uv":[2.75,11.5,2.25,12.75],"texture":"#4"},"up":{"rotation":90,"uv":[5.5,4.25,6.5,4.75],"texture":"#4"}}},{"to":[2.49899,11.82408,6.0155],"rotation":{"origin":[0.41421,11.53333,5.75],"angle":-22.5,"axis":"z"},"from":[-0.40101,11.39565,5.2825],"faces":{"down":{"uv":[7.25,8.75,5,9.25],"texture":"#4"},"west":{"rotation":180,"uv":[5.5,9,6.5,9.5],"texture":"#4"},"east":{"uv":[5.25,4.75,6.25,5.25],"texture":"#4"},"north":{"rotation":180,"uv":[4.25,12.5,2,13],"texture":"#4"},"up":{"uv":[8,4.5,5.75,5],"texture":"#4"}}},{"to":[1.61421,11.94754,6.516],"rotation":{"origin":[0.41421,11.53333,5.75],"angle":0,"axis":"z"},"from":[-0.38579,11.11912,5.783],"faces":{"west":{"rotation":180,"uv":[5.25,11.75,6.25,12.25],"texture":"#4"},"east":{"rotation":180,"uv":[5.25,11.75,6.25,12.25],"texture":"#4"},"north":{"rotation":180,"uv":[3.5,11.5,2.25,12],"texture":"#4"}}},{"to":[0.96985,12.39191,6.51667],"rotation":{"origin":[0.41421,11.53333,5.75],"angle":45,"axis":"z"},"from":[0.14142,10.39191,5.78333],"faces":{"down":{"rotation":270,"uv":[5.25,11.5,6.25,12],"texture":"#4"},"north":{"rotation":180,"uv":[2.75,11.5,2.25,12.75],"texture":"#4"},"up":{"rotation":90,"uv":[5.75,4.5,6.75,5],"texture":"#4"}}},{"to":[0.96985,12.67475,6.51667],"rotation":{"origin":[0.41421,11.53333,5.75],"angle":-45,"axis":"z"},"from":[0.14142,10.67475,5.78333],"faces":{"down":{"rotation":90,"uv":[5,11.25,6,11.75],"texture":"#4"},"north":{"rotation":180,"uv":[2.75,11.5,2.25,12.75],"texture":"#4"},"up":{"rotation":90,"uv":[3.5,12.25,4.5,12.75],"texture":"#4"}}},{"to":[6.44693,5.63622,10.31667],"rotation":{"origin":[5.61666,4.7,8],"angle":-22.5,"axis":"z"},"from":[4.68026,4.50288,5.38333],"faces":{"north":{"uv":[6,1,12.568,2.784],"texture":"#0"},"west":{"uv":[10.25,5,11.818,6.034],"texture":"#4"},"up":{"rotation":90,"uv":[10.25,4,11.75,5.5],"texture":"#4"},"down":{"uv":[7.5,9.25,9.068,10.284],"texture":"#4"},"east":{"uv":[10.25,5,11.818,6.034],"texture":"#4"},"south":{"uv":[10.25,5,11.818,6.034],"texture":"#4"}}},{"to":[11.99989,9.81583,10.46667],"rotation":{"origin":[11.41666,9.5,7.85],"angle":-22.5,"axis":"z"},"from":[11.63322,9.08249,5.53333],"faces":{"north":{"uv":[5.25,13,5.75,14.25],"texture":"#4"},"west":{"rotation":180,"uv":[5.5,10.75,6.068,12.034],"texture":"#4"},"up":{"rotation":180,"uv":[5.5,12.25,6,12.75],"texture":"#4"},"down":{"rotation":180,"uv":[5.5,9.5,6.068,10.034],"texture":"#4"},"east":{"rotation":180,"uv":[6,9.5,6.568,10.784],"texture":"#4"},"south":{"uv":[5.25,13,5.75,14.25],"texture":"#4"}}},{"to":[11.99989,9.81583,10.2755],"rotation":{"origin":[11.41666,9.5,8.04117],"angle":-22.5,"axis":"z"},"from":[11.63322,8.48249,5.7245],"faces":{"north":{"uv":[7.25,9.5,7.818,10.784],"texture":"#4"},"south":{"uv":[7.25,9.5,7.818,10.784],"texture":"#4"}}},{"to":[9.83322,8.88249,10.2755],"rotation":{"origin":[9.93322,8.58249,8],"angle":0,"axis":"z"},"from":[9.33322,8.38249,5.7245],"faces":{"north":{"uv":[0.5,4,2,5.5],"texture":"#0"},"south":{"uv":[0.5,4,2,5.5],"texture":"#0"}}},{"to":[-1.41628,11.68249,6.575],"rotation":{"origin":[9.58322,16.13249,8],"angle":0,"axis":"y"},"from":[-2.46728,11.18249,6.075],"faces":{"west":{"uv":[0.5,4,2,5.5],"texture":"#0"}}},{"to":[9.63322,9.78249,10.2755],"rotation":{"origin":[9.93322,8.58249,8],"angle":0,"axis":"z"},"from":[9.23322,9.38249,5.7245],"faces":{"north":{"uv":[0.5,4.5,1.5,5.5],"texture":"#0"},"south":{"uv":[0.5,4.5,1.5,5.5],"texture":"#0"}}},{"to":[-0.3,13.86666,8.25833],"rotation":{"origin":[7.33333,21.05833,15.51667],"angle":0,"axis":"y"},"from":[-0.96667,13.53333,7.74167],"faces":{"west":{"uv":[3.5,14.22,5,14.97],"texture":"#0"},"east":{"uv":[2.5,9.5,3,10],"texture":"#4"},"north":{"uv":[5.25,7.25,5.819,7.819],"texture":"#4"},"up":{"uv":[5.5,8.75,6.069,9.319],"texture":"#4"}}},{"to":[-0.3,14.26667,9.46667],"rotation":{"origin":[7.33333,21.33333,16.53333],"angle":0,"axis":"y"},"from":[-0.96667,13.53333,8.25833],"faces":{"west":{"uv":[5.79,13.25,8.99,15],"texture":"#0"},"east":{"uv":[0,7.5,0.5,8.25],"texture":"#4"},"north":{"uv":[5.25,7.25,5.819,7.819],"texture":"#4"},"up":{"rotation":90,"uv":[5.75,7.25,6.5,7.75],"texture":"#4"},"south":{"uv":[0,7.5,0.5,8.25],"texture":"#4"}}},{"to":[24.86562,13.73269,8.316],"rotation":{"origin":[24.367,13.34413,7.95067],"angle":-45,"axis":"z"},"from":[23.29895,12.93269,7.684],"faces":{"north":{"rotation":180,"uv":[5,11.25,5.5,12],"texture":"#4"},"up":{"rotation":270,"uv":[4.25,4.5,4.75,5.25],"texture":"#4"},"south":{"rotation":180,"uv":[5,11.25,5.5,12],"texture":"#4"}}},{"to":[25.3,8.39891,9.64891],"rotation":{"origin":[15.48125,8.99891,10.25],"angle":0,"axis":"y"},"from":[16,8.09891,6.35109],"faces":{"down":{"uv":[4.5,8.25,10.5,9.25],"texture":"#2"},"east":{"uv":[10,5.5,12,5.75],"texture":"#2"},"north":{"rotation":180,"uv":[4,2.5,6.5,3],"texture":"#2"},"up":{"rotation":180,"uv":[4.5,5.75,7,6.25],"texture":"#2"},"south":{"rotation":180,"uv":[4,2.5,6.5,3],"texture":"#2"}}},{"to":[3.63613,-5.75979,9.85],"rotation":{"origin":[-2.81387,-3.23479,8.25],"angle":0,"axis":"y"},"from":[-2.8972,-7.05979,6.15],"faces":{"east":{"rotation":180,"uv":[5.75,5,7.25,5.5],"texture":"#4"},"north":{"rotation":180,"uv":[4.25,12,6.75,12.5],"texture":"#4"},"up":{"uv":[3,12.25,5.5,12.75],"texture":"#4"},"south":{"rotation":180,"uv":[4.25,12,6.75,12.5],"texture":"#4"}}},{"to":[3.87714,-7.02595,9.851],"rotation":{"origin":[0.406,-5.78705,7.999],"angle":-22.5,"axis":"z"},"from":[-2.65619,-8.62595,6.149],"faces":{"down":{"uv":[5.75,8.75,8.25,9.75],"texture":"#4"},"west":{"rotation":180,"uv":[6.25,7.75,7.75,8.25],"texture":"#4"},"east":{"uv":[6.5,5.25,8,5.75],"texture":"#4"},"north":{"rotation":180,"uv":[4.5,11.5,7,12],"texture":"#4"},"south":{"rotation":180,"uv":[4.5,11.5,7,12],"texture":"#4"}}},{"to":[3.72406,-5.6955,9.8495],"rotation":{"origin":[0.25293,-6.1566,8.0005],"angle":-22.5,"axis":"z"},"from":[0.49073,-6.9955,6.1505],"faces":{"west":{"uv":[6.25,7.5,7.75,8],"texture":"#4"},"east":{"uv":[6,5,7.5,5.5],"texture":"#4"},"north":{"rotation":180,"uv":[4.5,12,5.75,12.5],"texture":"#4"},"south":{"rotation":180,"uv":[4.5,12,5.75,12.5],"texture":"#4"}}}],"display":{"thirdperson_righthand":{"rotation":[0,90,0],"scale":[0.28,0.28,0.28],"translation":[0,0,0.75]},"head":{"scale":[0.56,0.56,0.56]},"thirdperson_lefthand":{"rotation":[90,90,45],"scale":[0.28,0.28,0.28],"translation":[-2,-2,6]},"gui":{"rotation":[0,0,40],"scale":[0.46,0.46,0.46],"translation":[-0.75,0.75,0]},"firstperson_lefthand":{"translation":[12,-2,0],"scale":[0,0,0]},"firstperson_righthand":{"rotation":[0,90,0],"scale":[0.35,0.35,0.35],"translation":[-2.5,2.5,0.5]},"fixed":{"rotation":[0,180,0],"scale":[0.56,0.56,0.56],"translation":[2.25,1.75,-1.75]},"ground":{"translation":[0,3,0],"scale":[0.28,0.28,0.28]}},"credit":"thebradqq's guns"}