{"textures":{"particle":"mgs:misc/reticles","1":"mgs:gun/1911wood_cross","0":"mgs:gun/1911details","3":"mgs:gun/metal_dark","2":"mgs:gun/metal_bright","4":"mgs:misc/reticles"},"gui_light":"front","elements":[{"to":[4.4544,4.69594,8.15625],"rotation":{"origin":[4.50118,5.03969,8.0625],"angle":-22.5,"axis":"z"},"from":[3.50753,4.38344,7.84375],"faces":{"down":{"uv":[7,8,7.25,8.25],"texture":"#3"},"west":{"uv":[7.5,10.75,9,12],"texture":"#3"},"north":{"uv":[7.75,7.75,11.5,9.25],"texture":"#3"},"up":{"rotation":90,"uv":[8,10.5,9.5,13],"texture":"#3"},"south":{"uv":[7.75,7.75,11.5,9.25],"texture":"#3"}}},{"to":[11.75,5.0375,8.3125],"from":[8.5,4.575,7.6875],"faces":{"east":{"uv":[6,8,6.25,8.25],"texture":"#3"},"north":{"uv":[9.25,7.75,6,8.75],"texture":"#3","cullface":"north"},"south":{"uv":[9.25,7.75,6,8.75],"texture":"#3","cullface":"north"}}},{"to":[4.25,4.4375,8.3755],"rotation":{"origin":[8,8,7.9995],"angle":0,"axis":"y"},"from":[3.2,4.25,7.6245],"faces":{"down":{"uv":[15.75,15.75,16,16],"texture":"#3"},"west":{"uv":[11,14,14,15.5],"texture":"#0"},"north":{"rotation":180,"uv":[11.5,11.5,16,13],"texture":"#0"},"up":{"rotation":270,"uv":[9.25,4.25,10.75,6.5],"texture":"#3"},"south":{"rotation":180,"uv":[16,11.5,11.5,13],"texture":"#0"}}},{"to":[7,5.72303,8.10062],"rotation":{"origin":[8,7.99873,7.99889],"angle":0,"axis":"y"},"from":[4.25,5.47303,7.89943],"faces":{"west":{"rotation":180,"uv":[3.75,11.75,4.75,12.5],"texture":"#3"},"east":{"rotation":270,"uv":[8.5,4.5,9.75,4],"texture":"#3","cullface":"north"},"up":{"uv":[0,3,5.25,3.5],"texture":"#3","cullface":"north"}}},{"to":[11.7498,5.72303,8.09834],"rotation":{"origin":[10.625,5.22303,7.99888],"angle":-22.5,"axis":"x"},"from":[4.2498,5.47303,7.89942],"faces":{"west":{"rotation":180,"uv":[6.75,11.75,7.75,12.5],"texture":"#3"},"east":{"uv":[3.5,8.5,3.75,8.75],"texture":"#3"},"up":{"rotation":180,"uv":[0,4,14.75,4.5],"texture":"#3","cullface":"north"},"south":{"uv":[0,4.75,14.75,6],"texture":"#2","cullface":"north"}}},{"to":[6.9998,5.72303,8.10058],"rotation":{"origin":[10.625,5.22303,8.00112],"angle":22.5,"axis":"x"},"from":[4.2498,5.47303,7.90166],"faces":{"west":{"rotation":180,"uv":[8.25,11.75,9.25,12.5],"texture":"#3"},"east":{"rotation":270,"uv":[8.5,5,9.75,4.5],"texture":"#3","cullface":"north"},"up":{"uv":[8,4,13.25,4.5],"texture":"#3","cullface":"north"}}},{"to":[11.75,5.72303,8.09834],"rotation":{"origin":[10.625,5.22303,7.99888],"angle":-45,"axis":"x"},"from":[4.25,5.47303,7.89942],"faces":{"west":{"rotation":180,"uv":[7,11.75,8,12.5],"texture":"#3"},"east":{"uv":[6,8.25,6.25,8.5],"texture":"#3"},"up":{"rotation":180,"uv":[0,4.5,15,5],"texture":"#3","cullface":"north"}}},{"to":[7,5.72303,8.10058],"rotation":{"origin":[10.625,5.22303,8.00112],"angle":45,"axis":"x"},"from":[4.25,5.47303,7.90166],"faces":{"west":{"rotation":180,"uv":[7,11.75,8,12.5],"texture":"#3"},"east":{"rotation":270,"uv":[8.5,5.5,8.75,5],"texture":"#3","cullface":"north"},"up":{"uv":[8,4.5,13.25,5],"texture":"#3","cullface":"north"}}},{"to":[11.75,4.5125,8.06216],"from":[8.5,4.325,7.93784],"faces":{"down":{"rotation":180,"uv":[15.75,15.75,16,16],"texture":"#3","cullface":"north"},"east":{"uv":[15.75,15.75,16,16],"texture":"#3"}}},{"to":[11.75,4.5125,8.06216],"rotation":{"origin":[10.375,4.6375,8],"angle":22.5,"axis":"x"},"from":[8.5,4.325,7.93784],"faces":{"down":{"rotation":180,"uv":[15.75,15.75,16,16],"texture":"#3","cullface":"north"},"east":{"uv":[15.75,15.75,16,16],"texture":"#3"}}},{"to":[11.75,4.5125,8.06216],"rotation":{"origin":[10.375,4.6375,8],"angle":-22.5,"axis":"x"},"from":[8.5,4.325,7.93784],"faces":{"down":{"rotation":180,"uv":[15.75,15.75,16,16],"texture":"#3","cullface":"north"},"east":{"uv":[15.75,15.75,16,16],"texture":"#3"}}},{"to":[11.75,4.5125,8.06216],"rotation":{"origin":[10.375,4.6375,8],"angle":-45,"axis":"x"},"from":[8.5,4.325,7.93784],"faces":{"down":{"rotation":180,"uv":[8.25,8,11.5,8.25],"texture":"#3","cullface":"north"},"east":{"uv":[6,8,6.25,8.25],"texture":"#3"}}},{"to":[11.75,4.5125,8.06216],"rotation":{"origin":[10.375,4.6375,8],"angle":45,"axis":"x"},"from":[8.5,4.325,7.93784],"faces":{"down":{"rotation":180,"uv":[8.25,8,11.5,8.25],"texture":"#3","cullface":"north"},"east":{"uv":[6,8,6.25,8.25],"texture":"#3"}}},{"to":[11.75,4.69966,8.3125],"rotation":{"origin":[10.375,4.6375,8],"angle":22.5,"axis":"x"},"from":[8.5,4.57534,8.125],"faces":{"east":{"uv":[6,8,6.25,8.25],"texture":"#3"},"south":{"rotation":180,"uv":[6,8,9.25,8.5],"texture":"#3","cullface":"north"}}},{"to":[11.75,4.69966,7.875],"rotation":{"origin":[10.375,4.6375,8],"angle":-22.5,"axis":"x"},"from":[8.5,4.57534,7.6875],"faces":{"east":{"uv":[6,8,6.25,8.25],"texture":"#3"},"north":{"rotation":180,"uv":[6,8,9.25,8.5],"texture":"#3","cullface":"north"}}},{"to":[11.75,4.95,7.875],"rotation":{"origin":[10.375,4.975,8],"angle":45,"axis":"x"},"from":[9.875,4.675,7.7],"faces":{"down":{"uv":[9.25,8,6,8.5],"texture":"#3","cullface":"north"},"east":{"uv":[6,8,6.25,8.25],"texture":"#3"}}},{"to":[11.75,4.95,8.3],"rotation":{"origin":[10.375,4.975,8],"angle":-45,"axis":"x"},"from":[9.875,4.675,8.125],"faces":{"down":{"rotation":180,"uv":[9.25,8,6,8.5],"texture":"#3","cullface":"north"},"east":{"uv":[6,8,6.25,8.25],"texture":"#3"}}},{"to":[11.825,4.8125,8.0373],"rotation":{"origin":[11.77813,4.625,8],"angle":0,"axis":"y"},"from":[11.73125,4.4375,7.9627],"faces":{"down":{"uv":[15.75,15.75,16,16],"texture":"#3"},"east":{"uv":[9.75,10,10.25,10.5],"texture":"#3"},"up":{"rotation":180,"uv":[10.75,1.25,11,1.75],"texture":"#3"}}},{"to":[11.82575,4.7875,8.1625],"rotation":{"origin":[11.77813,4.625,7.8498],"angle":0,"axis":"y"},"from":[11.732,4.4625,7.8375],"faces":{"east":{"uv":[5,4,0,9],"texture":"#0"}}},{"to":[11.825,4.8125,8.0373],"rotation":{"origin":[11.77813,4.625,8],"angle":22.5,"axis":"x"},"from":[11.73125,4.4375,7.9627],"faces":{"down":{"uv":[7,8,7.25,8.25],"texture":"#3"},"east":{"uv":[9.75,10,10.25,10.5],"texture":"#3"},"up":{"uv":[7,4.25,7.25,4.5],"texture":"#3"}}},{"to":[11.825,4.8125,8.0373],"rotation":{"origin":[11.77813,4.625,8],"angle":-22.5,"axis":"x"},"from":[11.73125,4.4375,7.9627],"faces":{"down":{"uv":[7,8,7.25,8.25],"texture":"#3"},"east":{"uv":[9.75,10,10.25,10.5],"texture":"#3"},"up":{"uv":[7,4.25,7.25,4.5],"texture":"#3"}}},{"to":[11.825,4.8125,8.0373],"rotation":{"origin":[11.77813,4.625,8],"angle":45,"axis":"x"},"from":[11.73125,4.4375,7.9627],"faces":{"down":{"uv":[6.75,7.75,7,8],"texture":"#3"},"east":{"uv":[9.75,10,10.25,10.5],"texture":"#3"},"up":{"uv":[7,4.5,7.25,4.75],"texture":"#3"}}},{"to":[11.825,4.6623,8.1875],"rotation":{"origin":[11.77813,4.625,8],"angle":45,"axis":"x"},"from":[11.73125,4.5877,7.8125],"faces":{"east":{"rotation":90,"uv":[9.75,10,10.25,10.5],"texture":"#3"},"north":{"uv":[7,4.5,7.25,4.75],"texture":"#3"},"south":{"uv":[6.75,7.75,7,8],"texture":"#3"}}},{"to":[11.825,4.6623,8.1875],"rotation":{"origin":[11.77813,4.625,8],"angle":22.5,"axis":"x"},"from":[11.73125,4.5877,7.8125],"faces":{"east":{"rotation":90,"uv":[9.75,10,10.25,10.5],"texture":"#3"},"north":{"uv":[7.25,4.75,7.5,5],"texture":"#3"},"south":{"uv":[7.75,5.25,8,5.5],"texture":"#3"}}},{"to":[11.825,4.6623,8.1875],"rotation":{"origin":[11.77813,4.625,8],"angle":-22.5,"axis":"x"},"from":[11.73125,4.5877,7.8125],"faces":{"east":{"rotation":270,"uv":[9.75,10,10.25,10.5],"texture":"#3"},"north":{"uv":[7.75,5.25,8,5.5],"texture":"#3"},"south":{"uv":[7.25,4.75,7.5,5],"texture":"#3"}}},{"to":[11.825,4.6623,8.1875],"rotation":{"origin":[11.77813,4.625,8],"angle":0,"axis":"y"},"from":[11.73125,4.5877,7.8125],"faces":{"east":{"uv":[9.75,10,10.25,10.5],"texture":"#3"},"north":{"uv":[7.5,5,7.75,5.25],"texture":"#3"},"south":{"uv":[7.5,5,7.75,5.25],"texture":"#3"}}},{"to":[11.8,5.65,8.07956],"from":[6.925,5.5375,7.92044],"faces":{"down":{"rotation":270,"uv":[15.75,15.75,16,16],"texture":"#3"},"east":{"uv":[6.25,2,7,2.5],"texture":"#3"},"up":{"rotation":180,"uv":[9.5,1.75,9.75,2.25],"texture":"#2"}}},{"to":[11.8,5.65,8.07956],"rotation":{"origin":[6.9875,5.25,8],"angle":22.5,"axis":"x"},"from":[6.925,5.5375,7.92044],"faces":{"down":{"rotation":270,"uv":[5.5,8,5.75,8.25],"texture":"#3"},"east":{"uv":[6,2,6.75,2.5],"texture":"#3"},"up":{"uv":[7.5,4,7.75,4.5],"texture":"#2"}}},{"to":[11.8,5.65,8.07956],"rotation":{"origin":[12.2375,5.25,8],"angle":-22.5,"axis":"x"},"from":[11.675,5.5375,7.92044],"faces":{"down":{"rotation":270,"uv":[5.5,8,5.75,8.25],"texture":"#3"},"east":{"uv":[7,2,7.75,2.5],"texture":"#3"},"up":{"rotation":180,"uv":[7.5,4,7.75,4.5],"texture":"#2"}}},{"to":[11.8,5.65,8.07956],"rotation":{"origin":[12.2375,5.25,8],"angle":-45,"axis":"x"},"from":[11.675,5.5375,7.92044],"faces":{"down":{"rotation":270,"uv":[5.5,8.25,5.75,8.5],"texture":"#3"},"east":{"uv":[3.25,2,4,2.5],"texture":"#3"},"up":{"rotation":180,"uv":[7.25,4.5,7.5,5],"texture":"#2"}}},{"to":[11.8,5.65,8.07956],"rotation":{"origin":[6.9875,5.25,8],"angle":45,"axis":"x"},"from":[6.925,5.5375,7.92044],"faces":{"down":{"rotation":270,"uv":[5.5,8.25,5.75,8.5],"texture":"#3"},"east":{"uv":[7.25,2,8,2.5],"texture":"#3"},"up":{"uv":[7.25,4.75,7.5,5.25],"texture":"#2"}}},{"to":[11.8,5.32956,8.4],"rotation":{"origin":[12.2375,5.25,8],"angle":22.5,"axis":"x"},"from":[11.675,4.77044,8.2875],"faces":{"east":{"rotation":90,"uv":[2.5,2.25,4.5,2.75],"texture":"#3"},"north":{"rotation":270,"uv":[5.75,10.25,6,10.5],"texture":"#3"},"south":{"uv":[6.25,4.5,6.75,5.25],"texture":"#3"}}},{"to":[11.8001,5.32956,8.4],"from":[6.9251,5.17044,8.2875],"faces":{"east":{"rotation":90,"uv":[7.5,2.25,8.25,2.75],"texture":"#3"},"north":{"rotation":270,"uv":[5.75,10.25,6,10.5],"texture":"#3"},"south":{"uv":[6.25,4.25,6.5,4.75],"texture":"#3"}}},{"to":[11.8,5.32956,8.4],"rotation":{"origin":[6.9875,5.25,8],"angle":-22.5,"axis":"x"},"from":[6.925,5.17044,8.2875],"faces":{"east":{"rotation":270,"uv":[15,7.25,15.75,7.75],"texture":"#3"},"north":{"rotation":270,"uv":[5.75,10.25,6,10.5],"texture":"#3"},"south":{"uv":[6.75,4.5,7,5],"texture":"#3"}}},{"to":[11.7998,4.9625,8.07956],"rotation":{"origin":[12.2375,5.25,8],"angle":-45,"axis":"x"},"from":[11.6748,4.85,7.92044],"faces":{"east":{"rotation":270,"uv":[10,5,10.25,5.25],"texture":"#3"},"up":{"rotation":270,"uv":[5.75,10.25,6,10.5],"texture":"#3"}}},{"to":[11.7998,4.9625,8.07956],"rotation":{"origin":[12.2375,5.25,8],"angle":-22.5,"axis":"x"},"from":[11.6748,4.7875,7.94544],"faces":{"east":{"rotation":270,"uv":[10,5,10.25,5.25],"texture":"#3"},"up":{"rotation":270,"uv":[5.75,10.25,6,10.5],"texture":"#3"}}},{"to":[11.7998,4.9625,8.12956],"from":[11.6748,4.75,7.87044],"faces":{"east":{"rotation":270,"uv":[10,5,10.25,5.25],"texture":"#3"},"up":{"rotation":270,"uv":[5.75,10.25,6,10.5],"texture":"#3"}}},{"to":[11.7998,4.9625,8.05456],"rotation":{"origin":[12.2375,5.25,8],"angle":22.5,"axis":"x"},"from":[11.6748,4.7875,7.92044],"faces":{"east":{"rotation":270,"uv":[10,5,10.25,5.25],"texture":"#3"},"up":{"rotation":270,"uv":[5.75,10.25,6,10.5],"texture":"#3"}}},{"to":[11.7998,4.9625,8.07956],"rotation":{"origin":[12.2375,5.25,8],"angle":45,"axis":"x"},"from":[11.6748,4.85,7.92044],"faces":{"east":{"rotation":270,"uv":[10,5,10.25,5.25],"texture":"#3"},"up":{"rotation":270,"uv":[5.75,10.25,6,10.5],"texture":"#3"}}},{"to":[11.8,5.32956,7.7125],"rotation":{"origin":[12.2375,5.25,8],"angle":-22.5,"axis":"x"},"from":[11.675,4.77044,7.6],"faces":{"east":{"rotation":270,"uv":[2.5,2.25,4.5,2.75],"texture":"#3"},"north":{"uv":[6.25,4.5,6.75,5.25],"texture":"#3"},"south":{"rotation":270,"uv":[5.75,10.25,6,10.5],"texture":"#3"}}},{"to":[11.8001,5.32956,7.7125],"from":[11.6751,5.17044,7.6],"faces":{"east":{"rotation":270,"uv":[7.5,2.25,8.25,2.75],"texture":"#3"},"north":{"uv":[6.25,4.25,6.5,4.75],"texture":"#3"},"south":{"rotation":270,"uv":[5.75,10.25,6,10.5],"texture":"#3"}}},{"to":[11.8,5.32956,7.7125],"rotation":{"origin":[12.2375,5.25,8],"angle":22.5,"axis":"x"},"from":[11.675,5.17044,7.6],"faces":{"east":{"rotation":90,"uv":[15,7.25,15.75,7.75],"texture":"#3"},"north":{"uv":[6.75,3.75,7,4.25],"texture":"#3"},"south":{"rotation":270,"uv":[5.75,10.25,6,10.5],"texture":"#3"}}},{"to":[11.75,5.50625,8.425],"from":[10.125,4.975,8.2],"faces":{"east":{"uv":[6,8,6.25,8.25],"texture":"#3"},"south":{"rotation":180,"uv":[6.75,11.5,10,12.75],"texture":"#3","cullface":"north"}}},{"to":[11.825,5.29973,7.8125],"rotation":{"origin":[9.8875,5.25,8],"angle":45,"axis":"x"},"from":[9.325,5.20027,7.75],"faces":{"east":{"rotation":90,"uv":[0.25,4.75,0.75,5.25],"texture":"#3"},"north":{"rotation":180,"uv":[10.25,11.25,10.75,11.75],"texture":"#3"},"south":{"rotation":180,"uv":[5,5.5,5.5,6],"texture":"#3"}}},{"to":[11.825,5.0625,8.04973],"rotation":{"origin":[9.8875,5.25,8],"angle":-22.5,"axis":"x"},"from":[9.325,5,7.95027],"faces":{"down":{"rotation":180,"uv":[0.5,8,0.75,8.25],"texture":"#3"},"east":{"rotation":180,"uv":[10,7.75,10.5,8.25],"texture":"#3"},"up":{"uv":[13.5,4.5,14,5],"texture":"#3"}}},{"to":[11.825,5.0625,8.04973],"from":[9.325,5,7.95027],"faces":{"down":{"rotation":180,"uv":[0.5,8,0.75,8.25],"texture":"#3"},"east":{"rotation":180,"uv":[10,7.75,10.5,8.25],"texture":"#3"},"up":{"rotation":180,"uv":[11.75,0.5,12.25,1],"texture":"#3"}}},{"to":[11.825,5.0625,8.04973],"rotation":{"origin":[9.8875,5.25,8],"angle":22.5,"axis":"x"},"from":[9.325,5,7.95027],"faces":{"down":{"rotation":180,"uv":[0.5,8,0.75,8.25],"texture":"#3"},"east":{"rotation":180,"uv":[10,7.75,10.5,8.25],"texture":"#3"},"up":{"rotation":180,"uv":[1.5,4.5,2,5],"texture":"#3"}}},{"to":[11.825,5.0625,8.04973],"rotation":{"origin":[9.8875,5.25,8],"angle":45,"axis":"x"},"from":[9.325,5,7.95027],"faces":{"down":{"rotation":180,"uv":[0.5,8,0.75,8.25],"texture":"#3"},"east":{"rotation":180,"uv":[10,7.75,10.5,8.25],"texture":"#3"},"up":{"rotation":180,"uv":[3.25,4.75,3.75,5.25],"texture":"#3"}}},{"to":[11.825,5.29973,7.8125],"rotation":{"origin":[9.8875,5.25,8],"angle":-22.5,"axis":"x"},"from":[9.325,5.20027,7.75],"faces":{"east":{"rotation":90,"uv":[0.75,7.5,1.25,8],"texture":"#3"},"north":{"rotation":180,"uv":[9.75,8,10,8.25],"texture":"#3"},"south":{"rotation":180,"uv":[8,4.75,8.5,5.25],"texture":"#3"}}},{"to":[11.825,5.29973,7.8125],"from":[9.325,5.20027,7.75],"faces":{"east":{"rotation":90,"uv":[10.5,5,11,5.5],"texture":"#3"},"north":{"rotation":180,"uv":[9.75,8,10.25,8.5],"texture":"#3"},"south":{"rotation":180,"uv":[2.5,5,3,5.5],"texture":"#3"}}},{"to":[11.825,5.29973,7.8125],"rotation":{"origin":[9.8875,5.25,8],"angle":22.5,"axis":"x"},"from":[9.325,5.20027,7.75],"faces":{"east":{"rotation":270,"uv":[9.75,11.75,10.25,12.25],"texture":"#3"},"north":{"rotation":180,"uv":[10.25,10.75,10.75,11.25],"texture":"#3"},"south":{"rotation":180,"uv":[3.5,5.25,4,5.75],"texture":"#3"}}},{"to":[11.825,5.29973,8.25],"from":[9.325,5.20027,8.1875],"faces":{"east":{"rotation":270,"uv":[10.5,5,11,5.5],"texture":"#3"},"north":{"rotation":180,"uv":[2.5,5,3,5.5],"texture":"#3"},"south":{"rotation":180,"uv":[9.75,8,10.25,8.5],"texture":"#3"}}},{"to":[11.825,5.29973,8.25],"rotation":{"origin":[9.8875,5.25,8],"angle":22.5,"axis":"x"},"from":[9.325,5.20027,8.1875],"faces":{"east":{"rotation":270,"uv":[0.75,7.5,1.25,8],"texture":"#3"},"north":{"rotation":180,"uv":[8,4.75,8.5,5.25],"texture":"#3"},"south":{"rotation":180,"uv":[9.75,8,10,8.25],"texture":"#3"}}},{"to":[11.825,5.29973,8.25],"rotation":{"origin":[9.8875,5.25,8],"angle":45,"axis":"x"},"from":[9.325,5.20027,8.1875],"faces":{"east":{"rotation":270,"uv":[0.75,7.5,1.25,8],"texture":"#3"},"north":{"rotation":180,"uv":[3.25,4.75,3.75,5.25],"texture":"#3"},"south":{"rotation":180,"uv":[0.5,8,0.75,8.25],"texture":"#3"}}},{"to":[11.825,5.29973,8.25],"rotation":{"origin":[9.8875,5.25,8],"angle":-22.5,"axis":"x"},"from":[9.325,5.20027,8.1875],"faces":{"east":{"rotation":90,"uv":[9.75,11.75,10.25,12.25],"texture":"#3"},"north":{"rotation":180,"uv":[3.5,5.25,4,5.75],"texture":"#3"},"south":{"rotation":180,"uv":[10.25,10.75,10.75,11.25],"texture":"#3"}}},{"to":[11.825,5.5,8.04973],"rotation":{"origin":[9.8875,5.25,8],"angle":45,"axis":"x"},"from":[9.325,5.4375,7.95027],"faces":{"down":{"rotation":180,"uv":[5,5.5,5.5,6],"texture":"#3"},"east":{"uv":[0.75,4.75,0.25,5.25],"texture":"#3"},"up":{"rotation":180,"uv":[10.25,11.25,10.75,11.75],"texture":"#3"}}},{"to":[11.825,5.5,8.04973],"rotation":{"origin":[9.8875,5.25,8],"angle":22.5,"axis":"x"},"from":[9.325,5.4375,7.95027],"faces":{"down":{"rotation":180,"uv":[7.5,8,8,8.5],"texture":"#3"},"east":{"uv":[8.5,4.75,9,5.25],"texture":"#3"},"up":{"rotation":180,"uv":[10.25,11.75,10.75,12.25],"texture":"#3"}}},{"to":[11.825,5.5,8.04973],"from":[9.325,5.4375,7.95027],"faces":{"down":{"rotation":180,"uv":[8.5,8,9,8.5],"texture":"#3"},"east":{"uv":[8.5,4.75,9,5.25],"texture":"#3"},"up":{"rotation":180,"uv":[8.5,15.5,9,16],"texture":"#3"}}},{"to":[11.825,5.5,8.04973],"rotation":{"origin":[9.8875,5.25,8],"angle":-22.5,"axis":"x"},"from":[9.325,5.4375,7.95027],"faces":{"down":{"rotation":180,"uv":[7.5,8,8,8.5],"texture":"#3"},"east":{"uv":[8.5,4.75,9,5.25],"texture":"#3"},"up":{"uv":[10.25,11.75,10.75,12.25],"texture":"#3"}}},{"to":[10.47671,5.4015,8.4249],"rotation":{"origin":[11.1699,5.24453,7.6875],"angle":22.5,"axis":"z"},"from":[10.03921,5.24525,7.5751],"faces":{"down":{"rotation":180,"uv":[7,8,7.25,8.25],"texture":"#3","cullface":"north"},"north":{"rotation":180,"uv":[6.5,11.25,7,11.75],"texture":"#3","cullface":"north"},"south":{"rotation":180,"uv":[6.5,11.25,7,11.75],"texture":"#3","cullface":"north"}}},{"to":[11.75,5.50625,7.8],"from":[10.125,4.975,7.575],"faces":{"east":{"uv":[6,8,6.25,8.25],"texture":"#3"},"north":{"rotation":180,"uv":[9.5,11.5,6.25,12.75],"texture":"#3","cullface":"north"}}},{"to":[10.1125,4.8125,8.375],"from":[8.45,4.5125,7.625],"faces":{"east":{"uv":[6,8,6.25,8.25],"texture":"#3"},"north":{"uv":[6,8,9.5,9],"texture":"#3"},"south":{"uv":[6,8,9.5,9],"texture":"#3"}}},{"to":[10.1125,4.36231,8.08064],"rotation":{"origin":[9.8625,4.64981,8.00108],"angle":45,"axis":"x"},"from":[7.925,4.24981,7.92152],"faces":{"down":{"rotation":180,"uv":[6,10.25,9.5,10.75],"texture":"#3"},"east":{"uv":[6,8,6.25,8.25],"texture":"#3"}}},{"to":[10.1125,4.66687,8.39892],"rotation":{"origin":[9.8625,4.64981,7.99892],"angle":22.5,"axis":"x"},"from":[8.8375,4.57025,8.28642],"faces":{"east":{"uv":[6,8,6.25,8.25],"texture":"#3"},"south":{"rotation":180,"uv":[6,11.25,9.5,11.75],"texture":"#3"}}},{"to":[10.1125,4.36231,8.07848],"rotation":{"origin":[9.8625,4.64981,7.99892],"angle":-45,"axis":"x"},"from":[7.925,4.24981,7.91936],"faces":{"down":{"rotation":180,"uv":[6,10.25,9.5,10.75],"texture":"#3"},"east":{"uv":[6,8,6.25,8.25],"texture":"#3"}}},{"to":[10.1125,4.36231,8.07848],"rotation":{"origin":[9.8625,4.64981,7.99892],"angle":-22.5,"axis":"x"},"from":[7.925,4.24981,7.91936],"faces":{"down":{"rotation":180,"uv":[5.25,8,8.75,8.5],"texture":"#3"},"east":{"uv":[15.75,15.75,16,16],"texture":"#3"}}},{"to":[10.1125,4.36231,8.0786],"rotation":{"origin":[8,7.99981,8.00107],"angle":0,"axis":"y"},"from":[7.925,4.24981,7.92151],"faces":{"down":{"uv":[15.75,15.75,16,16],"texture":"#3"},"east":{"uv":[15.75,15.75,16,16],"texture":"#3"}}},{"to":[10.1125,4.36231,8.08064],"rotation":{"origin":[9.8625,4.64981,8.00108],"angle":22.5,"axis":"x"},"from":[7.925,4.24981,7.92152],"faces":{"down":{"uv":[5.25,8,8.75,8.5],"texture":"#3"},"east":{"uv":[15.75,15.75,16,16],"texture":"#3"}}},{"to":[10.1125,4.66687,7.71358],"rotation":{"origin":[9.8625,4.64981,8.00108],"angle":-22.5,"axis":"x"},"from":[8.675,4.57025,7.60108],"faces":{"east":{"uv":[6,8,6.25,8.25],"texture":"#3"},"north":{"rotation":180,"uv":[6,11.25,9.5,11.75],"texture":"#3"}}},{"to":[9.06077,4.84215,8.3747],"rotation":{"origin":[8.99202,4.5734,8.0252],"angle":22.5,"axis":"z"},"from":[8.37327,4.47965,7.6253],"faces":{"down":{"rotation":270,"uv":[10,8,12,9.25],"texture":"#3"},"north":{"uv":[7.25,9,7.75,10],"texture":"#3"},"south":{"uv":[7.25,9,7.75,10],"texture":"#3"}}},{"to":[8.45625,4.8125,8.375],"from":[4,4.25,7.625],"faces":{"down":{"rotation":90,"uv":[15.75,15.75,16,16],"texture":"#3"},"west":{"uv":[7.25,8,9.5,9],"texture":"#3"},"north":{"uv":[6,8,11.5,10],"texture":"#3"},"up":{"rotation":90,"uv":[9.5,0,11.5,8.5],"texture":"#3"},"south":{"uv":[6,8,11.5,10],"texture":"#3"}}},{"to":[4.38443,5.49054,7.8251],"rotation":{"origin":[4.22396,5.16902,8],"angle":-22.5,"axis":"z"},"from":[4.11896,4.84965,7.5751],"faces":{"down":{"rotation":180,"uv":[15.75,15.75,16,16],"texture":"#3","cullface":"north"},"west":{"rotation":270,"uv":[8.75,4.25,10.5,5],"texture":"#3"},"north":{"rotation":180,"uv":[14.75,11,15.25,12.75],"texture":"#3","cullface":"north"},"south":{"rotation":270,"uv":[7.5,10,8,10.5],"texture":"#3"}}},{"to":[4.38443,5.49054,8.4249],"rotation":{"origin":[4.22396,5.16902,8],"angle":-22.5,"axis":"z"},"from":[4.11896,4.84965,8.1749],"faces":{"down":{"rotation":180,"uv":[15.75,15.75,16,16],"texture":"#3","cullface":"north"},"west":{"rotation":90,"uv":[8.5,4.25,10.25,5],"texture":"#3"},"north":{"rotation":270,"uv":[7.5,10,8,10.5],"texture":"#3"},"south":{"rotation":180,"uv":[14.75,11,15.25,12.75],"texture":"#3","cullface":"north"}}},{"to":[4.525,4.475,8.25],"rotation":{"origin":[3.875,4.34375,8.0625],"angle":22.5,"axis":"z"},"from":[3.775,4.2875,7.75],"faces":{"north":{"rotation":180,"uv":[13,11,16,12.5],"texture":"#0"},"up":{"rotation":270,"uv":[9.25,5.25,10.5,6.5],"texture":"#3"},"south":{"rotation":180,"uv":[16,11,13,12.5],"texture":"#0"}}},{"to":[3.45162,5.10236,8.1562],"from":[3.36569,4.89923,7.8439],"faces":{"west":{"uv":[7.75,7.75,9.25,8.75],"texture":"#3"},"north":{"uv":[7.75,7.75,8.25,8.75],"texture":"#3"},"up":{"rotation":270,"uv":[9,4.25,10.5,4.75],"texture":"#3"},"south":{"uv":[7.75,7.75,8.25,8.75],"texture":"#3"}}},{"to":[3.39403,4.63127,8.15622],"rotation":{"origin":[3.25184,4.56096,8.06247],"angle":45,"axis":"z"},"from":[3.11278,4.52815,7.84372],"faces":{"down":{"uv":[7,8,7.25,8.25],"texture":"#3"},"west":{"uv":[4,1.75,5.5,2.5],"texture":"#3"},"north":{"rotation":180,"uv":[10,8,11,8.75],"texture":"#3"},"up":{"rotation":90,"uv":[1.5,12.25,3,15.25],"texture":"#2"},"south":{"rotation":180,"uv":[10,8,11,8.75],"texture":"#3"}}},{"to":[3.6268,4.48959,8.15635],"rotation":{"origin":[4.24242,5.13334,8.06245],"angle":-22.5,"axis":"z"},"from":[3.52367,4.34584,7.84365],"faces":{"west":{"uv":[3.5,11.25,5,12],"texture":"#2"},"north":{"rotation":180,"uv":[10.25,8.25,10.5,8.75],"texture":"#3"},"south":{"rotation":180,"uv":[10.25,8.25,10.5,8.75],"texture":"#3"}}},{"to":[3.83233,4.78903,8.15615],"rotation":{"origin":[4.24242,5.13334,8.06265],"angle":0,"axis":"z"},"from":[3.33858,4.6109,7.84385],"faces":{"down":{"uv":[7,8,7.25,8.25],"texture":"#3"},"north":{"rotation":180,"uv":[10,8,11,8.75],"texture":"#3"},"south":{"rotation":180,"uv":[10,8,11,8.75],"texture":"#3"}}},{"to":[7.53846,3.15,8.16875],"from":[6.42125,3.0125,7.83125],"faces":{"down":{"rotation":270,"uv":[1.5,10.25,2,12.25],"texture":"#3","cullface":"north"},"north":{"rotation":270,"uv":[15.5,4.5,16,5.75],"texture":"#3","cullface":"north"},"up":{"rotation":90,"uv":[10.5,4,11,5.5],"texture":"#3","cullface":"north"},"south":{"rotation":90,"uv":[16,4.5,15.5,5.75],"texture":"#3","cullface":"north"}}},{"to":[8.09684,3.79846,8.16875],"rotation":{"origin":[7.50173,3.7,8.0375],"angle":-22.5,"axis":"z"},"from":[7.95934,3.525,7.83125],"faces":{"west":{"uv":[7.75,11.5,8.25,12],"texture":"#3","cullface":"north"},"east":{"uv":[0,15.5,0.5,16],"texture":"#3","cullface":"north"},"north":{"rotation":90,"uv":[11,4,11.5,4.5],"texture":"#3","cullface":"north"},"south":{"rotation":270,"uv":[11,4,11.5,4.5],"texture":"#3","cullface":"north"}}},{"to":[7.54607,3.18827,8.16855],"rotation":{"origin":[7.50173,3.7,8.0377],"angle":22.5,"axis":"z"},"from":[7.27261,3.05077,7.83145],"faces":{"down":{"rotation":270,"uv":[2,12,2.5,12.5],"texture":"#3","cullface":"north"},"north":{"uv":[11.25,4.25,11.75,4.75],"texture":"#3","cullface":"north"},"up":{"rotation":270,"uv":[10.5,4,11,4.5],"texture":"#3","cullface":"north"},"south":{"uv":[11.25,4.25,11.75,4.75],"texture":"#3","cullface":"north"}}},{"to":[7.56775,3.22071,8.16875],"rotation":{"origin":[7.50173,3.7,8.0375],"angle":45,"axis":"z"},"from":[7.29429,3.08321,7.83125],"faces":{"down":{"rotation":270,"uv":[0,15.5,0.5,16],"texture":"#3","cullface":"north"},"north":{"uv":[10.75,4.25,11.25,4.75],"texture":"#3","cullface":"north"},"up":{"rotation":270,"uv":[10.5,4.5,11,5],"texture":"#3","cullface":"north"},"south":{"uv":[10.75,4.25,11.25,4.75],"texture":"#3","cullface":"north"}}},{"to":[8.08923,4.27423,8.1689],"from":[7.95173,3.56327,7.8312],"faces":{"west":{"uv":[8.5,11,9,11.5],"texture":"#3","cullface":"north"},"east":{"rotation":180,"uv":[11.5,4.75,12,6.25],"texture":"#3","cullface":"north"},"north":{"rotation":180,"uv":[11,4.5,11.5,6],"texture":"#3","cullface":"north"},"south":{"rotation":180,"uv":[11,4.5,11.5,6.25],"texture":"#3","cullface":"north"}}},{"to":[8.09684,3.875,8.1687],"rotation":{"origin":[7.50173,3.7,8.0375],"angle":22.5,"axis":"z"},"from":[7.95934,3.60154,7.8314],"faces":{"west":{"uv":[8.75,8,9.25,8.5],"texture":"#3","cullface":"north"},"north":{"rotation":180,"uv":[11,5,11.5,5.75],"texture":"#3","cullface":"north"},"south":{"rotation":180,"uv":[11,5,11.5,5.75],"texture":"#3","cullface":"north"}}},{"to":[7.54607,4.34923,8.1689],"rotation":{"origin":[7.50173,3.7,8.0375],"angle":-22.5,"axis":"z"},"from":[7.27261,4.21173,7.8312],"faces":{"down":{"uv":[15.75,15.75,16,16],"texture":"#3","cullface":"north"},"north":{"uv":[8,5.75,8.5,6],"texture":"#3","cullface":"north"},"south":{"uv":[8,5.75,8.5,6],"texture":"#3","cullface":"north"}}},{"to":[7.56775,4.45429,8.16875],"rotation":{"origin":[7.50173,3.7,8.0375],"angle":-45,"axis":"z"},"from":[7.29429,4.17929,7.83125],"faces":{"down":{"uv":[8.75,8,9,8.25],"texture":"#3","cullface":"north"},"north":{"uv":[8,5.75,8.5,6],"texture":"#3","cullface":"north"},"south":{"uv":[8,5.75,8.5,6],"texture":"#3","cullface":"north"}}},{"to":[8.8715,4.53384,8.16875],"rotation":{"origin":[8.71173,3.7,8.0375],"angle":45,"axis":"z"},"from":[8.50429,4.32071,7.83125],"faces":{"down":{"rotation":270,"uv":[11,5.25,11.5,6.25],"texture":"#3","cullface":"north"},"north":{"uv":[8,5.75,8.5,6],"texture":"#3","cullface":"north"},"south":{"uv":[8,5.75,8.5,6],"texture":"#3","cullface":"north"}}},{"to":[8.06934,3.79846,8.1687],"rotation":{"origin":[8.71173,3.7,8.0375],"angle":-22.5,"axis":"z"},"from":[7.93184,3.59375,7.8314],"faces":{"east":{"rotation":180,"uv":[11.25,5.25,11.75,5.5],"texture":"#3","cullface":"north"},"north":{"rotation":180,"uv":[11,5,11.5,5.75],"texture":"#3","cullface":"north"},"south":{"rotation":180,"uv":[11,5,11.5,5.75],"texture":"#3","cullface":"north"}}},{"to":[7.18275,3.07929,8.1687],"rotation":{"origin":[7.11673,3.7,8.0375],"angle":-45,"axis":"z"},"from":[6.90929,2.86679,7.8314],"faces":{"north":{"rotation":270,"uv":[15.5,5,16,5.25],"texture":"#3","cullface":"north"},"up":{"uv":[8.5,11,9,11.5],"texture":"#3","cullface":"north"},"south":{"rotation":270,"uv":[15.5,5,16,5.25],"texture":"#3","cullface":"north"}}},{"to":[7.16107,3.11173,8.1687],"rotation":{"origin":[7.11673,3.7,8.0375],"angle":-22.5,"axis":"z"},"from":[6.88761,2.97423,7.8314],"faces":{"north":{"rotation":270,"uv":[15.5,5,16,5.25],"texture":"#3","cullface":"north"},"up":{"rotation":270,"uv":[9.75,11.25,10.25,11.75],"texture":"#3","cullface":"north"},"south":{"rotation":270,"uv":[15.5,5,16,5.25],"texture":"#3","cullface":"north"}}},{"to":[6.47434,3.875,8.1687],"rotation":{"origin":[7.11673,3.7,8.0375],"angle":22.5,"axis":"z"},"from":[6.08684,3.41404,7.8314],"faces":{"east":{"uv":[8.5,11,9,11.5],"texture":"#3","cullface":"north"},"north":{"rotation":270,"uv":[15.5,5,16,5.25],"texture":"#3","cullface":"north"},"south":{"rotation":270,"uv":[15.5,5,16,5.25],"texture":"#3","cullface":"north"}}},{"to":[6.46673,4.25548,8.375],"from":[4.29173,3.00077,7.625],"faces":{"down":{"rotation":90,"uv":[7,7.75,9.25,10.75],"texture":"#3"},"west":{"uv":[6.25,8.25,8.5,8.5],"texture":"#3"},"east":{"rotation":180,"uv":[7.75,4.5,10,6.75],"texture":"#3"},"north":{"uv":[6.5,9.75,9.25,12],"texture":"#3"},"south":{"uv":[6,9.5,8.75,11.75],"texture":"#3"}}},{"to":[6.47434,3.79846,8.3745],"rotation":{"origin":[7.11673,3.7,7.83175],"angle":-22.5,"axis":"z"},"from":[6.33684,3.525,7.6255],"faces":{"east":{"uv":[7.75,6.25,10,6.75],"texture":"#3"},"north":{"rotation":90,"uv":[6.5,8.75,6.75,9],"texture":"#3"},"south":{"rotation":90,"uv":[6.5,8.75,6.75,9],"texture":"#3"}}},{"to":[7.18275,4.59571,8.3745],"rotation":{"origin":[7.11673,3.7,7.83175],"angle":45,"axis":"z"},"from":[6.90929,4.32071,7.6255],"faces":{"down":{"rotation":90,"uv":[8,8,10.25,8.5],"texture":"#3"},"north":{"rotation":90,"uv":[6.5,8.75,6.75,9],"texture":"#3"},"south":{"rotation":90,"uv":[6.5,8.75,6.75,9],"texture":"#3"}}},{"to":[7.16107,4.42577,8.3745],"rotation":{"origin":[7.11673,3.7,7.83175],"angle":22.5,"axis":"z"},"from":[6.88761,4.28827,7.6255],"faces":{"down":{"rotation":90,"uv":[8,8,8.25,8.25],"texture":"#3"},"north":{"rotation":90,"uv":[6.5,8.75,6.75,9],"texture":"#3"},"south":{"rotation":90,"uv":[6.5,8.75,6.75,9],"texture":"#3"}}},{"to":[3.91346,4.3875,8.3745],"rotation":{"origin":[3.77673,3.7,7.83175],"angle":-22.5,"axis":"z"},"from":[3.64,4.25,7.6255],"faces":{"down":{"uv":[15.75,15.75,16,16],"texture":"#3"},"north":{"rotation":270,"uv":[6,11.75,6.5,12.5],"texture":"#3"},"south":{"rotation":90,"uv":[6,11.75,6.5,12.5],"texture":"#3"}}},{"to":[3.91346,4.525,8.3745],"rotation":{"origin":[3.77673,3.7,7.83175],"angle":-45,"axis":"z"},"from":[3.64,4.25,7.6255],"faces":{"down":{"uv":[6,8,8.25,8.25],"texture":"#3"},"north":{"rotation":270,"uv":[6,11,6.5,12],"texture":"#3"},"south":{"rotation":90,"uv":[6,11,6.5,12],"texture":"#3"}}},{"to":[4.46423,3.83673,8.3745],"rotation":{"origin":[3.77673,3.7,7.83175],"angle":22.5,"axis":"z"},"from":[4.32673,3.56327,7.6255],"faces":{"west":{"uv":[6,8,8.25,8.25],"texture":"#3"},"north":{"uv":[6.5,9.75,7,10.25],"texture":"#3"},"south":{"uv":[6.5,9.75,7,10.25],"texture":"#3"}}},{"to":[6.725,3.7799,8.366],"rotation":{"origin":[5.61875,4.25,8.175],"angle":-22.5,"axis":"z"},"from":[4.6625,0.0424,7.626],"faces":{"down":{"uv":[0,5,2.25,7],"texture":"#3"},"west":{"rotation":180,"uv":[11.25,3.75,13.5,5.75],"texture":"#3"},"east":{"uv":[0,10,2.25,12],"texture":"#3"},"north":{"uv":[8.5,11,12.75,13],"texture":"#3"},"south":{"uv":[3.25,11,7.5,13],"texture":"#3"}}},{"to":[3.81346,4.3375,8.25],"rotation":{"origin":[3.67673,3.65,7.95625],"angle":-22.5,"axis":"z"},"from":[3.3525,4.2,7.75],"faces":{"down":{"uv":[15.75,15.75,16,16],"texture":"#3"},"north":{"uv":[4.5,11.75,4.75,12.25],"texture":"#3"},"south":{"uv":[4.5,11.75,4.75,12.25],"texture":"#3"}}},{"to":[3.81346,4.35,8.25],"rotation":{"origin":[3.67673,3.65,7.95625],"angle":-45,"axis":"z"},"from":[3.54,4.2,7.75],"faces":{"down":{"uv":[15.75,15.75,16,16],"texture":"#3"},"north":{"rotation":180,"uv":[0,7.25,0.25,7.75],"texture":"#3"},"south":{"rotation":180,"uv":[0,7.25,0.25,7.75],"texture":"#3"}}},{"to":[4.36423,3.78673,8.25],"rotation":{"origin":[3.67673,3.65,7.95625],"angle":22.5,"axis":"z"},"from":[4.22673,3.51327,7.75],"faces":{"west":{"uv":[9.25,8,10.75,8.5],"texture":"#3"},"north":{"rotation":90,"uv":[9.5,7.25,9.75,7.75],"texture":"#3"},"south":{"rotation":270,"uv":[9.5,7.25,9.75,7.75],"texture":"#3"}}},{"to":[4.35423,3.82423,8.25],"from":[4.22923,3.52577,7.75],"faces":{"west":{"uv":[9.25,9.75,10.75,10],"texture":"#3"},"north":{"rotation":90,"uv":[9.5,7.25,9.75,7.5],"texture":"#3"},"south":{"rotation":90,"uv":[9.5,7.25,9.75,7.5],"texture":"#3"}}},{"to":[4.6625,3.4425,8.2505],"rotation":{"origin":[5.61875,4.2,8.3005],"angle":-22.5,"axis":"z"},"from":[4.5125,1.4425,7.7495],"faces":{"down":{"uv":[7.75,8,8,8.25],"texture":"#3"},"west":{"uv":[9.75,11.25,11.25,13],"texture":"#3"},"north":{"rotation":90,"uv":[9.5,7.25,16,7.75],"texture":"#3"},"south":{"rotation":270,"uv":[9.5,7.25,16,7.75],"texture":"#3"}}},{"to":[6.375,4.4051,8.45],"rotation":{"origin":[5.61875,4.25,8.1],"angle":-22.5,"axis":"z"},"from":[4.7875,0.1425,7.55],"faces":{"down":{"rotation":180,"uv":[15.5,15.5,16,16],"texture":"#1"},"west":{"rotation":180,"uv":[0,3,0.5,16],"texture":"#1"},"east":{"rotation":180,"uv":[15.5,3,16,16],"texture":"#1"},"north":{"rotation":180,"uv":[3,3,16,16],"texture":"#1"},"south":{"rotation":180,"uv":[16,3,3,16],"texture":"#1"}}},{"to":[11.75,5.72303,8.10058],"rotation":{"origin":[14.625,5.22303,8.00112],"angle":45,"axis":"x"},"from":[8.25,5.47303,7.90166],"faces":{"west":{"rotation":270,"uv":[8.5,5,8.75,5.5],"texture":"#3","cullface":"north"},"east":{"uv":[6,8.25,6.25,8.5],"texture":"#3"},"up":{"uv":[0,4.5,6.5,5],"texture":"#3","cullface":"north"}}},{"to":[11.75,5.72303,8.10058],"rotation":{"origin":[14.625,5.22303,8.00112],"angle":22.5,"axis":"x"},"from":[8.25,5.47303,7.90166],"faces":{"west":{"rotation":270,"uv":[8.5,4.5,9.75,5],"texture":"#3","cullface":"north"},"east":{"uv":[3.25,8.5,3.5,8.75],"texture":"#3"},"up":{"uv":[0,3.25,6.5,3.75],"texture":"#3","cullface":"north"}}},{"to":[11.75,5.72303,8.10062],"rotation":{"origin":[8,7.99873,7.99889],"angle":0,"axis":"y"},"from":[8.25,5.47303,7.89943],"faces":{"west":{"rotation":270,"uv":[8.5,4,9.75,4.5],"texture":"#3","cullface":"north"},"east":{"uv":[13,11.5,13.25,11.75],"texture":"#3"},"up":{"uv":[0,3,6.5,3.5],"texture":"#3","cullface":"north"}}},{"to":[10.125,5.50625,8.3],"from":[4.25,4.8125,7.575],"faces":{"down":{"rotation":180,"uv":[7,8,7.25,8.25],"texture":"#3","cullface":"north"},"west":{"rotation":180,"uv":[7,9.5,8,12],"texture":"#3"},"east":{"uv":[15.75,15.75,16,16],"texture":"#3"},"north":{"rotation":180,"uv":[4.25,11,16,12.75],"texture":"#3","cullface":"north"}}},{"to":[10.125,5.50625,8.425],"from":[8.25,4.8125,8.3],"faces":{"down":{"rotation":180,"uv":[7,8,7.25,8.25],"texture":"#3","cullface":"north"},"west":{"uv":[8.5,5.25,9,5.75],"texture":"#3","cullface":"north"},"south":{"rotation":180,"uv":[4.25,11,7.75,12.75],"texture":"#3","cullface":"north"}}},{"to":[8.25,5.31875,8.425],"from":[7,4.8125,8.3],"faces":{"down":{"rotation":180,"uv":[7,8,7.25,8.25],"texture":"#3","cullface":"north"},"up":{"rotation":90,"uv":[6.5,2.5,7,4.75],"texture":"#3","cullface":"north"},"south":{"rotation":180,"uv":[9.25,11,11.5,12.25],"texture":"#3","cullface":"north"}}},{"to":[7.04482,5.48857,8.4245],"rotation":{"origin":[6.875,5.31562,8.3625],"angle":-45,"axis":"z"},"from":[6.85732,5.29482,8.2995],"faces":{"up":{"rotation":90,"uv":[7.75,4.75,8.25,5.25],"texture":"#3","cullface":"north"},"south":{"uv":[11.25,12,11.75,12.5],"texture":"#3","cullface":"south"}}},{"to":[7.94638,6.39013,8.4245],"rotation":{"origin":[6.875,5.31562,8.3625],"angle":-45,"axis":"z"},"from":[7.75888,6.19638,8.2995],"faces":{"west":{"rotation":180,"uv":[7.75,5,8.25,5.5],"texture":"#3","cullface":"north"},"south":{"uv":[11.25,12,11.75,12.5],"texture":"#3","cullface":"south"}}},{"to":[6.325,3.4,7.75],"rotation":{"origin":[6.31875,3.23125,7.98175],"angle":-22.5,"axis":"z"},"from":[6.075,3.15,7.525],"faces":{"down":{"uv":[12.5,15.5,13,16],"texture":"#0"},"west":{"uv":[15,13.5,15.5,16],"texture":"#0"},"east":{"uv":[14.5,13,15,15.5],"texture":"#0"},"north":{"uv":[0,13.5,2.5,16],"texture":"#0"},"up":{"rotation":90,"uv":[14,13,14.5,15.5],"texture":"#0"}}},{"to":[7.46107,4.42577,8.125],"rotation":{"origin":[7.41673,3.7,8.08125],"angle":22.5,"axis":"z"},"from":[7.18761,4.28827,7.875],"faces":{"down":{"uv":[15.75,15.75,16,16],"texture":"#3","cullface":"north"},"north":{"uv":[8.5,8,9,8.25],"texture":"#3","cullface":"north"},"south":{"uv":[8.5,8,9,8.25],"texture":"#3","cullface":"north"}}},{"to":[7.48275,4.59571,8.125],"rotation":{"origin":[7.41673,3.7,8.08125],"angle":45,"axis":"z"},"from":[7.20929,4.32071,7.875],"faces":{"down":{"uv":[8.75,8,9,8.25],"texture":"#3","cullface":"north"},"north":{"uv":[8.5,8,9,8.25],"texture":"#3","cullface":"north"},"south":{"uv":[8.5,8,9,8.25],"texture":"#3","cullface":"north"}}},{"to":[6.77434,3.79846,8.1248],"rotation":{"origin":[7.41673,3.7,8.08145],"angle":-22.5,"axis":"z"},"from":[6.63684,3.5,7.8752],"faces":{"east":{"uv":[8.75,8,9.25,8.5],"texture":"#3","cullface":"north"},"north":{"uv":[8.5,8.25,9,8.5],"texture":"#3","cullface":"north"},"south":{"uv":[8.5,8.25,9,8.5],"texture":"#3","cullface":"north"}}},{"to":[6.75423,4.24923,8.125],"from":[6.25423,3.13827,7.875],"faces":{"east":{"uv":[8.5,11,9,11.5],"texture":"#3","cullface":"north"},"north":{"uv":[8.25,8,9.25,9.25],"texture":"#3","cullface":"north"},"south":{"uv":[8.25,8,9.25,9.25],"texture":"#3","cullface":"north"}}},{"to":[7.48275,3.06679,8.125],"rotation":{"origin":[7.41673,3.7,8.08125],"angle":-45,"axis":"z"},"from":[7.20929,2.81679,7.875],"faces":{"east":{"uv":[15.75,15.75,16,16],"texture":"#3","cullface":"north"},"north":{"rotation":90,"uv":[7.75,11.25,8.25,11.75],"texture":"#3","cullface":"north"},"up":{"rotation":270,"uv":[8.25,12,8.75,12.5],"texture":"#3","cullface":"north"},"south":{"rotation":270,"uv":[7.75,11.25,8.25,11.75],"texture":"#3","cullface":"north"}}},{"to":[6.76184,3.875,8.125],"rotation":{"origin":[7.41673,3.7,8.08125],"angle":22.5,"axis":"z"},"from":[6.64934,3.60154,7.875],"faces":{"east":{"uv":[7.75,11.5,8.25,12],"texture":"#3","cullface":"north"},"north":{"uv":[8.5,8.5,9,8.75],"texture":"#3","cullface":"north"},"south":{"uv":[8.5,8.5,9,8.75],"texture":"#3","cullface":"north"}}},{"to":[6.25,4.75,7.65],"from":[4.75,4.625,7.5],"faces":{"down":{"uv":[7,14.5,15,16],"texture":"#0"},"west":{"uv":[7.25,9.5,7.5,9.75],"texture":"#3"},"east":{"rotation":90,"uv":[13.5,13,15,14.5],"texture":"#0"},"north":{"uv":[7.5,13.5,15.5,15],"texture":"#0"},"up":{"rotation":180,"uv":[7.5,12,15.5,13.5],"texture":"#0"}}},{"to":[6.225,4.4686,8.55],"rotation":{"origin":[5.61875,4.25,8],"angle":-22.5,"axis":"z"},"from":[5.075,0.1426,7.45],"faces":{"north":{"rotation":180,"uv":[3.5,3,12,16],"texture":"#1"},"west":{"rotation":180,"uv":[3,3,3.5,16],"texture":"#1"},"up":{"uv":[0,0,8.5,0.5],"texture":"#1"},"down":{"rotation":180,"uv":[15.5,15.5,16,16],"texture":"#1"},"east":{"rotation":180,"uv":[13.5,3,14,16],"texture":"#1"},"south":{"rotation":180,"uv":[12,3,3.5,16],"texture":"#1"}}},{"to":[4.81036,4.69142,7.75],"rotation":{"origin":[4.56036,4.49142,7.625],"angle":22.5,"axis":"z"},"from":[4.16036,4.19142,7.5],"faces":{"down":{"uv":[15.75,15.75,16,16],"texture":"#3"},"west":{"rotation":180,"uv":[7.5,8,8.5,9.5],"texture":"#3"},"east":{"uv":[8.25,7.5,8.5,9.5],"texture":"#3"},"north":{"uv":[2.5,7.5,4.25,9],"texture":"#3"},"up":{"uv":[10.75,4.5,12.25,5.5],"texture":"#3"}}},{"to":[4.81036,4.69142,7.5],"rotation":{"origin":[4.56036,4.49142,7.625],"angle":22.5,"axis":"z"},"from":[4.41036,4.56642,7.375],"faces":{"down":{"uv":[15.75,15.75,16,16],"texture":"#3"},"west":{"rotation":180,"uv":[8,8,8.25,8.5],"texture":"#3"},"east":{"uv":[8.25,7.5,8.5,8],"texture":"#3"},"north":{"uv":[15,7.25,16,7.75],"texture":"#3"},"up":{"uv":[10.75,4,11.75,4.5],"texture":"#3"}}},{"to":[7.025,4.775,7.7],"rotation":{"origin":[7,4.6,7.625],"angle":-45,"axis":"x"},"from":[6.275,4.525,7.45],"faces":{"north":{"uv":[9.25,4.5,11.5,5.5],"texture":"#3"},"west":{"uv":[9,5,10,6],"texture":"#3"},"up":{"rotation":180,"uv":[8.75,12.75,11,15],"texture":"#2"},"down":{"rotation":90,"uv":[15.75,15.75,16,16],"texture":"#3"},"east":{"uv":[6,3.75,7,4.75],"texture":"#3"},"south":{"uv":[7.75,7.5,8.25,8.5],"texture":"#3"}}},{"to":[7.65,4.7375,7.65],"from":[7.025,4.425,7.5625],"faces":{"down":{"uv":[5,8,6.75,8.25],"texture":"#3"},"east":{"uv":[6,4.5,6.25,5.5],"texture":"#3"},"north":{"uv":[3,3.5,4.75,4.75],"texture":"#3"},"up":{"uv":[5,4.75,6.75,5],"texture":"#3"}}},{"to":[11.42854,5.86831,8.05],"rotation":{"origin":[11.35354,5.74331,7.9875],"angle":22.5,"axis":"z"},"from":[11.15354,5.69331,7.95],"faces":{"west":{"rotation":180,"uv":[6.75,8,7,8.25],"texture":"#3"},"north":{"rotation":180,"uv":[2,11.5,3,12],"texture":"#3"},"up":{"rotation":90,"uv":[8.25,3.75,8.75,4.75],"texture":"#3"},"south":{"rotation":180,"uv":[2,11.5,3,12],"texture":"#3"}}},{"to":[11.63214,5.80045,8.05],"rotation":{"origin":[11.58488,5.79907,7.9875],"angle":-22.5,"axis":"z"},"from":[11.35714,5.65045,7.95],"faces":{"east":{"rotation":180,"uv":[6.75,8,7,8.25],"texture":"#3"},"north":{"rotation":180,"uv":[2,11.5,3,12],"texture":"#3"},"up":{"rotation":270,"uv":[10.5,1,11,2],"texture":"#3"},"south":{"rotation":180,"uv":[2,11.5,3,12],"texture":"#3"}}},{"to":[5.03262,6.00689,8.2503],"rotation":{"origin":[4.68905,5.79649,8.0747],"angle":-45,"axis":"z"},"from":[4.88262,5.85689,7.7497],"faces":{"west":{"rotation":180,"uv":[6.25,12.25,7.75,13],"texture":"#3"},"north":{"rotation":180,"uv":[6,11.25,6.75,12],"texture":"#3"},"up":{"rotation":270,"uv":[6.75,4.25,8.25,5],"texture":"#3"},"south":{"rotation":180,"uv":[6,11.25,6.75,12],"texture":"#3"}}},{"to":[5.09975,5.70839,8.25],"rotation":{"origin":[8,7.95,8.0125],"angle":0,"axis":"y"},"from":[4.84975,5.55839,7.75],"faces":{"west":{"uv":[5.5,10.5,7,10.75],"texture":"#3"},"east":{"uv":[5.5,10.5,7,10.75],"texture":"#3"},"north":{"uv":[5.5,10.5,6.5,10.75],"texture":"#3"},"up":{"uv":[6.5,15.75,8,16],"texture":"#3"},"south":{"uv":[5.5,10.5,6.5,10.75],"texture":"#3"}}},{"to":[4.9997,5.85839,7.975],"rotation":{"origin":[8,7.95,8],"angle":0,"axis":"y"},"from":[4.9497,5.70839,7.75],"faces":{"west":{"rotation":270,"uv":[8.75,4.25,9.5,5],"texture":"#3"},"east":{"rotation":90,"uv":[6.5,4,7.25,4.75],"texture":"#3"},"north":{"rotation":180,"uv":[6,11.5,6.5,12.25],"texture":"#3"},"up":{"rotation":90,"uv":[4,4,5,4.5],"texture":"#3"},"south":{"rotation":270,"uv":[8.75,4.75,9,5],"texture":"#3"}}},{"to":[4.9997,5.80839,8.025],"rotation":{"origin":[8,7.95,8.0125],"angle":0,"axis":"y"},"from":[4.9497,5.73339,7.975],"faces":{"west":{"rotation":270,"uv":[8.75,4.75,9,5],"texture":"#3"},"east":{"rotation":90,"uv":[7.25,4.25,7.5,4.5],"texture":"#3"},"up":{"rotation":90,"uv":[4,4,4.25,4.5],"texture":"#3"}}},{"to":[4.9997,5.85839,8.25],"rotation":{"origin":[8,7.95,8],"angle":0,"axis":"y"},"from":[4.9497,5.70839,8.025],"faces":{"west":{"rotation":90,"uv":[8.75,4.25,9.5,5],"texture":"#3"},"east":{"rotation":90,"uv":[6.5,4.75,7.25,4],"texture":"#3"},"north":{"rotation":270,"uv":[8.75,4.75,9,5],"texture":"#3"},"up":{"rotation":90,"uv":[6.5,4,7.5,4.5],"texture":"#3"},"south":{"rotation":180,"uv":[6,11.5,6.5,12.25],"texture":"#3"}}},{"to":[4.31225,5.25839,8.05],"rotation":{"origin":[8,8,8.015],"angle":0,"axis":"y"},"from":[4.22475,5.15839,7.95],"faces":{"down":{"rotation":180,"uv":[7,8,7.25,8.25],"texture":"#3"},"west":{"uv":[14,14,15,15],"texture":"#0"},"north":{"rotation":180,"uv":[7,8,7.25,8.25],"texture":"#3"},"up":{"rotation":180,"uv":[6.75,12.25,7,12.5],"texture":"#3"},"south":{"rotation":180,"uv":[7,8,7.25,8.25],"texture":"#3"}}},{"to":[7.5,4.65,8.376],"from":[7.25,4.4,8.276],"faces":{"south":{"rotation":90,"uv":[13,13.5,15,15.5],"texture":"#0"}}},{"to":[6.37005,3.43828,8.376],"rotation":{"origin":[6.23255,3.30078,8.326],"angle":22.5,"axis":"z"},"from":[6.09505,3.16328,8.276],"faces":{"south":{"uv":[0,9.5,3.5,13],"texture":"#0","cullface":"south"}}},{"to":[4.45,4.6,8.376],"from":[4.35,4.5,7.606],"faces":{"south":{"rotation":90,"uv":[14,13.5,15,14.5],"texture":"#0"}}},{"to":[4.1,4.4,8.376],"from":[4,4.3,7.624],"faces":{"north":{"uv":[13.5,13.5,14.5,14.5],"texture":"#0"},"south":{"rotation":90,"uv":[13.5,13.5,14.5,14.5],"texture":"#0"}}},{"to":[5.525,4.175,8.551],"rotation":{"origin":[5.4,4.05,8],"angle":-22.5,"axis":"z"},"from":[5.275,3.925,7.449],"faces":{"north":{"uv":[4,9.5,7,12.5],"texture":"#0"},"south":{"uv":[4,9.5,7,12.5],"texture":"#0"}}},{"to":[4.4,1.15,8.551],"rotation":{"origin":[4.275,1.025,8],"angle":-22.5,"axis":"z"},"from":[4.15,0.9,7.449],"faces":{"north":{"uv":[4,13,7,16],"texture":"#0"},"south":{"uv":[4,13,7,16],"texture":"#0"}}},{"to":[6.37679,4.7114,8.449],"rotation":{"origin":[7.99967,8.04082,8],"angle":0,"axis":"y"},"from":[4.91013,4.10389,7.551],"faces":{"east":{"rotation":180,"uv":[15.5,13.5,16,16],"texture":"#1"},"north":{"uv":[14,0,3.5,2.5],"texture":"#1"},"up":{"uv":[3.5,0,14,0.5],"texture":"#1"},"south":{"uv":[3.5,0,14,2.5],"texture":"#1"}}},{"to":[7,5.50625,8.425],"from":[4.25,4.8125,8.3],"faces":{"down":{"rotation":180,"uv":[7,8,7.25,8.25],"texture":"#3","cullface":"north"},"east":{"uv":[8.5,5.25,9,5.75],"texture":"#3","cullface":"north"},"south":{"rotation":180,"uv":[11,11,16,12.75],"texture":"#3","cullface":"north"}}},{"to":[6.25,5.5062,8.426],"rotation":{"origin":[9.25,8,8],"angle":0,"axis":"y"},"from":[4.85,4.8125,7.574],"faces":{"north":{"uv":[11.5,0,0,3.5],"texture":"#0","cullface":"north"},"south":{"uv":[0,0,11.5,3.5],"texture":"#0","cullface":"north"}}},{"to":[6.925,0.0674,8.316],"rotation":{"origin":[5.61875,4.25,8.175],"angle":-22.5,"axis":"z"},"from":[4.9625,0,7.676],"faces":{"north":{"uv":[6,7.75,10.25,8.25],"texture":"#3"},"west":{"uv":[15.75,15.75,16,16],"texture":"#3"},"up":{"rotation":90,"uv":[10.75,4.5,12,8.5],"texture":"#3"},"down":{"uv":[0,10.5,2.25,12],"texture":"#3"},"east":{"uv":[6.25,7.75,8.25,8.25],"texture":"#3"},"south":{"uv":[6,7.75,10.25,8.25],"texture":"#3"}}}],"display":{"thirdperson_righthand":{"rotation":[5.5,90,0],"translation":[0,4.25,-0.5]},"head":{"scale":[2,2,2]},"thirdperson_lefthand":{"rotation":[5.5,90,144],"translation":[-2,-6.5,6]},"gui":{"rotation":[0,0,40],"scale":[1.7,1.7,1.7],"translation":[-3,6.75,-0.5]},"firstperson_lefthand":{"rotation":[0,-100,0],"scale":[0,0,0],"translation":[7,-2.25,3]},"firstperson_righthand":{"rotation":[0,90,0],"scale":[1.5,1.5,1.5],"translation":[-3,8.5,-1]},"fixed":{"translation":[0,9.5,-2],"scale":[-2,2,-2]},"ground":{"translation":[0,4.75,0]}},"credit":"thebradqq's guns"}