{"textures":{"particle":"mgs:gun/olive_polymer_dark","1":"mgs:gun/brass","0":"mgs:gun/metal_bright","2":"mgs:gun/copper","1_3":"mgs:gun/olive_polymer_dark","1_2":"mgs:gun/olive_polymer"},"gui_light":"front","elements":[{"to":[7.23049,8.33589,8.15434],"rotation":{"origin":[8.00244,8.00925,7.99809],"angle":0,"axis":"y"},"from":[7.15549,6.90256,7.72934],"faces":{"west":{"uv":[15.25,2.25,16,4.5],"texture":"#1_3"},"east":{"rotation":180,"uv":[9.25,9.25,9.5,10],"texture":"#1_3"},"up":{"rotation":180,"uv":[11,3.25,11.25,4],"texture":"#1_3"}}},{"to":[8.70549,8.33589,8.15434],"rotation":{"origin":[8.00244,8.00925,7.99809],"angle":0,"axis":"y"},"from":[8.58049,6.90256,7.72934],"faces":{"west":{"rotation":180,"uv":[9.25,9.25,9.5,10],"texture":"#1_3"},"east":{"uv":[15.25,2.25,16,4.5],"texture":"#1_3"},"up":{"rotation":180,"uv":[11,3.25,11.25,4],"texture":"#1_3"}}},{"to":[8.70549,8.33589,10.09604],"rotation":{"origin":[8.00244,8.00925,7.99809],"angle":0,"axis":"y"},"from":[7.15549,6.90256,8.15434],"faces":{"west":{"uv":[13,0,16,2.25],"texture":"#1_3"},"east":{"uv":[13,0,16,2.25],"texture":"#1_3"},"north":{"rotation":180,"uv":[9.25,9.25,9.5,10],"texture":"#1_3"},"up":{"uv":[12,1.75,9.75,4.75],"texture":"#1_3"}}},{"to":[8.45549,8.40256,9.92934],"rotation":{"origin":[8.00244,8.00925,7.99809],"angle":0,"axis":"y"},"from":[7.40549,8.30256,8.62934],"faces":{"west":{"rotation":90,"uv":[7.75,5.25,8,6.75],"texture":"#1_3"},"east":{"rotation":90,"uv":[7.75,5.25,8,6.75],"texture":"#1_3"},"north":{"uv":[7.75,5,9,5.25],"texture":"#1_3"},"up":{"uv":[5.5,0.75,6.75,2.25],"texture":"#1_3"},"south":{"uv":[7.75,5,9,5.25],"texture":"#1_3"}}},{"to":[8.80549,8.37756,7.72934],"rotation":{"origin":[8.00244,8.00925,7.99809],"angle":0,"axis":"y"},"from":[7.05549,5.05256,7.57934],"faces":{"north":{"uv":[11.5,0,8.5,5.5],"texture":"#1_3"},"west":{"rotation":90,"uv":[12.75,2,7.25,2.25],"texture":"#1_3"},"up":{"uv":[4.75,4,2,4.25],"texture":"#1_3"},"down":{"uv":[9,11,6.25,11.25],"texture":"#1_3"},"east":{"rotation":90,"uv":[12.75,2,7.25,2.25],"texture":"#1_3"},"south":{"rotation":180,"uv":[9.75,7.75,7,13],"texture":"#1_3"}}},{"to":[8.70549,6.90256,11.52934],"rotation":{"origin":[8.00244,8.00925,7.99809],"angle":0,"axis":"y"},"from":[7.15549,5.10256,7.72934],"faces":{"down":{"rotation":270,"uv":[6.25,9.75,11.75,12],"texture":"#1_3"},"west":{"uv":[9.75,2.75,16,5.5],"texture":"#1_3"},"east":{"uv":[9.75,2.75,16,5.5],"texture":"#1_3"},"up":{"rotation":180,"uv":[9.25,9.25,9.5,10],"texture":"#1_3"},"south":{"uv":[12.75,2,10.25,5],"texture":"#1_3"}}},{"to":[8.70499,6.75671,9.71251],"rotation":{"origin":[8.00244,8.00925,7.99809],"angle":-45,"axis":"x"},"from":[7.15599,4.72972,8.60418],"faces":{"west":{"rotation":90,"uv":[10,1.75,13,3.5],"texture":"#1_3"},"east":{"rotation":90,"uv":[10,1.75,13,3.5],"texture":"#1_3"},"south":{"rotation":180,"uv":[16,1.75,13.5,5],"texture":"#1_2"}}},{"to":[7.34236,8.34397,8.11184],"rotation":{"origin":[8.00244,8.00925,7.99809],"angle":0,"axis":"y"},"from":[7.30936,8.31115,7.94684],"faces":{"north":{"uv":[3.25,5.25,3.75,5.75],"texture":"#1"},"south":{"uv":[3.25,5.25,3.75,5.75],"texture":"#1"}}},{"to":[8.19855,8.41419,8.06522],"rotation":{"origin":[8.00244,8.00925,7.99809],"angle":0,"axis":"y"},"from":[8.15936,8.24094,7.99346],"faces":{"down":{"uv":[6.25,7.75,6.75,8.5],"texture":"#1"},"east":{"uv":[9.5,7.25,10.25,8.25],"texture":"#1"},"up":{"rotation":180,"uv":[1.25,3.75,1.75,4.5],"texture":"#1"}}},{"to":[7.28875,8.33782,8.0809],"rotation":{"origin":[8.00244,8.00925,7.99809],"angle":0,"axis":"y"},"from":[7.2805,8.3173,7.97778],"faces":{"west":{"uv":[6.25,4.5,6.75,5],"texture":"#0"},"north":{"uv":[6.25,4.5,6.5,5],"texture":"#0"},"south":{"uv":[6.25,4.5,6.5,5],"texture":"#0"}}},{"to":[7.28874,8.32554,7.95671],"rotation":{"origin":[8.00244,8.00925,7.99809],"angle":22.5,"axis":"x"},"from":[7.28049,8.30503,7.85358],"faces":{"west":{"rotation":270,"uv":[9.25,4.5,9.75,5.25],"texture":"#0"},"north":{"uv":[7.25,4.25,7.5,4.75],"texture":"#0"},"south":{"uv":[6.25,5,6.5,5.5],"texture":"#0"}}},{"to":[7.28874,8.30162,8.20033],"rotation":{"origin":[8.00244,8.00925,7.99809],"angle":-22.5,"axis":"x"},"from":[7.28049,8.28111,8.0972],"faces":{"west":{"rotation":90,"uv":[9,4.5,9.5,5.25],"texture":"#0"},"north":{"uv":[6.25,5,6.5,5.5],"texture":"#0"},"south":{"uv":[7.25,4.25,7.5,4.75],"texture":"#0"}}},{"to":[7.28875,8.26668,7.84667],"rotation":{"origin":[8.00244,8.00925,7.99809],"angle":45,"axis":"x"},"from":[7.2805,8.24617,7.74354],"faces":{"west":{"rotation":270,"uv":[6.25,4.5,6.75,5.25],"texture":"#0"},"north":{"uv":[8.25,4.5,8.5,5],"texture":"#0"},"south":{"uv":[6,5.5,6.25,6],"texture":"#0"}}},{"to":[7.28875,8.22248,8.29682],"rotation":{"origin":[8.00244,8.00925,7.99809],"angle":-45,"axis":"x"},"from":[7.2805,8.20197,8.1937],"faces":{"west":{"rotation":90,"uv":[6.25,4.5,6.75,5.25],"texture":"#0"},"north":{"uv":[6,5.5,6.25,6],"texture":"#0"},"south":{"uv":[3.75,4,4,4.5],"texture":"#0"}}},{"to":[7.28874,8.34293,8.15902],"rotation":{"origin":[8.00244,8.00925,7.99809],"angle":-22.5,"axis":"x"},"from":[7.28049,8.2398,8.13851],"faces":{"down":{"rotation":180,"uv":[9,8,9.25,8.5],"texture":"#0"},"west":{"uv":[5.25,4.5,5.75,5.25],"texture":"#0"},"up":{"rotation":180,"uv":[7.25,4.25,7.5,4.75],"texture":"#0"}}},{"to":[7.28874,8.36685,7.9154],"rotation":{"origin":[8.00244,8.00925,7.99809],"angle":22.5,"axis":"x"},"from":[7.28049,8.26372,7.89489],"faces":{"down":{"uv":[9,8,9.25,8.5],"texture":"#0"},"west":{"uv":[5.25,4.5,5.75,5.25],"texture":"#0"},"up":{"uv":[3.25,4,3.5,4.5],"texture":"#0"}}},{"to":[7.28875,8.37912,8.0396],"rotation":{"origin":[8.00244,8.00925,7.99809],"angle":0,"axis":"y"},"from":[7.2805,8.276,8.01908],"faces":{"down":{"uv":[9.5,8,9.75,8.25],"texture":"#0"},"west":{"uv":[6.25,4.5,6.75,5.25],"texture":"#0"},"up":{"uv":[3.25,4,3.5,4.5],"texture":"#0"}}},{"to":[8.15936,8.41841,7.92566],"rotation":{"origin":[8.00244,8.00925,7.99809],"angle":22.5,"axis":"x"},"from":[7.33824,8.21216,7.88463],"faces":{"down":{"rotation":180,"uv":[3,9,7,9.5],"texture":"#1"},"west":{"uv":[12.5,7.5,13,8],"texture":"#1"},"east":{"uv":[9.5,7.25,10.25,8.25],"texture":"#1"},"up":{"uv":[2,3.75,6,4.25],"texture":"#1"}}},{"to":[8.15936,8.39449,8.16928],"rotation":{"origin":[8.00244,8.00925,7.99809],"angle":-22.5,"axis":"x"},"from":[7.33824,8.18824,8.12825],"faces":{"down":{"rotation":180,"uv":[3.5,8,7.5,8.5],"texture":"#1"},"west":{"uv":[12.5,7.5,13,8],"texture":"#1"},"east":{"uv":[9.5,7.25,10.25,8.25],"texture":"#1"},"up":{"uv":[0,3.25,4,3.75],"texture":"#1"}}},{"to":[8.15936,8.35955,7.81562],"rotation":{"origin":[8.00244,8.00925,7.99809],"angle":45,"axis":"x"},"from":[7.33824,8.1533,7.77459],"faces":{"down":{"rotation":180,"uv":[5.75,5.5,9.75,6],"texture":"#1"},"west":{"uv":[12.5,7.5,13,8],"texture":"#1"},"east":{"uv":[9.5,7.25,10.25,8.25],"texture":"#1"},"up":{"uv":[5.25,4.25,9.25,4.75],"texture":"#1"}}},{"to":[8.15936,8.31535,8.26577],"rotation":{"origin":[8.00244,8.00925,7.99809],"angle":-45,"axis":"x"},"from":[7.33824,8.1091,8.22475],"faces":{"down":{"uv":[4.5,5.5,8.5,6],"texture":"#1"},"west":{"uv":[12.5,7.5,13,8],"texture":"#1"},"east":{"uv":[9.5,7.25,10.25,8.25],"texture":"#1"},"up":{"rotation":180,"uv":[1.25,4.25,5.25,4.75],"texture":"#1"}}},{"to":[8.15936,8.31188,8.25189],"rotation":{"origin":[8.00244,8.00925,7.99809],"angle":-22.5,"axis":"x"},"from":[7.33824,8.27085,8.04564],"faces":{"west":{"rotation":90,"uv":[12.5,7.5,13,8],"texture":"#1"},"east":{"uv":[9.5,7.25,10.25,7.75],"texture":"#1"},"north":{"uv":[6.25,5,10.25,5.5],"texture":"#1"},"south":{"uv":[5.25,4.75,9.25,5.25],"texture":"#1"}}},{"to":[8.15936,8.3358,8.00827],"rotation":{"origin":[8.00244,8.00925,7.99809],"angle":22.5,"axis":"x"},"from":[7.33824,8.29477,7.80202],"faces":{"west":{"rotation":270,"uv":[12.5,7.5,13,8],"texture":"#1"},"east":{"uv":[9.5,7.25,10.25,7.75],"texture":"#1"},"north":{"uv":[5.25,4.75,9.25,5.25],"texture":"#1"},"south":{"uv":[6.25,5,10.25,5.5],"texture":"#1"}}},{"to":[8.15936,8.34807,8.13247],"rotation":{"origin":[8.00244,8.00925,7.99809],"angle":0,"axis":"y"},"from":[7.33824,8.30705,7.92622],"faces":{"west":{"uv":[12.5,7.5,13,8],"texture":"#1"},"north":{"uv":[3,12.25,7,12.75],"texture":"#1"},"south":{"uv":[0,12,4,12.5],"texture":"#1"}}},{"to":[8.08926,8.45865,8.04985],"rotation":{"origin":[8.00244,8.00925,7.99809],"angle":-22.5,"axis":"z"},"from":[7.98614,8.37615,8.00883],"faces":{"north":{"rotation":180,"uv":[10.5,2.75,11,3.25],"texture":"#1"},"up":{"uv":[2,3.25,2.75,3.75],"texture":"#1"},"south":{"rotation":180,"uv":[10.5,2.75,11,3.25],"texture":"#1"}}},{"to":[8.33289,8.2305,8.04985],"rotation":{"origin":[8.00244,8.00925,7.99809],"angle":22.5,"axis":"z"},"from":[8.22977,8.148,8.00883],"faces":{"down":{"rotation":180,"uv":[5.5,7.75,6.25,8.25],"texture":"#1"},"north":{"rotation":180,"uv":[7.5,8,7.75,8.25],"texture":"#1"},"south":{"rotation":180,"uv":[7.5,8,7.75,8.25],"texture":"#1"}}},{"to":[8.19912,8.34807,8.18229],"rotation":{"origin":[8.00244,8.00925,7.99809],"angle":22.5,"axis":"y"},"from":[8.09599,8.30705,8.09979],"faces":{"down":{"rotation":180,"uv":[4.5,12,5,12.5],"texture":"#1"},"up":{"rotation":180,"uv":[4.5,12,5,12.5],"texture":"#1"},"south":{"uv":[0,12,0.75,12.5],"texture":"#1"}}},{"to":[8.22304,8.34807,7.95413],"rotation":{"origin":[8.00244,8.00925,7.99809],"angle":-22.5,"axis":"y"},"from":[8.11991,8.30705,7.87163],"faces":{"down":{"rotation":180,"uv":[4.5,12,5,12.5],"texture":"#1"},"north":{"uv":[0,12,0.75,12.5],"texture":"#1"},"up":{"rotation":180,"uv":[4.5,12,5,12.5],"texture":"#1"}}},{"to":[8.15936,8.43069,8.04985],"rotation":{"origin":[8.00244,8.00925,7.99809],"angle":0,"axis":"y"},"from":[7.33824,8.22444,8.00883],"faces":{"down":{"rotation":180,"uv":[5.5,7.75,9.5,8.25],"texture":"#1"},"west":{"uv":[12.5,7.5,13,8],"texture":"#1"},"up":{"uv":[2,3.25,6,3.75],"texture":"#1"}}},{"to":[8.19855,8.29885,8.28114],"rotation":{"origin":[8.00244,8.00925,7.99809],"angle":-45,"axis":"x"},"from":[8.15936,8.1256,8.20938],"faces":{"down":{"rotation":180,"uv":[2,5.75,2.5,6.5],"texture":"#1"},"east":{"uv":[9.5,7.25,10.25,8.25],"texture":"#1"},"up":{"rotation":180,"uv":[1.25,4.25,1.75,5],"texture":"#1"}}},{"to":[8.19855,8.34305,7.83098],"rotation":{"origin":[8.00244,8.00925,7.99809],"angle":45,"axis":"x"},"from":[8.15936,8.1698,7.75922],"faces":{"down":{"uv":[2,5.75,2.5,6.5],"texture":"#1"},"east":{"uv":[9.5,7.25,10.25,8.25],"texture":"#1"},"up":{"uv":[1.25,4.25,1.75,5],"texture":"#1"}}},{"to":[8.19855,8.36344,8.11597],"rotation":{"origin":[8.00244,8.00925,7.99809],"angle":0,"axis":"y"},"from":[8.15936,8.29168,7.94272],"faces":{"east":{"uv":[9.5,7.25,10.25,8.25],"texture":"#1"},"north":{"uv":[3,4.75,3.5,5.5],"texture":"#1"},"south":{"uv":[3,4.75,3.5,5.5],"texture":"#1"}}},{"to":[8.33236,8.39319,8.04239],"rotation":{"origin":[8.00244,8.00925,7.99809],"angle":0,"axis":"y"},"from":[8.18236,8.26194,8.01629],"faces":{"down":{"rotation":180,"uv":[7.25,8,8.25,8.25],"texture":"#1"},"east":{"uv":[5.25,10.5,5.75,11],"texture":"#1"},"up":{"rotation":180,"uv":[3.5,4,4.5,4.25],"texture":"#1"}}},{"to":[8.33236,8.38092,7.9182],"rotation":{"origin":[8.00244,8.00925,7.99809],"angle":22.5,"axis":"x"},"from":[8.18236,8.24967,7.8921],"faces":{"down":{"rotation":180,"uv":[5.25,7.75,6.25,8],"texture":"#1"},"east":{"uv":[5.25,10.5,5.75,11],"texture":"#1"},"up":{"rotation":180,"uv":[5.25,4.25,6.25,4.5],"texture":"#1"}}},{"to":[8.33236,8.357,8.16182],"rotation":{"origin":[8.00244,8.00925,7.99809],"angle":-22.5,"axis":"x"},"from":[8.18236,8.22575,8.13572],"faces":{"down":{"rotation":180,"uv":[2.5,8.25,3.5,8.5],"texture":"#1"},"east":{"uv":[5.25,10.5,5.75,11],"texture":"#1"},"up":{"rotation":180,"uv":[4.75,4.25,5.75,4.5],"texture":"#1"}}},{"to":[8.33236,8.32205,7.80816],"rotation":{"origin":[8.00244,8.00925,7.99809],"angle":45,"axis":"x"},"from":[8.18236,8.1908,7.78206],"faces":{"down":{"rotation":180,"uv":[4.75,5.5,5.75,5.75],"texture":"#1"},"east":{"uv":[5.25,10.5,5.75,11],"texture":"#1"},"up":{"rotation":180,"uv":[6.75,4.5,7.75,4.75],"texture":"#1"}}},{"to":[8.33236,8.27786,8.25831],"rotation":{"origin":[8.00244,8.00925,7.99809],"angle":-45,"axis":"x"},"from":[8.18236,8.14661,8.23221],"faces":{"down":{"rotation":180,"uv":[4.25,5.75,5.25,6],"texture":"#1"},"east":{"uv":[5.25,10.5,5.75,11],"texture":"#1"},"up":{"rotation":180,"uv":[1.25,4.25,2.25,4.5],"texture":"#1"}}},{"to":[8.33236,8.30442,8.2144],"rotation":{"origin":[8.00244,8.00925,7.99809],"angle":-22.5,"axis":"x"},"from":[8.18236,8.27832,8.08315],"faces":{"east":{"uv":[5.25,10.5,5.75,11],"texture":"#1"},"north":{"rotation":180,"uv":[3,5.25,4,5.5],"texture":"#1"},"south":{"rotation":180,"uv":[6.75,4.75,7.75,5],"texture":"#1"}}},{"to":[8.33236,8.32834,7.97078],"rotation":{"origin":[8.00244,8.00925,7.99809],"angle":22.5,"axis":"x"},"from":[8.18236,8.30224,7.83953],"faces":{"east":{"uv":[5.25,10.5,5.75,11],"texture":"#1"},"north":{"rotation":180,"uv":[1.5,4.75,2.5,5],"texture":"#1"},"south":{"rotation":180,"uv":[8,5.25,9,5.5],"texture":"#1"}}},{"to":[8.33236,8.34061,8.09497],"rotation":{"origin":[8.00244,8.00925,7.99809],"angle":0,"axis":"y"},"from":[8.18236,8.31451,7.96372],"faces":{"east":{"uv":[5.25,10.5,5.75,11],"texture":"#1"},"north":{"rotation":180,"uv":[2,5,3,5.25],"texture":"#1"},"south":{"rotation":180,"uv":[5,5,6,5.25],"texture":"#1"}}},{"to":[8.37986,8.38756,8.04128],"rotation":{"origin":[8.00244,8.00925,7.99809],"angle":0,"axis":"y"},"from":[8.30486,8.26756,8.01741],"faces":{"down":{"rotation":180,"uv":[7.75,8,8.25,8.25],"texture":"#2"},"east":{"uv":[11,7.5,11.5,8],"texture":"#2"},"up":{"uv":[3.25,4,3.75,4.25],"texture":"#2"}}},{"to":[8.37986,8.35137,8.16071],"rotation":{"origin":[8.00244,8.00925,7.99809],"angle":-22.5,"axis":"x"},"from":[8.30486,8.23137,8.13684],"faces":{"down":{"rotation":180,"uv":[4.25,8,4.75,8.25],"texture":"#2"},"east":{"uv":[11,7.5,11.5,8],"texture":"#2"},"up":{"uv":[7.5,4.25,8,4.5],"texture":"#2"}}},{"to":[8.37986,8.37529,7.91709],"rotation":{"origin":[8.00244,8.00925,7.99809],"angle":22.5,"axis":"x"},"from":[8.30486,8.25529,7.89322],"faces":{"down":{"uv":[4.25,8,4.75,8.25],"texture":"#2"},"east":{"uv":[11,7.5,11.5,8],"texture":"#2"},"up":{"uv":[5.5,4.25,6,4.5],"texture":"#2"}}},{"to":[8.37986,8.27223,8.25719],"rotation":{"origin":[8.00244,8.00925,7.99809],"angle":-45,"axis":"x"},"from":[8.30486,8.15223,8.23333],"faces":{"down":{"rotation":180,"uv":[2.75,9.25,3.25,9.5],"texture":"#2"},"east":{"uv":[11,7.5,11.5,8],"texture":"#2"},"up":{"rotation":180,"uv":[6.5,4.75,7,5],"texture":"#2"}}},{"to":[8.37986,8.31642,7.80705],"rotation":{"origin":[8.00244,8.00925,7.99809],"angle":45,"axis":"x"},"from":[8.30486,8.19642,7.78318],"faces":{"down":{"rotation":180,"uv":[2.75,9.25,3.25,9.75],"texture":"#2"},"east":{"uv":[11,7.5,11.5,8],"texture":"#2"},"up":{"uv":[8.5,4.75,9,5],"texture":"#2"}}},{"to":[8.37986,8.32723,7.96515],"rotation":{"origin":[8.00244,8.00925,7.99809],"angle":22.5,"axis":"x"},"from":[8.30486,8.30336,7.84515],"faces":{"east":{"rotation":90,"uv":[11,7.5,11.5,8],"texture":"#2"},"north":{"rotation":180,"uv":[5.5,11.5,6,11.75],"texture":"#2"},"south":{"rotation":180,"uv":[1.25,9.75,1.75,10],"texture":"#2"}}},{"to":[8.37986,8.30331,8.20877],"rotation":{"origin":[8.00244,8.00925,7.99809],"angle":-22.5,"axis":"x"},"from":[8.30486,8.27944,8.08877],"faces":{"east":{"rotation":270,"uv":[11,7.5,11.5,8],"texture":"#2"},"north":{"rotation":180,"uv":[2.5,10,3,10.5],"texture":"#2"},"south":{"rotation":180,"uv":[5.5,11.5,6,11.75],"texture":"#2"}}},{"to":[8.37986,8.3395,8.08934],"rotation":{"origin":[8.00244,8.00925,7.99809],"angle":0,"axis":"y"},"from":[8.30486,8.31563,7.96934],"faces":{"east":{"uv":[11,7.5,11.5,8],"texture":"#2"},"north":{"rotation":180,"uv":[5.5,11,6,11.25],"texture":"#2"},"south":{"rotation":180,"uv":[5.5,11,6,11.25],"texture":"#2"}}},{"to":[8.43236,8.38381,8.04053],"rotation":{"origin":[8.00244,8.00925,7.99809],"angle":0,"axis":"y"},"from":[8.37986,8.27131,8.01815],"faces":{"down":{"rotation":180,"uv":[7.75,8,8.25,8.25],"texture":"#2"},"east":{"uv":[11,7.5,11.5,8],"texture":"#2"},"up":{"uv":[3.25,4,3.75,4.25],"texture":"#2"}}},{"to":[8.43236,8.37154,7.91634],"rotation":{"origin":[8.00244,8.00925,7.99809],"angle":22.5,"axis":"x"},"from":[8.37986,8.25904,7.89396],"faces":{"down":{"uv":[4.25,8,4.75,8.25],"texture":"#2"},"east":{"uv":[11,7.5,11.5,8],"texture":"#2"},"up":{"uv":[12.75,2.25,13.25,2.5],"texture":"#2"}}},{"to":[8.43236,8.34762,8.15996],"rotation":{"origin":[8.00244,8.00925,7.99809],"angle":-22.5,"axis":"x"},"from":[8.37986,8.23512,8.13758],"faces":{"down":{"rotation":180,"uv":[4.25,8,4.75,8.25],"texture":"#2"},"east":{"uv":[11,7.5,11.5,8],"texture":"#2"},"up":{"uv":[8.5,4.25,9,4.5],"texture":"#2"}}},{"to":[8.43236,8.31267,7.8063],"rotation":{"origin":[8.00244,8.00925,7.99809],"angle":45,"axis":"x"},"from":[8.37986,8.20017,7.78392],"faces":{"down":{"rotation":180,"uv":[2.75,9.25,3.25,9.75],"texture":"#2"},"east":{"uv":[11,7.5,11.5,8],"texture":"#2"},"up":{"uv":[9.25,4.75,9.75,5],"texture":"#2"}}},{"to":[8.43236,8.26848,8.25645],"rotation":{"origin":[8.00244,8.00925,7.99809],"angle":-45,"axis":"x"},"from":[8.37986,8.15598,8.23407],"faces":{"down":{"rotation":180,"uv":[2.75,9.25,3.25,9.5],"texture":"#2"},"east":{"uv":[11,7.5,11.5,8],"texture":"#2"},"up":{"rotation":180,"uv":[5.75,4.75,6.25,5],"texture":"#2"}}},{"to":[8.43236,8.30256,8.20502],"rotation":{"origin":[8.00244,8.00925,7.99809],"angle":-22.5,"axis":"x"},"from":[8.37986,8.28018,8.09252],"faces":{"east":{"rotation":270,"uv":[11,7.5,11.5,8],"texture":"#2"},"north":{"rotation":180,"uv":[2.5,10,3,10.5],"texture":"#2"},"south":{"rotation":180,"uv":[6.25,11.5,6.75,11.75],"texture":"#2"}}},{"to":[8.43236,8.32648,7.9614],"rotation":{"origin":[8.00244,8.00925,7.99809],"angle":22.5,"axis":"x"},"from":[8.37986,8.3041,7.8489],"faces":{"east":{"rotation":90,"uv":[11,7.5,11.5,8],"texture":"#2"},"north":{"rotation":180,"uv":[4.75,11.5,5.25,11.75],"texture":"#2"},"south":{"rotation":180,"uv":[1.25,9.75,1.75,10],"texture":"#2"}}},{"to":[8.43236,8.33875,8.08559],"rotation":{"origin":[8.00244,8.00925,7.99809],"angle":0,"axis":"y"},"from":[8.37986,8.31637,7.97309],"faces":{"east":{"uv":[11,7.5,11.5,8],"texture":"#2"},"north":{"rotation":180,"uv":[6.5,11,7,11.25],"texture":"#2"},"south":{"rotation":180,"uv":[5.5,11,6,11.25],"texture":"#2"}}},{"to":[8.46611,8.38006,8.03978],"rotation":{"origin":[8.00244,8.00925,7.99809],"angle":0,"axis":"y"},"from":[8.43236,8.27506,8.0189],"faces":{"down":{"rotation":180,"uv":[7.75,8,8.25,8.25],"texture":"#2"},"east":{"uv":[11,7.5,11.5,8],"texture":"#2"},"up":{"uv":[3.25,4,3.75,4.25],"texture":"#2"}}},{"to":[8.46611,8.34387,8.15921],"rotation":{"origin":[8.00244,8.00925,7.99809],"angle":-22.5,"axis":"x"},"from":[8.43236,8.23887,8.13833],"faces":{"down":{"rotation":180,"uv":[4.25,8,4.75,8.25],"texture":"#2"},"east":{"uv":[11,7.5,11.5,8],"texture":"#2"},"up":{"uv":[8.75,4.25,9.25,4.5],"texture":"#2"}}},{"to":[8.46611,8.36779,7.91559],"rotation":{"origin":[8.00244,8.00925,7.99809],"angle":22.5,"axis":"x"},"from":[8.43236,8.26279,7.89471],"faces":{"down":{"uv":[4.25,8,4.75,8.25],"texture":"#2"},"east":{"uv":[11,7.5,11.5,8],"texture":"#2"},"up":{"uv":[10.5,2.75,11,3],"texture":"#2"}}},{"to":[8.46611,8.26473,8.2557],"rotation":{"origin":[8.00244,8.00925,7.99809],"angle":-45,"axis":"x"},"from":[8.43236,8.15973,8.23482],"faces":{"down":{"rotation":180,"uv":[2.75,9.25,3.25,9.5],"texture":"#2"},"east":{"uv":[11,7.5,11.5,8],"texture":"#2"},"up":{"rotation":180,"uv":[7.5,4.75,8,5],"texture":"#2"}}},{"to":[8.46611,8.32573,7.95765],"rotation":{"origin":[8.00244,8.00925,7.99809],"angle":22.5,"axis":"x"},"from":[8.43236,8.30485,7.85265],"faces":{"east":{"rotation":90,"uv":[11,7.5,11.5,8],"texture":"#2"},"north":{"rotation":180,"uv":[6.75,11.5,7.25,11.75],"texture":"#2"},"south":{"rotation":180,"uv":[1.25,9.75,1.75,10],"texture":"#2"}}},{"to":[8.46611,8.30892,7.80555],"rotation":{"origin":[8.00244,8.00925,7.99809],"angle":45,"axis":"x"},"from":[8.43236,8.20392,7.78467],"faces":{"down":{"rotation":180,"uv":[2.75,9.25,3.25,9.75],"texture":"#2"},"east":{"uv":[11,7.5,11.5,8],"texture":"#2"},"up":{"uv":[9,4.75,9.5,5],"texture":"#2"}}},{"to":[8.46611,8.30181,8.20127],"rotation":{"origin":[8.00244,8.00925,7.99809],"angle":-22.5,"axis":"x"},"from":[8.43236,8.28093,8.09627],"faces":{"east":{"rotation":270,"uv":[11,7.5,11.5,8],"texture":"#2"},"north":{"rotation":180,"uv":[2.5,10,3,10.5],"texture":"#2"},"south":{"rotation":180,"uv":[6.25,11.5,6.75,11.75],"texture":"#2"}}},{"to":[8.46611,8.338,8.08184],"rotation":{"origin":[8.00244,8.00925,7.99809],"angle":0,"axis":"y"},"from":[8.43236,8.31712,7.97684],"faces":{"east":{"uv":[11,7.5,11.5,8],"texture":"#2"},"north":{"rotation":180,"uv":[4.75,11,5.25,11.25],"texture":"#2"},"south":{"rotation":180,"uv":[5.5,11,6,11.25],"texture":"#2"}}},{"to":[8.48486,8.37631,8.03904],"rotation":{"origin":[8.00244,8.00925,7.99809],"angle":0,"axis":"y"},"from":[8.46611,8.27881,8.01964],"faces":{"down":{"rotation":180,"uv":[7.75,8,8.25,8.25],"texture":"#2"},"east":{"uv":[11,7.5,11.5,8],"texture":"#2"},"up":{"uv":[3.25,4,3.75,4.25],"texture":"#2"}}},{"to":[8.48486,8.36404,7.91485],"rotation":{"origin":[8.00244,8.00925,7.99809],"angle":22.5,"axis":"x"},"from":[8.46611,8.26654,7.89545],"faces":{"down":{"uv":[4.25,8,4.75,8.25],"texture":"#2"},"east":{"uv":[11,7.5,11.5,8],"texture":"#2"},"up":{"uv":[11.25,3.25,11.75,3.5],"texture":"#2"}}},{"to":[8.48486,8.34012,8.15847],"rotation":{"origin":[8.00244,8.00925,7.99809],"angle":-22.5,"axis":"x"},"from":[8.46611,8.24262,8.13907],"faces":{"down":{"rotation":180,"uv":[4.25,8,4.75,8.25],"texture":"#2"},"east":{"uv":[11,7.5,11.5,8],"texture":"#2"},"up":{"uv":[11,3,11.5,3.25],"texture":"#2"}}},{"to":[8.48486,8.30517,7.80481],"rotation":{"origin":[8.00244,8.00925,7.99809],"angle":45,"axis":"x"},"from":[8.46611,8.20767,7.78541],"faces":{"down":{"rotation":180,"uv":[2.75,9.25,3.25,9.75],"texture":"#2"},"east":{"uv":[11,7.5,11.5,8],"texture":"#2"},"up":{"uv":[6.5,4.75,7,5],"texture":"#2"}}},{"to":[8.48486,8.26098,8.25496],"rotation":{"origin":[8.00244,8.00925,7.99809],"angle":-45,"axis":"x"},"from":[8.46611,8.16348,8.23556],"faces":{"down":{"rotation":180,"uv":[2.75,9.25,3.25,9.5],"texture":"#2"},"east":{"uv":[11,7.5,11.5,8],"texture":"#2"},"up":{"rotation":180,"uv":[8,4.75,8.5,5],"texture":"#2"}}},{"to":[8.48486,8.30107,8.19752],"rotation":{"origin":[8.00244,8.00925,7.99809],"angle":-22.5,"axis":"x"},"from":[8.46611,8.28167,8.10002],"faces":{"east":{"rotation":270,"uv":[11,7.5,11.5,8],"texture":"#2"},"north":{"rotation":180,"uv":[2.5,10,3,10.5],"texture":"#2"},"south":{"rotation":180,"uv":[7.5,11.5,8,11.75],"texture":"#2"}}},{"to":[8.48486,8.32499,7.9539],"rotation":{"origin":[8.00244,8.00925,7.99809],"angle":22.5,"axis":"x"},"from":[8.46611,8.30559,7.8564],"faces":{"east":{"rotation":90,"uv":[11,7.5,11.5,8],"texture":"#2"},"north":{"rotation":180,"uv":[7,11.5,7.5,11.75],"texture":"#2"},"south":{"rotation":180,"uv":[1.25,9.75,1.75,10],"texture":"#2"}}},{"to":[8.48486,8.33726,8.07809],"rotation":{"origin":[8.00244,8.00925,7.99809],"angle":0,"axis":"y"},"from":[8.46611,8.31786,7.98059],"faces":{"east":{"uv":[11,7.5,11.5,8],"texture":"#2"},"north":{"rotation":180,"uv":[6.25,11,6.75,11.25],"texture":"#2"},"south":{"rotation":180,"uv":[5.5,11,6,11.25],"texture":"#2"}}},{"to":[8.38786,8.52951,8.04434],"rotation":{"origin":[8.00244,8.00925,7.99809],"angle":-22.5,"axis":"z"},"from":[8.30911,8.49951,8.01434],"faces":{"east":{"uv":[7.5,2,8,2.5],"texture":"#2"},"north":{"uv":[6,4.5,6.5,5],"texture":"#2"},"up":{"uv":[4,4,4.5,4.5],"texture":"#2"},"south":{"uv":[5.75,4.5,6.25,5],"texture":"#2"}}},{"to":[8.63148,8.10714,8.04434],"rotation":{"origin":[8.00244,8.00925,7.99809],"angle":22.5,"axis":"z"},"from":[8.55273,8.07714,8.01434],"faces":{"down":{"rotation":180,"uv":[15,8,15.5,8.5],"texture":"#2"},"east":{"uv":[7.5,2,8,2.5],"texture":"#2"},"north":{"rotation":180,"uv":[5,8,5.5,8.5],"texture":"#2"},"south":{"rotation":180,"uv":[5,8,5.5,8.5],"texture":"#2"}}},{"to":[8.49771,8.34256,8.25315],"rotation":{"origin":[8.00244,8.00925,7.99809],"angle":22.5,"axis":"y"},"from":[8.41896,8.31256,8.2194],"faces":{"down":{"rotation":180,"uv":[9,10.25,9.5,10.75],"texture":"#2"},"east":{"uv":[7.5,2,8,2.5],"texture":"#2"},"up":{"uv":[6.5,4.75,7,5.25],"texture":"#2"},"south":{"rotation":180,"uv":[4.75,11.25,5.25,11.75],"texture":"#2"}}},{"to":[8.52163,8.34256,7.83452],"rotation":{"origin":[8.00244,8.00925,7.99809],"angle":-22.5,"axis":"y"},"from":[8.44288,8.31256,7.80077],"faces":{"down":{"rotation":180,"uv":[9,10.25,9.5,10.75],"texture":"#2"},"east":{"uv":[7.5,2,8,2.5],"texture":"#2"},"north":{"rotation":180,"uv":[4.75,11.25,5.25,11.75],"texture":"#2"},"up":{"rotation":180,"uv":[6.5,4.75,7,5.25],"texture":"#2"}}},{"to":[7.30936,8.43069,8.04985],"rotation":{"origin":[8.00244,8.00925,7.99809],"angle":0,"axis":"y"},"from":[7.28873,8.22444,8.00883],"faces":{"down":{"rotation":180,"uv":[6.25,8,6.75,8.25],"texture":"#1"},"west":{"uv":[8.25,4,8.75,6],"texture":"#1"},"east":{"uv":[12.5,7.5,13,8],"texture":"#1"},"up":{"rotation":180,"uv":[3.5,3.75,4,4.25],"texture":"#1"}}},{"to":[7.30937,8.41841,7.92566],"rotation":{"origin":[8.00244,8.00925,7.99809],"angle":22.5,"axis":"x"},"from":[7.28874,8.21216,7.88463],"faces":{"down":{"rotation":180,"uv":[6.25,8,6.75,8.25],"texture":"#1"},"west":{"uv":[7.25,4,7.75,6],"texture":"#1"},"east":{"uv":[12.5,7.5,13,8],"texture":"#1"},"up":{"uv":[3.5,4.25,4,4.75],"texture":"#1"}}},{"to":[7.30937,8.39449,8.16928],"rotation":{"origin":[8.00244,8.00925,7.99809],"angle":-22.5,"axis":"x"},"from":[7.28874,8.18824,8.12825],"faces":{"down":{"rotation":180,"uv":[6.25,8,6.75,8.25],"texture":"#1"},"west":{"uv":[7.25,4,7.75,6],"texture":"#1"},"east":{"uv":[12.5,7.5,13,8],"texture":"#1"},"up":{"rotation":180,"uv":[3.5,4.25,4,4.75],"texture":"#1"}}},{"to":[7.30936,8.35955,7.81562],"rotation":{"origin":[8.00244,8.00925,7.99809],"angle":45,"axis":"x"},"from":[7.28873,8.1533,7.77459],"faces":{"down":{"rotation":180,"uv":[6.25,8,6.75,8.25],"texture":"#1"},"west":{"uv":[10.75,4.5,11.25,6.5],"texture":"#1"},"east":{"uv":[12.5,7.5,13,8],"texture":"#1"},"up":{"uv":[3.75,4.75,4.25,5.25],"texture":"#1"}}},{"to":[7.30936,8.31535,8.26577],"rotation":{"origin":[8.00244,8.00925,7.99809],"angle":-45,"axis":"x"},"from":[7.28873,8.1091,8.22474],"faces":{"down":{"rotation":180,"uv":[6.25,8,6.75,8.25],"texture":"#1"},"west":{"uv":[6.75,4.5,7.25,6.5],"texture":"#1"},"east":{"uv":[12.5,7.5,13,8],"texture":"#1"},"up":{"rotation":180,"uv":[7.75,4.75,8.25,5.25],"texture":"#1"}}},{"to":[7.30937,8.31188,8.25189],"rotation":{"origin":[8.00244,8.00925,7.99809],"angle":-22.5,"axis":"x"},"from":[7.28874,8.27085,8.04564],"faces":{"west":{"rotation":90,"uv":[0.5,4.75,1,6.75],"texture":"#1"},"east":{"rotation":270,"uv":[12.5,7.5,13,8],"texture":"#1"},"north":{"rotation":180,"uv":[6.75,8,7.25,8.5],"texture":"#1"},"south":{"uv":[5.25,5.5,5.75,6],"texture":"#1"}}},{"to":[7.30937,8.3358,8.00827],"rotation":{"origin":[8.00244,8.00925,7.99809],"angle":22.5,"axis":"x"},"from":[7.28874,8.29477,7.80202],"faces":{"west":{"rotation":270,"uv":[0.75,4.75,1.25,6.75],"texture":"#1"},"east":{"rotation":90,"uv":[12.5,7.5,13,8],"texture":"#1"},"north":{"uv":[6.75,5.5,7.25,6],"texture":"#1"},"south":{"rotation":180,"uv":[6,8,6.5,8.5],"texture":"#1"}}},{"to":[7.30936,8.34807,8.13247],"rotation":{"origin":[8.00244,8.00925,7.99809],"angle":0,"axis":"y"},"from":[7.28873,8.30705,7.92622],"faces":{"west":{"rotation":90,"uv":[7.25,9.5,7.75,11.5],"texture":"#1"},"east":{"uv":[12.5,7.5,13,8],"texture":"#1"},"north":{"rotation":180,"uv":[4.25,8.25,4.75,8.75],"texture":"#1"},"south":{"rotation":180,"uv":[6.25,8.25,6.75,8.75],"texture":"#1"}}},{"to":[7.34236,8.41006,8.04575],"rotation":{"origin":[8.00244,8.00925,7.99809],"angle":0,"axis":"y"},"from":[7.30936,8.24506,8.01293],"faces":{"down":{"uv":[5.75,8,6.25,8.25],"texture":"#1"},"up":{"rotation":180,"uv":[10,2.75,10.5,3.25],"texture":"#1"}}},{"to":[7.34236,8.39779,7.92156],"rotation":{"origin":[8.00244,8.00925,7.99809],"angle":22.5,"axis":"x"},"from":[7.30936,8.23279,7.88874],"faces":{"down":{"uv":[5.75,8,6.25,8.25],"texture":"#1"},"up":{"rotation":180,"uv":[11,2.5,11.5,3],"texture":"#1"}}},{"to":[7.34236,8.37387,8.16518],"rotation":{"origin":[8.00244,8.00925,7.99809],"angle":-22.5,"axis":"x"},"from":[7.30936,8.20887,8.13236],"faces":{"down":{"uv":[5.75,8,6.25,8.25],"texture":"#1"},"up":{"rotation":180,"uv":[8.5,4,9,4.5],"texture":"#1"}}},{"to":[7.34236,8.33893,7.81151],"rotation":{"origin":[8.00244,8.00925,7.99809],"angle":45,"axis":"x"},"from":[7.30936,8.17393,7.77869],"faces":{"down":{"uv":[5.75,8,6.25,8.25],"texture":"#1"},"up":{"uv":[3.25,4.25,3.75,4.75],"texture":"#1"}}},{"to":[7.34236,8.30778,8.23127],"rotation":{"origin":[8.00244,8.00925,7.99809],"angle":-22.5,"axis":"x"},"from":[7.30936,8.27496,8.06627],"faces":{"north":{"rotation":180,"uv":[3,8,3.5,8.5],"texture":"#1"},"south":{"uv":[3.25,4.75,3.75,5.25],"texture":"#1"}}},{"to":[7.34236,8.29473,8.26167],"rotation":{"origin":[8.00244,8.00925,7.99809],"angle":-45,"axis":"x"},"from":[7.30936,8.12973,8.22885],"faces":{"down":{"uv":[5.75,8,6.25,8.25],"texture":"#1"},"up":{"rotation":180,"uv":[3.25,4.25,3.75,4.75],"texture":"#1"}}},{"to":[7.34236,8.3317,7.98765],"rotation":{"origin":[8.00244,8.00925,7.99809],"angle":22.5,"axis":"x"},"from":[7.30936,8.29888,7.82265],"faces":{"north":{"uv":[3.25,4.75,3.75,5.25],"texture":"#1"},"south":{"rotation":180,"uv":[3,8,3.5,8.5],"texture":"#1"}}},{"to":[7.34236,8.12257,8.08027],"rotation":{"origin":[8.00244,8.00925,7.99809],"angle":-45,"axis":"x"},"from":[7.30936,8.08975,7.91527],"faces":{"north":{"uv":[3.25,5.25,3.75,5.75],"texture":"#1"},"south":{"uv":[3.25,5.25,3.75,5.75],"texture":"#1"}}},{"to":[8.19855,8.19279,8.03365],"rotation":{"origin":[8.00244,8.00925,7.99809],"angle":-45,"axis":"x"},"from":[8.15936,8.01954,7.96189],"faces":{"down":{"uv":[6.25,7.75,6.75,8.5],"texture":"#1"},"east":{"uv":[9.5,7.25,10.25,8.25],"texture":"#1"},"up":{"rotation":180,"uv":[1.25,3.75,1.75,4.5],"texture":"#1"}}},{"to":[7.28875,8.11642,8.04933],"rotation":{"origin":[8.00244,8.00925,7.99809],"angle":-45,"axis":"x"},"from":[7.2805,8.0959,7.94621],"faces":{"west":{"uv":[6.25,4.5,6.75,5],"texture":"#0"},"north":{"uv":[6.25,4.5,6.5,5],"texture":"#0"},"south":{"uv":[6.25,4.5,6.5,5],"texture":"#0"}}},{"to":[7.28874,8.10893,8.01227],"rotation":{"origin":[8.00244,8.00925,7.99809],"angle":-22.5,"axis":"x"},"from":[7.28049,8.08841,7.90915],"faces":{"west":{"rotation":270,"uv":[9.25,4.5,9.75,5.25],"texture":"#0"},"north":{"uv":[7.25,4.25,7.5,4.75],"texture":"#0"},"south":{"uv":[6.25,5,6.5,5.5],"texture":"#0"}}},{"to":[7.28874,8.09761,7.91869],"rotation":{"origin":[8.00244,8.00925,7.99809],"angle":22.5,"axis":"x"},"from":[7.28049,7.99449,7.89817],"faces":{"down":{"rotation":180,"uv":[6.25,5,6.5,5.5],"texture":"#0"},"west":{"uv":[9,4.5,9.5,5.25],"texture":"#0"},"up":{"uv":[7.25,4.25,7.5,4.75],"texture":"#0"}}},{"to":[7.28875,8.08782,7.9809],"rotation":{"origin":[8.00244,8.00925,7.99809],"angle":0,"axis":"x"},"from":[7.2805,8.0673,7.87778],"faces":{"west":{"rotation":270,"uv":[6.25,4.5,6.75,5.25],"texture":"#0"},"north":{"uv":[8.25,4.5,8.5,5],"texture":"#0"},"south":{"uv":[6,5.5,6.25,6],"texture":"#0"}}},{"to":[7.28875,8.12912,7.9396],"rotation":{"origin":[8.00244,8.00925,7.99809],"angle":0,"axis":"x"},"from":[7.2805,8.026,7.91908],"faces":{"down":{"rotation":180,"uv":[6,5.5,6.25,6],"texture":"#0"},"west":{"uv":[6.25,4.5,6.75,5.25],"texture":"#0"},"up":{"uv":[3.75,4,4,4.5],"texture":"#0"}}},{"to":[7.28874,8.05631,7.95999],"rotation":{"origin":[8.00244,8.00925,7.99809],"angle":22.5,"axis":"x"},"from":[7.28049,8.03579,7.85687],"faces":{"west":{"rotation":270,"uv":[5.25,4.5,5.75,5.25],"texture":"#0"},"north":{"uv":[7.25,4.25,7.5,4.75],"texture":"#0"},"south":{"rotation":180,"uv":[9,8,9.25,8.5],"texture":"#0"}}},{"to":[7.28874,8.15023,7.97097],"rotation":{"origin":[8.00244,8.00925,7.99809],"angle":-22.5,"axis":"x"},"from":[7.28049,8.04711,7.95045],"faces":{"down":{"uv":[9,8,9.25,8.5],"texture":"#0"},"west":{"uv":[5.25,4.5,5.75,5.25],"texture":"#0"},"up":{"uv":[3.25,4,3.5,4.5],"texture":"#0"}}},{"to":[7.28875,8.15772,8.00803],"rotation":{"origin":[8.00244,8.00925,7.99809],"angle":-45,"axis":"x"},"from":[7.2805,8.0546,7.98751],"faces":{"down":{"uv":[9.5,8,9.75,8.25],"texture":"#0"},"west":{"uv":[6.25,4.5,6.75,5.25],"texture":"#0"},"up":{"uv":[3.25,4,3.5,4.5],"texture":"#0"}}},{"to":[8.15936,8.2018,7.98122],"rotation":{"origin":[8.00244,8.00925,7.99809],"angle":-22.5,"axis":"x"},"from":[7.33824,7.99555,7.9402],"faces":{"down":{"rotation":180,"uv":[3,9,7,9.5],"texture":"#1"},"west":{"uv":[12.5,7.5,13,8],"texture":"#1"},"east":{"uv":[9.5,7.25,10.25,8.25],"texture":"#1"},"up":{"uv":[2,3.75,6,4.25],"texture":"#1"}}},{"to":[8.15936,8.06656,8.01155],"rotation":{"origin":[8.00244,8.00925,7.99809],"angle":22.5,"axis":"x"},"from":[7.33824,8.02554,7.8053],"faces":{"west":{"rotation":270,"uv":[12.5,7.5,13,8],"texture":"#1"},"east":{"rotation":90,"uv":[9.5,7.25,10.25,8.25],"texture":"#1"},"north":{"rotation":180,"uv":[6.25,3,10.25,3.5],"texture":"#1"},"south":{"rotation":180,"uv":[3.5,8,7.5,8.5],"texture":"#1"}}},{"to":[8.15936,8.18068,7.94985],"rotation":{"origin":[8.00244,8.00925,7.99809],"angle":0,"axis":"x"},"from":[7.33824,7.97443,7.90883],"faces":{"down":{"rotation":180,"uv":[5.75,5.5,9.75,6],"texture":"#1"},"west":{"uv":[12.5,7.5,13,8],"texture":"#1"},"east":{"uv":[9.5,7.25,10.25,8.25],"texture":"#1"},"up":{"uv":[5.25,4.25,9.25,4.75],"texture":"#1"}}},{"to":[8.15936,8.09807,8.03247],"rotation":{"origin":[8.00244,8.00925,7.99809],"angle":0,"axis":"x"},"from":[7.33824,8.05705,7.82622],"faces":{"west":{"rotation":270,"uv":[12.5,7.5,13,8],"texture":"#1"},"east":{"rotation":90,"uv":[9.5,7.25,10.25,8.25],"texture":"#1"},"north":{"uv":[1.25,4.5,5.25,5],"texture":"#1"},"south":{"uv":[4.5,5.5,8.5,6],"texture":"#1"}}},{"to":[8.15936,8.14917,7.92894],"rotation":{"origin":[8.00244,8.00925,7.99809],"angle":22.5,"axis":"x"},"from":[7.33824,7.94292,7.88792],"faces":{"down":{"rotation":180,"uv":[6.25,5,10.25,5.5],"texture":"#1"},"west":{"uv":[12.5,7.5,13,8],"texture":"#1"},"east":{"rotation":90,"uv":[9.5,7.25,10.25,7.75],"texture":"#1"},"up":{"uv":[5.25,4.75,9.25,5.25],"texture":"#1"}}},{"to":[8.15936,8.11918,8.06384],"rotation":{"origin":[8.00244,8.00925,7.99809],"angle":-22.5,"axis":"x"},"from":[7.33824,8.07816,7.85759],"faces":{"west":{"rotation":270,"uv":[12.5,7.5,13,8],"texture":"#1"},"east":{"uv":[9.5,7.25,10.25,7.75],"texture":"#1"},"north":{"rotation":180,"uv":[5.75,11.75,9.75,12.25],"texture":"#1"},"south":{"uv":[6.25,5,10.25,5.5],"texture":"#1"}}},{"to":[8.15936,8.12667,8.1009],"rotation":{"origin":[8.00244,8.00925,7.99809],"angle":-45,"axis":"x"},"from":[7.33824,8.08565,7.89465],"faces":{"west":{"uv":[12.5,7.5,13,8],"texture":"#1"},"north":{"uv":[3,12.25,7,12.75],"texture":"#1"},"south":{"uv":[0,12,4,12.5],"texture":"#1"}}},{"to":[8.18494,8.22768,7.94985],"rotation":{"origin":[8.00244,8.00925,7.99809],"angle":-22.5,"axis":"z"},"from":[8.08182,8.14518,7.90883],"faces":{"north":{"rotation":180,"uv":[10.5,2.75,11,3.25],"texture":"#1"},"up":{"uv":[2,3.25,2.75,3.75],"texture":"#1"},"south":{"rotation":180,"uv":[10.5,2.75,11,3.25],"texture":"#1"}}},{"to":[8.23722,7.99953,7.94985],"rotation":{"origin":[8.00244,8.00925,7.99809],"angle":22.5,"axis":"z"},"from":[8.1341,7.91703,7.90883],"faces":{"down":{"rotation":180,"uv":[5.5,7.75,6.25,8.25],"texture":"#1"},"north":{"rotation":180,"uv":[7.5,8,7.75,8.25],"texture":"#1"},"south":{"rotation":180,"uv":[7.5,8,7.75,8.25],"texture":"#1"}}},{"to":[8.23739,8.09807,8.0899],"rotation":{"origin":[8.00244,8.00925,7.99809],"angle":22.5,"axis":"y"},"from":[8.13426,8.05705,8.0074],"faces":{"down":{"rotation":180,"uv":[4.5,12,5,12.5],"texture":"#1"},"up":{"rotation":180,"uv":[4.5,12,5,12.5],"texture":"#1"},"south":{"uv":[0,12,0.75,12.5],"texture":"#1"}}},{"to":[8.18477,8.09807,7.86174],"rotation":{"origin":[8.00244,8.00925,7.99809],"angle":-22.5,"axis":"y"},"from":[8.08164,8.05705,7.77924],"faces":{"down":{"rotation":180,"uv":[4.5,12,5,12.5],"texture":"#1"},"north":{"uv":[0,12,0.75,12.5],"texture":"#1"},"up":{"rotation":180,"uv":[4.5,12,5,12.5],"texture":"#1"}}},{"to":[8.15936,8.20929,8.01828],"rotation":{"origin":[8.00244,8.00925,7.99809],"angle":-45,"axis":"x"},"from":[7.33824,8.00304,7.97726],"faces":{"down":{"rotation":180,"uv":[5.5,7.75,9.5,8.25],"texture":"#1"},"west":{"uv":[12.5,7.5,13,8],"texture":"#1"},"up":{"uv":[8.5,3.25,12.5,3.75],"texture":"#1"}}},{"to":[8.19855,8.11344,8.01597],"rotation":{"origin":[8.00244,8.00925,7.99809],"angle":0,"axis":"x"},"from":[8.15936,8.04168,7.84272],"faces":{"east":{"rotation":90,"uv":[9.5,7.25,10.25,8.25],"texture":"#1"},"north":{"uv":[1.25,4.25,1.75,5],"texture":"#1"},"south":{"rotation":180,"uv":[2,5.75,2.5,6.5],"texture":"#1"}}},{"to":[8.19855,8.16418,7.96522],"rotation":{"origin":[8.00244,8.00925,7.99809],"angle":0,"axis":"x"},"from":[8.15936,7.99093,7.89346],"faces":{"down":{"uv":[2,5.75,2.5,6.5],"texture":"#1"},"east":{"uv":[9.5,7.25,10.25,8.25],"texture":"#1"},"up":{"uv":[1.25,4.25,1.75,5],"texture":"#1"}}},{"to":[8.19855,8.14204,8.0844],"rotation":{"origin":[8.00244,8.00925,7.99809],"angle":-45,"axis":"x"},"from":[8.15936,8.07028,7.91115],"faces":{"east":{"uv":[9.5,7.25,10.25,8.25],"texture":"#1"},"north":{"uv":[3,4.75,3.5,5.5],"texture":"#1"},"south":{"uv":[3,4.75,3.5,5.5],"texture":"#1"}}},{"to":[8.33236,8.17179,8.01082],"rotation":{"origin":[8.00244,8.00925,7.99809],"angle":-45,"axis":"x"},"from":[8.18236,8.04054,7.98472],"faces":{"down":{"rotation":180,"uv":[7.25,8,8.25,8.25],"texture":"#1"},"east":{"uv":[5.25,10.5,5.75,11],"texture":"#1"},"up":{"rotation":180,"uv":[3.5,4,4.5,4.25],"texture":"#1"}}},{"to":[8.33236,8.16429,7.97376],"rotation":{"origin":[8.00244,8.00925,7.99809],"angle":-22.5,"axis":"x"},"from":[8.18236,8.03304,7.94766],"faces":{"down":{"rotation":180,"uv":[5.25,7.75,6.25,8],"texture":"#1"},"east":{"uv":[5.25,10.5,5.75,11],"texture":"#1"},"up":{"rotation":180,"uv":[5.25,4.25,6.25,4.5],"texture":"#1"}}},{"to":[8.33236,8.0591,7.97405],"rotation":{"origin":[8.00244,8.00925,7.99809],"angle":22.5,"axis":"x"},"from":[8.18236,8.033,7.8428],"faces":{"east":{"rotation":90,"uv":[5.25,10.5,5.75,11],"texture":"#1"},"north":{"uv":[4.75,4.25,5.75,4.5],"texture":"#1"},"south":{"rotation":180,"uv":[2.5,8.25,3.5,8.5],"texture":"#1"}}},{"to":[8.33236,8.14318,7.94239],"rotation":{"origin":[8.00244,8.00925,7.99809],"angle":0,"axis":"x"},"from":[8.18236,8.01193,7.91629],"faces":{"down":{"rotation":180,"uv":[4.75,5.5,5.75,5.75],"texture":"#1"},"east":{"uv":[5.25,10.5,5.75,11],"texture":"#1"},"up":{"rotation":180,"uv":[6.75,4.5,7.75,4.75],"texture":"#1"}}},{"to":[8.33236,8.09061,7.99496],"rotation":{"origin":[8.00244,8.00925,7.99809],"angle":0,"axis":"x"},"from":[8.18236,8.06451,7.86371],"faces":{"east":{"rotation":90,"uv":[5.25,10.5,5.75,11],"texture":"#1"},"north":{"uv":[1.25,4.25,2.25,4.5],"texture":"#1"},"south":{"rotation":180,"uv":[4.25,5.75,5.25,6],"texture":"#1"}}},{"to":[8.33236,8.11167,7.92148],"rotation":{"origin":[8.00244,8.00925,7.99809],"angle":22.5,"axis":"x"},"from":[8.18236,7.98042,7.89538],"faces":{"down":{"uv":[3,5.25,4,5.5],"texture":"#1"},"east":{"rotation":90,"uv":[5.25,10.5,5.75,11],"texture":"#1"},"up":{"rotation":180,"uv":[6.75,4.75,7.75,5],"texture":"#1"}}},{"to":[8.33236,8.11172,8.02633],"rotation":{"origin":[8.00244,8.00925,7.99809],"angle":-22.5,"axis":"x"},"from":[8.18236,8.08562,7.89508],"faces":{"east":{"uv":[5.25,10.5,5.75,11],"texture":"#1"},"north":{"rotation":180,"uv":[1.5,4.75,2.5,5],"texture":"#1"},"south":{"rotation":180,"uv":[8,5.25,9,5.5],"texture":"#1"}}},{"to":[8.33236,8.11921,8.0634],"rotation":{"origin":[8.00244,8.00925,7.99809],"angle":-45,"axis":"x"},"from":[8.18236,8.09311,7.93215],"faces":{"east":{"uv":[5.25,10.5,5.75,11],"texture":"#1"},"north":{"rotation":180,"uv":[2,5,3,5.25],"texture":"#1"},"south":{"rotation":180,"uv":[5,5,6,5.25],"texture":"#1"}}},{"to":[8.37986,8.13756,7.94128],"rotation":{"origin":[8.00244,8.00925,7.99809],"angle":0,"axis":"y"},"from":[8.30486,8.01756,7.91741],"faces":{"down":{"rotation":180,"uv":[7.75,8,8.25,8.25],"texture":"#2"},"east":{"uv":[11,7.5,11.5,8],"texture":"#2"},"up":{"uv":[3.25,4,3.75,4.25],"texture":"#2"}}},{"to":[8.37986,8.15867,7.97265],"rotation":{"origin":[8.00244,8.00925,7.99809],"angle":-22.5,"axis":"x"},"from":[8.30486,8.03867,7.94878],"faces":{"down":{"rotation":180,"uv":[4.25,8,4.75,8.25],"texture":"#2"},"east":{"uv":[11,7.5,11.5,8],"texture":"#2"},"up":{"uv":[7.5,4.25,8,4.5],"texture":"#2"}}},{"to":[8.37986,8.10605,7.92037],"rotation":{"origin":[8.00244,8.00925,7.99809],"angle":22.5,"axis":"x"},"from":[8.30486,7.98605,7.8965],"faces":{"down":{"uv":[4.25,8,4.75,8.25],"texture":"#2"},"east":{"uv":[11,7.5,11.5,8],"texture":"#2"},"up":{"uv":[5.5,4.25,6,4.5],"texture":"#2"}}},{"to":[8.37986,8.16616,8.0097],"rotation":{"origin":[8.00244,8.00925,7.99809],"angle":-45,"axis":"x"},"from":[8.30486,8.04616,7.98584],"faces":{"down":{"rotation":180,"uv":[2.75,9.25,3.25,9.5],"texture":"#2"},"east":{"uv":[11,7.5,11.5,8],"texture":"#2"},"up":{"rotation":180,"uv":[6.5,4.75,7,5],"texture":"#2"}}},{"to":[8.37986,8.06894,7.91311],"rotation":{"origin":[8.00244,8.00925,7.99809],"angle":45,"axis":"x"},"from":[8.30486,7.94894,7.88924],"faces":{"down":{"rotation":180,"uv":[2.75,9.25,3.25,9.75],"texture":"#2"},"east":{"uv":[11,7.5,11.5,8],"texture":"#2"},"up":{"uv":[8.5,4.75,9,5],"texture":"#2"}}},{"to":[8.37986,8.05799,7.96843],"rotation":{"origin":[8.00244,8.00925,7.99809],"angle":22.5,"axis":"x"},"from":[8.30486,8.03412,7.84843],"faces":{"east":{"rotation":90,"uv":[11,7.5,11.5,8],"texture":"#2"},"north":{"rotation":180,"uv":[5.5,11.5,6,11.75],"texture":"#2"},"south":{"rotation":180,"uv":[1.25,9.75,1.75,10],"texture":"#2"}}},{"to":[8.37986,8.11061,8.02071],"rotation":{"origin":[8.00244,8.00925,7.99809],"angle":-22.5,"axis":"x"},"from":[8.30486,8.08674,7.90071],"faces":{"east":{"rotation":270,"uv":[11,7.5,11.5,8],"texture":"#2"},"north":{"rotation":180,"uv":[2.5,10,3,10.5],"texture":"#2"},"south":{"rotation":180,"uv":[5.5,11.5,6,11.75],"texture":"#2"}}},{"to":[8.37986,8.0895,7.98934],"rotation":{"origin":[8.00244,8.00925,7.99809],"angle":0,"axis":"y"},"from":[8.30486,8.06563,7.86934],"faces":{"east":{"uv":[11,7.5,11.5,8],"texture":"#2"},"north":{"rotation":180,"uv":[5.5,11,6,11.25],"texture":"#2"},"south":{"rotation":180,"uv":[5.5,11,6,11.25],"texture":"#2"}}},{"to":[8.43236,8.13381,7.94053],"rotation":{"origin":[8.00244,8.00925,7.99809],"angle":0,"axis":"y"},"from":[8.37986,8.02131,7.91815],"faces":{"down":{"rotation":180,"uv":[7.75,8,8.25,8.25],"texture":"#2"},"east":{"uv":[11,7.5,11.5,8],"texture":"#2"},"up":{"uv":[3.25,4,3.75,4.25],"texture":"#2"}}},{"to":[8.43236,8.1023,7.91962],"rotation":{"origin":[8.00244,8.00925,7.99809],"angle":22.5,"axis":"x"},"from":[8.37986,7.9898,7.89724],"faces":{"down":{"uv":[4.25,8,4.75,8.25],"texture":"#2"},"east":{"uv":[11,7.5,11.5,8],"texture":"#2"},"up":{"uv":[12.75,2.25,13.25,2.5],"texture":"#2"}}},{"to":[8.43236,8.15492,7.9719],"rotation":{"origin":[8.00244,8.00925,7.99809],"angle":-22.5,"axis":"x"},"from":[8.37986,8.04242,7.94952],"faces":{"down":{"rotation":180,"uv":[4.25,8,4.75,8.25],"texture":"#2"},"east":{"uv":[11,7.5,11.5,8],"texture":"#2"},"up":{"uv":[8.5,4.25,9,4.5],"texture":"#2"}}},{"to":[8.43236,8.06519,7.91236],"rotation":{"origin":[8.00244,8.00925,7.99809],"angle":45,"axis":"x"},"from":[8.37986,7.95269,7.88998],"faces":{"down":{"rotation":180,"uv":[2.75,9.25,3.25,9.75],"texture":"#2"},"east":{"uv":[11,7.5,11.5,8],"texture":"#2"},"up":{"uv":[9.25,4.75,9.75,5],"texture":"#2"}}},{"to":[8.43236,8.16241,8.00896],"rotation":{"origin":[8.00244,8.00925,7.99809],"angle":-45,"axis":"x"},"from":[8.37986,8.04991,7.98658],"faces":{"down":{"rotation":180,"uv":[2.75,9.25,3.25,9.5],"texture":"#2"},"east":{"uv":[11,7.5,11.5,8],"texture":"#2"},"up":{"rotation":180,"uv":[5.75,4.75,6.25,5],"texture":"#2"}}},{"to":[8.43236,8.10986,8.01696],"rotation":{"origin":[8.00244,8.00925,7.99809],"angle":-22.5,"axis":"x"},"from":[8.37986,8.08748,7.90446],"faces":{"east":{"rotation":270,"uv":[11,7.5,11.5,8],"texture":"#2"},"north":{"rotation":180,"uv":[2.5,10,3,10.5],"texture":"#2"},"south":{"rotation":180,"uv":[6.25,11.5,6.75,11.75],"texture":"#2"}}},{"to":[8.43236,8.05724,7.96468],"rotation":{"origin":[8.00244,8.00925,7.99809],"angle":22.5,"axis":"x"},"from":[8.37986,8.03486,7.85218],"faces":{"east":{"rotation":90,"uv":[11,7.5,11.5,8],"texture":"#2"},"north":{"rotation":180,"uv":[4.75,11.5,5.25,11.75],"texture":"#2"},"south":{"rotation":180,"uv":[1.25,9.75,1.75,10],"texture":"#2"}}},{"to":[8.43236,8.08875,7.98559],"rotation":{"origin":[8.00244,8.00925,7.99809],"angle":0,"axis":"y"},"from":[8.37986,8.06637,7.87309],"faces":{"east":{"uv":[11,7.5,11.5,8],"texture":"#2"},"north":{"rotation":180,"uv":[6.5,11,7,11.25],"texture":"#2"},"south":{"rotation":180,"uv":[5.5,11,6,11.25],"texture":"#2"}}},{"to":[8.46611,8.13006,7.93978],"rotation":{"origin":[8.00244,8.00925,7.99809],"angle":0,"axis":"y"},"from":[8.43236,8.02506,7.9189],"faces":{"down":{"rotation":180,"uv":[7.75,8,8.25,8.25],"texture":"#2"},"east":{"uv":[11,7.5,11.5,8],"texture":"#2"},"up":{"uv":[3.25,4,3.75,4.25],"texture":"#2"}}},{"to":[8.46611,8.15117,7.97115],"rotation":{"origin":[8.00244,8.00925,7.99809],"angle":-22.5,"axis":"x"},"from":[8.43236,8.04617,7.95027],"faces":{"down":{"rotation":180,"uv":[4.25,8,4.75,8.25],"texture":"#2"},"east":{"uv":[11,7.5,11.5,8],"texture":"#2"},"up":{"uv":[8.75,4.25,9.25,4.5],"texture":"#2"}}},{"to":[8.46611,8.09855,7.91887],"rotation":{"origin":[8.00244,8.00925,7.99809],"angle":22.5,"axis":"x"},"from":[8.43236,7.99355,7.89799],"faces":{"down":{"uv":[4.25,8,4.75,8.25],"texture":"#2"},"east":{"uv":[11,7.5,11.5,8],"texture":"#2"},"up":{"uv":[10.5,2.75,11,3],"texture":"#2"}}},{"to":[8.46611,8.15866,8.00821],"rotation":{"origin":[8.00244,8.00925,7.99809],"angle":-45,"axis":"x"},"from":[8.43236,8.05366,7.98733],"faces":{"down":{"rotation":180,"uv":[2.75,9.25,3.25,9.5],"texture":"#2"},"east":{"uv":[11,7.5,11.5,8],"texture":"#2"},"up":{"rotation":180,"uv":[7.5,4.75,8,5],"texture":"#2"}}},{"to":[8.46611,8.05649,7.96093],"rotation":{"origin":[8.00244,8.00925,7.99809],"angle":22.5,"axis":"x"},"from":[8.43236,8.03561,7.85593],"faces":{"east":{"rotation":90,"uv":[11,7.5,11.5,8],"texture":"#2"},"north":{"rotation":180,"uv":[6.75,11.5,7.25,11.75],"texture":"#2"},"south":{"rotation":180,"uv":[1.25,9.75,1.75,10],"texture":"#2"}}},{"to":[8.46611,8.06144,7.91161],"rotation":{"origin":[8.00244,8.00925,7.99809],"angle":45,"axis":"x"},"from":[8.43236,7.95644,7.89073],"faces":{"down":{"rotation":180,"uv":[2.75,9.25,3.25,9.75],"texture":"#2"},"east":{"uv":[11,7.5,11.5,8],"texture":"#2"},"up":{"uv":[9,4.75,9.5,5],"texture":"#2"}}},{"to":[8.46611,8.10911,8.01321],"rotation":{"origin":[8.00244,8.00925,7.99809],"angle":-22.5,"axis":"x"},"from":[8.43236,8.08823,7.90821],"faces":{"east":{"rotation":270,"uv":[11,7.5,11.5,8],"texture":"#2"},"north":{"rotation":180,"uv":[2.5,10,3,10.5],"texture":"#2"},"south":{"rotation":180,"uv":[6.25,11.5,6.75,11.75],"texture":"#2"}}},{"to":[8.46611,8.088,7.98184],"rotation":{"origin":[8.00244,8.00925,7.99809],"angle":0,"axis":"y"},"from":[8.43236,8.06712,7.87684],"faces":{"east":{"uv":[11,7.5,11.5,8],"texture":"#2"},"north":{"rotation":180,"uv":[4.75,11,5.25,11.25],"texture":"#2"},"south":{"rotation":180,"uv":[5.5,11,6,11.25],"texture":"#2"}}},{"to":[8.48486,8.12631,7.93904],"rotation":{"origin":[8.00244,8.00925,7.99809],"angle":0,"axis":"y"},"from":[8.46611,8.02881,7.91964],"faces":{"down":{"rotation":180,"uv":[7.75,8,8.25,8.25],"texture":"#2"},"east":{"uv":[11,7.5,11.5,8],"texture":"#2"},"up":{"uv":[3.25,4,3.75,4.25],"texture":"#2"}}},{"to":[8.48486,8.0948,7.91813],"rotation":{"origin":[8.00244,8.00925,7.99809],"angle":22.5,"axis":"x"},"from":[8.46611,7.9973,7.89873],"faces":{"down":{"uv":[4.25,8,4.75,8.25],"texture":"#2"},"east":{"uv":[11,7.5,11.5,8],"texture":"#2"},"up":{"uv":[11.25,3.25,11.75,3.5],"texture":"#2"}}},{"to":[8.48486,8.14742,7.97041],"rotation":{"origin":[8.00244,8.00925,7.99809],"angle":-22.5,"axis":"x"},"from":[8.46611,8.04992,7.95101],"faces":{"down":{"rotation":180,"uv":[4.25,8,4.75,8.25],"texture":"#2"},"east":{"uv":[11,7.5,11.5,8],"texture":"#2"},"up":{"uv":[11,3,11.5,3.25],"texture":"#2"}}},{"to":[8.48486,8.05769,7.91087],"rotation":{"origin":[8.00244,8.00925,7.99809],"angle":45,"axis":"x"},"from":[8.46611,7.96019,7.89147],"faces":{"down":{"rotation":180,"uv":[2.75,9.25,3.25,9.75],"texture":"#2"},"east":{"uv":[11,7.5,11.5,8],"texture":"#2"},"up":{"uv":[6.5,4.75,7,5],"texture":"#2"}}},{"to":[8.48486,8.15491,8.00747],"rotation":{"origin":[8.00244,8.00925,7.99809],"angle":-45,"axis":"x"},"from":[8.46611,8.05741,7.98807],"faces":{"down":{"rotation":180,"uv":[2.75,9.25,3.25,9.5],"texture":"#2"},"east":{"uv":[11,7.5,11.5,8],"texture":"#2"},"up":{"rotation":180,"uv":[8,4.75,8.5,5],"texture":"#2"}}},{"to":[8.48486,8.10837,8.00946],"rotation":{"origin":[8.00244,8.00925,7.99809],"angle":-22.5,"axis":"x"},"from":[8.46611,8.08897,7.91196],"faces":{"east":{"rotation":270,"uv":[11,7.5,11.5,8],"texture":"#2"},"north":{"rotation":180,"uv":[2.5,10,3,10.5],"texture":"#2"},"south":{"rotation":180,"uv":[7.5,11.5,8,11.75],"texture":"#2"}}},{"to":[8.48486,8.05575,7.95718],"rotation":{"origin":[8.00244,8.00925,7.99809],"angle":22.5,"axis":"x"},"from":[8.46611,8.03635,7.85968],"faces":{"east":{"rotation":90,"uv":[11,7.5,11.5,8],"texture":"#2"},"north":{"rotation":180,"uv":[7,11.5,7.5,11.75],"texture":"#2"},"south":{"rotation":180,"uv":[1.25,9.75,1.75,10],"texture":"#2"}}},{"to":[8.48486,8.08726,7.97809],"rotation":{"origin":[8.00244,8.00925,7.99809],"angle":0,"axis":"y"},"from":[8.46611,8.06786,7.88059],"faces":{"east":{"uv":[11,7.5,11.5,8],"texture":"#2"},"north":{"rotation":180,"uv":[6.25,11,6.75,11.25],"texture":"#2"},"south":{"rotation":180,"uv":[5.5,11,6,11.25],"texture":"#2"}}},{"to":[8.48353,8.29855,7.94434],"rotation":{"origin":[8.00244,8.00925,7.99809],"angle":-22.5,"axis":"z"},"from":[8.40478,8.26855,7.91434],"faces":{"east":{"uv":[7.5,2,8,2.5],"texture":"#2"},"north":{"uv":[6,4.5,6.5,5],"texture":"#2"},"up":{"uv":[4,4,4.5,4.5],"texture":"#2"},"south":{"uv":[5.75,4.5,6.25,5],"texture":"#2"}}},{"to":[8.53581,7.87617,7.94434],"rotation":{"origin":[8.00244,8.00925,7.99809],"angle":22.5,"axis":"z"},"from":[8.45706,7.84617,7.91434],"faces":{"down":{"rotation":180,"uv":[15,8,15.5,8.5],"texture":"#2"},"east":{"uv":[7.5,2,8,2.5],"texture":"#2"},"north":{"rotation":180,"uv":[5,8,5.5,8.5],"texture":"#2"},"south":{"rotation":180,"uv":[5,8,5.5,8.5],"texture":"#2"}}},{"to":[8.53598,8.09256,8.16076],"rotation":{"origin":[8.00244,8.00925,7.99809],"angle":22.5,"axis":"y"},"from":[8.45723,8.06256,8.12701],"faces":{"down":{"rotation":180,"uv":[9,10.25,9.5,10.75],"texture":"#2"},"east":{"uv":[7.5,2,8,2.5],"texture":"#2"},"up":{"uv":[6.5,4.75,7,5.25],"texture":"#2"},"south":{"rotation":180,"uv":[4.75,11.25,5.25,11.75],"texture":"#2"}}},{"to":[8.48336,8.09256,7.74213],"rotation":{"origin":[8.00244,8.00925,7.99809],"angle":-22.5,"axis":"y"},"from":[8.40461,8.06256,7.70838],"faces":{"down":{"rotation":180,"uv":[9,10.25,9.5,10.75],"texture":"#2"},"east":{"uv":[7.5,2,8,2.5],"texture":"#2"},"north":{"rotation":180,"uv":[4.75,11.25,5.25,11.75],"texture":"#2"},"up":{"rotation":180,"uv":[6.5,4.75,7,5.25],"texture":"#2"}}},{"to":[7.30936,8.20929,8.01828],"rotation":{"origin":[8.00244,8.00925,7.99809],"angle":-45,"axis":"x"},"from":[7.28873,8.00304,7.97726],"faces":{"down":{"rotation":180,"uv":[6.25,8,6.75,8.25],"texture":"#1"},"west":{"uv":[8.25,4,8.75,6],"texture":"#1"},"east":{"uv":[12.5,7.5,13,8],"texture":"#1"},"up":{"rotation":180,"uv":[3.5,3.75,4,4.25],"texture":"#1"}}},{"to":[7.30937,8.2018,7.98122],"rotation":{"origin":[8.00244,8.00925,7.99809],"angle":-22.5,"axis":"x"},"from":[7.28874,7.99555,7.9402],"faces":{"down":{"rotation":180,"uv":[6.25,8,6.75,8.25],"texture":"#1"},"west":{"uv":[7.25,4,7.75,6],"texture":"#1"},"east":{"uv":[12.5,7.5,13,8],"texture":"#1"},"up":{"uv":[3.5,4.25,4,4.75],"texture":"#1"}}},{"to":[7.30937,8.06656,8.01155],"rotation":{"origin":[8.00244,8.00925,7.99809],"angle":22.5,"axis":"x"},"from":[7.28874,8.02554,7.8053],"faces":{"west":{"rotation":270,"uv":[7.25,4,7.75,6],"texture":"#1"},"east":{"rotation":90,"uv":[12.5,7.5,13,8],"texture":"#1"},"north":{"uv":[3.5,4.25,4,4.75],"texture":"#1"},"south":{"rotation":180,"uv":[6.25,8,6.75,8.25],"texture":"#1"}}},{"to":[7.30936,8.18068,7.94985],"rotation":{"origin":[8.00244,8.00925,7.99809],"angle":0,"axis":"x"},"from":[7.28873,7.97443,7.90883],"faces":{"down":{"rotation":180,"uv":[6.25,8,6.75,8.25],"texture":"#1"},"west":{"uv":[10.75,4.5,11.25,6.5],"texture":"#1"},"east":{"uv":[12.5,7.5,13,8],"texture":"#1"},"up":{"uv":[3.75,4.75,4.25,5.25],"texture":"#1"}}},{"to":[7.30936,8.09807,8.03247],"rotation":{"origin":[8.00244,8.00925,7.99809],"angle":0,"axis":"x"},"from":[7.28873,8.05705,7.82622],"faces":{"west":{"rotation":270,"uv":[6.75,4.5,7.25,6.5],"texture":"#1"},"east":{"rotation":90,"uv":[12.5,7.5,13,8],"texture":"#1"},"north":{"uv":[7.75,4.75,8.25,5.25],"texture":"#1"},"south":{"rotation":180,"uv":[6.25,8,6.75,8.25],"texture":"#1"}}},{"to":[7.30937,8.14917,7.92894],"rotation":{"origin":[8.00244,8.00925,7.99809],"angle":22.5,"axis":"x"},"from":[7.28874,7.94292,7.88792],"faces":{"down":{"uv":[6.75,8,7.25,8.5],"texture":"#1"},"west":{"uv":[0.5,4.75,1,6.75],"texture":"#1"},"east":{"uv":[12.5,7.5,13,8],"texture":"#1"},"up":{"uv":[5.25,5.5,5.75,6],"texture":"#1"}}},{"to":[7.30937,8.11918,8.06384],"rotation":{"origin":[8.00244,8.00925,7.99809],"angle":-22.5,"axis":"x"},"from":[7.28874,8.07816,7.85759],"faces":{"west":{"rotation":270,"uv":[0.75,4.75,1.25,6.75],"texture":"#1"},"east":{"rotation":90,"uv":[12.5,7.5,13,8],"texture":"#1"},"north":{"uv":[6.75,5.5,7.25,6],"texture":"#1"},"south":{"rotation":180,"uv":[6,8,6.5,8.5],"texture":"#1"}}},{"to":[7.30936,8.12667,8.1009],"rotation":{"origin":[8.00244,8.00925,7.99809],"angle":-45,"axis":"x"},"from":[7.28873,8.08565,7.89465],"faces":{"west":{"rotation":90,"uv":[7.25,9.5,7.75,11.5],"texture":"#1"},"east":{"uv":[12.5,7.5,13,8],"texture":"#1"},"north":{"rotation":180,"uv":[4.25,8.25,4.75,8.75],"texture":"#1"},"south":{"rotation":180,"uv":[6.25,8.25,6.75,8.75],"texture":"#1"}}},{"to":[7.34236,8.18866,8.01418],"rotation":{"origin":[8.00244,8.00925,7.99809],"angle":-45,"axis":"x"},"from":[7.30936,8.02366,7.98136],"faces":{"down":{"uv":[5.75,8,6.25,8.25],"texture":"#1"},"up":{"rotation":180,"uv":[10,2.75,10.5,3.25],"texture":"#1"}}},{"to":[7.34236,8.18117,7.97712],"rotation":{"origin":[8.00244,8.00925,7.99809],"angle":-22.5,"axis":"x"},"from":[7.30936,8.01617,7.9443],"faces":{"down":{"uv":[5.75,8,6.25,8.25],"texture":"#1"},"up":{"rotation":180,"uv":[11,2.5,11.5,3],"texture":"#1"}}},{"to":[7.34236,8.06246,7.99093],"rotation":{"origin":[8.00244,8.00925,7.99809],"angle":22.5,"axis":"x"},"from":[7.30936,8.02964,7.82593],"faces":{"north":{"uv":[8.5,4,9,4.5],"texture":"#1"},"south":{"uv":[5.75,8,6.25,8.25],"texture":"#1"}}},{"to":[7.34236,8.16006,7.94575],"rotation":{"origin":[8.00244,8.00925,7.99809],"angle":0,"axis":"x"},"from":[7.30936,7.99506,7.91293],"faces":{"down":{"uv":[5.75,8,6.25,8.25],"texture":"#1"},"up":{"uv":[3.25,4.25,3.75,4.75],"texture":"#1"}}},{"to":[7.34236,8.12855,7.92484],"rotation":{"origin":[8.00244,8.00925,7.99809],"angle":22.5,"axis":"x"},"from":[7.30936,7.96355,7.89202],"faces":{"down":{"uv":[3,8,3.5,8.5],"texture":"#1"},"up":{"uv":[3.25,4.75,3.75,5.25],"texture":"#1"}}},{"to":[7.34236,8.09397,8.01184],"rotation":{"origin":[8.00244,8.00925,7.99809],"angle":0,"axis":"x"},"from":[7.30936,8.06115,7.84684],"faces":{"north":{"uv":[3.25,4.25,3.75,4.75],"texture":"#1"},"south":{"uv":[5.75,8,6.25,8.25],"texture":"#1"}}},{"to":[7.34236,8.11508,8.04321],"rotation":{"origin":[8.00244,8.00925,7.99809],"angle":-22.5,"axis":"x"},"from":[7.30936,8.08226,7.87821],"faces":{"north":{"uv":[3.25,4.75,3.75,5.25],"texture":"#1"},"south":{"rotation":180,"uv":[3,8,3.5,8.5],"texture":"#1"}}},{"to":[7.34236,7.81897,8.01184],"rotation":{"origin":[8.00244,8.00925,7.99809],"angle":0,"axis":"y"},"from":[7.30936,7.78615,7.84684],"faces":{"north":{"uv":[3.25,5.25,3.75,5.75],"texture":"#1"},"south":{"uv":[3.25,5.25,3.75,5.75],"texture":"#1"}}},{"to":[8.19855,7.88919,7.96522],"rotation":{"origin":[8.00244,8.00925,7.99809],"angle":0,"axis":"y"},"from":[8.15936,7.71594,7.89346],"faces":{"east":{"uv":[9.5,7.25,10.25,8.25],"texture":"#1"},"up":{"rotation":180,"uv":[4.75,12,5.25,12.75],"texture":"#1"}}},{"to":[7.28875,7.81282,7.9809],"rotation":{"origin":[8.00244,8.00925,7.99809],"angle":0,"axis":"y"},"from":[7.2805,7.7923,7.87778],"faces":{"west":{"uv":[6.25,4.75,6.75,5.25],"texture":"#0"},"north":{"uv":[6.25,4.75,6.5,5.25],"texture":"#0"},"south":{"uv":[6.25,4.5,6.5,5],"texture":"#0"}}},{"to":[7.28874,7.80224,8.06523],"rotation":{"origin":[8.00244,8.00925,7.99809],"angle":22.5,"axis":"x"},"from":[7.28049,7.78173,7.9621],"faces":{"west":{"rotation":270,"uv":[9.25,4.75,9.75,5.5],"texture":"#0"},"north":{"uv":[7.25,4.25,7.5,4.75],"texture":"#0"},"south":{"uv":[6.25,5,6.5,5.5],"texture":"#0"}}},{"to":[7.28874,7.85485,7.90704],"rotation":{"origin":[8.00244,8.00925,7.99809],"angle":-22.5,"axis":"x"},"from":[7.28049,7.83434,7.80391],"faces":{"west":{"rotation":90,"uv":[9,4.75,9.5,5.5],"texture":"#0"},"north":{"uv":[6.25,5,6.5,5.5],"texture":"#0"},"south":{"uv":[7.25,4.25,7.5,4.75],"texture":"#0"}}},{"to":[7.28875,7.82473,8.14719],"rotation":{"origin":[8.00244,8.00925,7.99809],"angle":45,"axis":"x"},"from":[7.2805,7.80422,8.04406],"faces":{"west":{"rotation":270,"uv":[6.25,4.75,6.75,5.5],"texture":"#0"},"north":{"uv":[8.25,4.5,8.5,5],"texture":"#0"},"south":{"uv":[6,5.5,6.25,6],"texture":"#0"}}},{"to":[7.28875,7.92196,7.85488],"rotation":{"origin":[8.00244,8.00925,7.99809],"angle":-45,"axis":"x"},"from":[7.2805,7.90145,7.75176],"faces":{"west":{"rotation":90,"uv":[6.25,4.75,6.75,5.5],"texture":"#0"},"north":{"uv":[6,5.5,6.25,6],"texture":"#0"},"south":{"uv":[3.75,4,4,4.5],"texture":"#0"}}},{"to":[7.28874,7.89616,7.86573],"rotation":{"origin":[8.00244,8.00925,7.99809],"angle":-22.5,"axis":"x"},"from":[7.28049,7.79303,7.84522],"faces":{"west":{"uv":[5.25,4.75,5.75,5.5],"texture":"#0"},"up":{"rotation":180,"uv":[7.25,4.25,7.5,4.75],"texture":"#0"}}},{"to":[7.28874,7.84355,8.02392],"rotation":{"origin":[8.00244,8.00925,7.99809],"angle":22.5,"axis":"x"},"from":[7.28049,7.74042,8.00341],"faces":{"west":{"uv":[5,4.75,5.5,5.5],"texture":"#0"},"up":{"uv":[3.25,4,3.5,4.5],"texture":"#0"}}},{"to":[7.28875,7.85412,7.9396],"rotation":{"origin":[8.00244,8.00925,7.99809],"angle":0,"axis":"y"},"from":[7.2805,7.751,7.91908],"faces":{"west":{"uv":[6.25,4.75,6.75,5.5],"texture":"#0"},"up":{"uv":[3.25,4,3.5,4.5],"texture":"#0"}}},{"to":[8.15936,7.89511,8.03418],"rotation":{"origin":[8.00244,8.00925,7.99809],"angle":22.5,"axis":"x"},"from":[7.33824,7.68886,7.99315],"faces":{"west":{"uv":[12.5,7.5,13,8],"texture":"#1"},"east":{"uv":[9.5,7.25,10.25,8.25],"texture":"#1"},"up":{"uv":[3,12.25,7,12.75],"texture":"#1"}}},{"to":[8.15936,7.94772,7.87599],"rotation":{"origin":[8.00244,8.00925,7.99809],"angle":-22.5,"axis":"x"},"from":[7.33824,7.74147,7.83496],"faces":{"west":{"uv":[12.5,7.5,13,8],"texture":"#1"},"east":{"uv":[9.5,7.25,10.25,8.25],"texture":"#1"},"up":{"rotation":180,"uv":[3.5,11.75,7.5,12.25],"texture":"#1"}}},{"to":[8.15936,7.9176,8.11614],"rotation":{"origin":[8.00244,8.00925,7.99809],"angle":45,"axis":"x"},"from":[7.33824,7.71135,8.07511],"faces":{"down":{"rotation":180,"uv":[5.75,5.5,9.75,6],"texture":"#1"},"west":{"uv":[12.5,7.5,13,8],"texture":"#1"},"east":{"uv":[9.5,7.25,10.25,8.25],"texture":"#1"},"up":{"uv":[3,12.25,7,12.75],"texture":"#1"}}},{"to":[8.15936,8.01483,7.82383],"rotation":{"origin":[8.00244,8.00925,7.99809],"angle":-45,"axis":"x"},"from":[7.33824,7.80858,7.78281],"faces":{"down":{"uv":[4.5,5.5,8.5,6],"texture":"#1"},"west":{"uv":[12.5,7.5,13,8],"texture":"#1"},"east":{"uv":[9.5,7.25,10.25,8.25],"texture":"#1"},"up":{"uv":[4,12.25,8,12.75],"texture":"#1"}}},{"to":[8.15936,7.86511,7.9586],"rotation":{"origin":[8.00244,8.00925,7.99809],"angle":-22.5,"axis":"x"},"from":[7.33824,7.82408,7.75235],"faces":{"west":{"rotation":90,"uv":[12.5,7.5,13,8],"texture":"#1"},"east":{"uv":[9.5,7.25,10.25,7.75],"texture":"#1"},"north":{"uv":[6.25,5,10.25,5.5],"texture":"#1"},"south":{"uv":[3.5,12,7.5,12.5],"texture":"#1"}}},{"to":[8.15936,7.8125,8.11679],"rotation":{"origin":[8.00244,8.00925,7.99809],"angle":22.5,"axis":"x"},"from":[7.33824,7.77147,7.91054],"faces":{"west":{"rotation":270,"uv":[12.5,7.5,13,8],"texture":"#1"},"east":{"uv":[9.5,7.25,10.25,7.75],"texture":"#1"},"north":{"uv":[1.5,12.25,5.5,12.75],"texture":"#1"},"south":{"uv":[6.25,5,10.25,5.5],"texture":"#1"}}},{"to":[8.15936,7.82307,8.03247],"rotation":{"origin":[8.00244,8.00925,7.99809],"angle":0,"axis":"y"},"from":[7.33824,7.78205,7.82622],"faces":{"west":{"uv":[12.5,7.5,13,8],"texture":"#1"},"north":{"uv":[3,12.25,7,12.75],"texture":"#1"},"south":{"uv":[0,12,4,12.5],"texture":"#1"}}},{"to":[8.29017,7.97362,7.94985],"rotation":{"origin":[8.00244,8.00925,7.99809],"angle":-22.5,"axis":"z"},"from":[8.18705,7.89112,7.90883],"faces":{"north":{"rotation":180,"uv":[4.5,12,5,12.5],"texture":"#1"},"up":{"uv":[0,12,0.75,12.5],"texture":"#1"},"south":{"rotation":180,"uv":[4.5,12,5,12.5],"texture":"#1"}}},{"to":[8.23739,7.82307,8.0899],"rotation":{"origin":[8.00244,8.00925,7.99809],"angle":22.5,"axis":"y"},"from":[8.13426,7.78205,8.0074],"faces":{"down":{"rotation":180,"uv":[4.5,12,5,12.5],"texture":"#1"},"up":{"rotation":180,"uv":[4.5,12,5,12.5],"texture":"#1"},"south":{"uv":[0,12,0.75,12.5],"texture":"#1"}}},{"to":[8.18477,7.82307,7.86174],"rotation":{"origin":[8.00244,8.00925,7.99809],"angle":-22.5,"axis":"y"},"from":[8.08164,7.78205,7.77924],"faces":{"down":{"rotation":180,"uv":[4.5,12,5,12.5],"texture":"#1"},"north":{"uv":[0,12,0.75,12.5],"texture":"#1"},"up":{"rotation":180,"uv":[4.5,12,5,12.5],"texture":"#1"}}},{"to":[8.15936,7.90569,7.94985],"rotation":{"origin":[8.00244,8.00925,7.99809],"angle":0,"axis":"y"},"from":[7.33824,7.69944,7.90883],"faces":{"west":{"uv":[12.5,7.5,13,8],"texture":"#1"},"up":{"uv":[4.5,11.5,8.5,12],"texture":"#1"}}},{"to":[8.19855,7.99833,7.8392],"rotation":{"origin":[8.00244,8.00925,7.99809],"angle":-45,"axis":"x"},"from":[8.15936,7.82508,7.76744],"faces":{"down":{"rotation":180,"uv":[2,5.75,2.5,6.5],"texture":"#1"},"east":{"uv":[9.5,7.25,10.25,8.25],"texture":"#1"},"up":{"rotation":180,"uv":[4,11.75,4.5,12.5],"texture":"#1"}}},{"to":[8.19855,7.9011,8.1315],"rotation":{"origin":[8.00244,8.00925,7.99809],"angle":45,"axis":"x"},"from":[8.15936,7.72785,8.05974],"faces":{"down":{"uv":[2,5.75,2.5,6.5],"texture":"#1"},"east":{"uv":[9.5,7.25,10.25,8.25],"texture":"#1"},"up":{"rotation":180,"uv":[4,11.75,4.5,12.5],"texture":"#1"}}},{"to":[8.19855,7.83844,8.01597],"rotation":{"origin":[8.00244,8.00925,7.99809],"angle":0,"axis":"y"},"from":[8.15936,7.76668,7.84272],"faces":{"east":{"uv":[9.5,7.25,10.25,8.25],"texture":"#1"},"north":{"uv":[3,4.75,3.5,5.5],"texture":"#1"},"south":{"uv":[3,4.75,3.5,5.5],"texture":"#1"}}},{"to":[8.33236,7.86819,7.94239],"rotation":{"origin":[8.00244,8.00925,7.99809],"angle":0,"axis":"y"},"from":[8.18236,7.73694,7.91629],"faces":{"east":{"uv":[5.25,10.5,5.75,11],"texture":"#1"},"up":{"rotation":180,"uv":[1.25,4.5,2.25,4.75],"texture":"#1"}}},{"to":[8.33236,7.85761,8.02672],"rotation":{"origin":[8.00244,8.00925,7.99809],"angle":22.5,"axis":"x"},"from":[8.18236,7.72636,8.00062],"faces":{"east":{"uv":[5.25,10.5,5.75,11],"texture":"#1"},"up":{"rotation":180,"uv":[5.25,4.5,6.25,4.75],"texture":"#1"}}},{"to":[8.33236,7.91023,7.86852],"rotation":{"origin":[8.00244,8.00925,7.99809],"angle":-22.5,"axis":"x"},"from":[8.18236,7.77898,7.84242],"faces":{"east":{"uv":[5.25,10.5,5.75,11],"texture":"#1"},"up":{"rotation":180,"uv":[4.75,4.25,5.75,4.5],"texture":"#1"}}},{"to":[8.33236,7.88011,8.10868],"rotation":{"origin":[8.00244,8.00925,7.99809],"angle":45,"axis":"x"},"from":[8.18236,7.74886,8.08258],"faces":{"down":{"rotation":180,"uv":[4.75,5.5,5.75,5.75],"texture":"#1"},"east":{"uv":[5.25,10.5,5.75,11],"texture":"#1"},"up":{"rotation":180,"uv":[6.75,4.75,7.75,5],"texture":"#1"}}},{"to":[8.33236,7.97734,7.81637],"rotation":{"origin":[8.00244,8.00925,7.99809],"angle":-45,"axis":"x"},"from":[8.18236,7.84609,7.79027],"faces":{"east":{"uv":[5.25,10.5,5.75,11],"texture":"#1"},"up":{"rotation":180,"uv":[2.25,4.75,3.25,5],"texture":"#1"}}},{"to":[8.33236,7.85765,7.9211],"rotation":{"origin":[8.00244,8.00925,7.99809],"angle":-22.5,"axis":"x"},"from":[8.18236,7.83155,7.78985],"faces":{"east":{"uv":[5.25,10.5,5.75,11],"texture":"#1"},"north":{"rotation":180,"uv":[3,5.25,4,5.5],"texture":"#1"},"south":{"rotation":180,"uv":[7.25,11.5,8.25,11.75],"texture":"#1"}}},{"to":[8.33236,7.80503,8.0793],"rotation":{"origin":[8.00244,8.00925,7.99809],"angle":22.5,"axis":"x"},"from":[8.18236,7.77893,7.94805],"faces":{"east":{"uv":[5.25,10.5,5.75,11],"texture":"#1"},"north":{"rotation":180,"uv":[3,12.25,4,12.5],"texture":"#1"},"south":{"rotation":180,"uv":[8,5.25,9,5.5],"texture":"#1"}}},{"to":[8.33236,7.81561,7.99497],"rotation":{"origin":[8.00244,8.00925,7.99809],"angle":0,"axis":"y"},"from":[8.18236,7.78951,7.86372],"faces":{"east":{"uv":[5.25,10.5,5.75,11],"texture":"#1"},"north":{"rotation":180,"uv":[2,5,3,5.25],"texture":"#1"},"south":{"rotation":180,"uv":[5,5,6,5.25],"texture":"#1"}}},{"to":[8.37986,7.86256,7.94128],"rotation":{"origin":[8.00244,8.00925,7.99809],"angle":0,"axis":"y"},"from":[8.30486,7.74256,7.91741],"faces":{"east":{"uv":[11,7.5,11.5,8],"texture":"#2"},"up":{"uv":[3.25,4,3.75,4.25],"texture":"#2"}}},{"to":[8.37986,7.9046,7.86741],"rotation":{"origin":[8.00244,8.00925,7.99809],"angle":-22.5,"axis":"x"},"from":[8.30486,7.7846,7.84354],"faces":{"east":{"uv":[11,7.5,11.5,8],"texture":"#2"},"up":{"uv":[7.5,4.25,8,4.5],"texture":"#2"}}},{"to":[8.37986,7.85198,8.02561],"rotation":{"origin":[8.00244,8.00925,7.99809],"angle":22.5,"axis":"x"},"from":[8.30486,7.73198,8.00174],"faces":{"east":{"uv":[11,7.5,11.5,8],"texture":"#2"},"up":{"uv":[5.5,4.25,6,4.5],"texture":"#2"}}},{"to":[8.37986,7.97171,7.81525],"rotation":{"origin":[8.00244,8.00925,7.99809],"angle":-45,"axis":"x"},"from":[8.30486,7.85171,7.79139],"faces":{"east":{"uv":[11,7.5,11.5,8],"texture":"#2"},"up":{"rotation":180,"uv":[6.5,4.75,7,5],"texture":"#2"}}},{"to":[8.37986,7.87448,8.10757],"rotation":{"origin":[8.00244,8.00925,7.99809],"angle":45,"axis":"x"},"from":[8.30486,7.75448,8.0837],"faces":{"down":{"rotation":180,"uv":[2.75,9.25,3.25,9.75],"texture":"#2"},"east":{"uv":[11,7.5,11.5,8],"texture":"#2"},"up":{"uv":[8.5,4.75,9,5],"texture":"#2"}}},{"to":[8.37986,7.80392,8.07367],"rotation":{"origin":[8.00244,8.00925,7.99809],"angle":22.5,"axis":"x"},"from":[8.30486,7.78005,7.95367],"faces":{"east":{"rotation":90,"uv":[11,7.5,11.5,8],"texture":"#2"},"north":{"rotation":180,"uv":[5.5,11.5,6,11.75],"texture":"#2"},"south":{"rotation":180,"uv":[1.25,9.75,1.75,10],"texture":"#2"}}},{"to":[8.37986,7.85654,7.91547],"rotation":{"origin":[8.00244,8.00925,7.99809],"angle":-22.5,"axis":"x"},"from":[8.30486,7.83267,7.79547],"faces":{"east":{"rotation":270,"uv":[11,7.5,11.5,8],"texture":"#2"},"north":{"rotation":180,"uv":[2.5,10,3,10.5],"texture":"#2"},"south":{"rotation":180,"uv":[5.5,11.5,6,11.75],"texture":"#2"}}},{"to":[8.37986,7.8145,7.98934],"rotation":{"origin":[8.00244,8.00925,7.99809],"angle":0,"axis":"y"},"from":[8.30486,7.79063,7.86934],"faces":{"east":{"uv":[11,7.5,11.5,8],"texture":"#2"},"north":{"rotation":180,"uv":[5.5,11,6,11.25],"texture":"#2"},"south":{"rotation":180,"uv":[5.5,11,6,11.25],"texture":"#2"}}},{"to":[8.43236,7.85881,7.94053],"rotation":{"origin":[8.00244,8.00925,7.99809],"angle":0,"axis":"y"},"from":[8.37986,7.74631,7.91815],"faces":{"east":{"uv":[11,7.5,11.5,8],"texture":"#2"},"up":{"uv":[3.25,4,3.75,4.25],"texture":"#2"}}},{"to":[8.43236,7.84823,8.02486],"rotation":{"origin":[8.00244,8.00925,7.99809],"angle":22.5,"axis":"x"},"from":[8.37986,7.73573,8.00248],"faces":{"east":{"uv":[11,7.5,11.5,8],"texture":"#2"},"up":{"uv":[12.75,2.25,13.25,2.5],"texture":"#2"}}},{"to":[8.43236,7.90085,7.86666],"rotation":{"origin":[8.00244,8.00925,7.99809],"angle":-22.5,"axis":"x"},"from":[8.37986,7.78835,7.84428],"faces":{"east":{"uv":[11,7.5,11.5,8],"texture":"#2"},"up":{"uv":[8.5,4.25,9,4.5],"texture":"#2"}}},{"to":[8.43236,7.87073,8.10682],"rotation":{"origin":[8.00244,8.00925,7.99809],"angle":45,"axis":"x"},"from":[8.37986,7.75823,8.08444],"faces":{"down":{"rotation":180,"uv":[2.75,9.25,3.25,9.75],"texture":"#2"},"east":{"uv":[11,7.5,11.5,8],"texture":"#2"},"up":{"uv":[9.25,4.75,9.75,5],"texture":"#2"}}},{"to":[8.43236,7.96796,7.81451],"rotation":{"origin":[8.00244,8.00925,7.99809],"angle":-45,"axis":"x"},"from":[8.37986,7.85546,7.79213],"faces":{"east":{"uv":[11,7.5,11.5,8],"texture":"#2"},"up":{"rotation":180,"uv":[5.75,4.75,6.25,5],"texture":"#2"}}},{"to":[8.43236,7.85579,7.91172],"rotation":{"origin":[8.00244,8.00925,7.99809],"angle":-22.5,"axis":"x"},"from":[8.37986,7.83341,7.79922],"faces":{"east":{"rotation":270,"uv":[11,7.5,11.5,8],"texture":"#2"},"north":{"rotation":180,"uv":[2.5,10,3,10.5],"texture":"#2"},"south":{"rotation":180,"uv":[6.25,11.5,6.75,11.75],"texture":"#2"}}},{"to":[8.43236,7.80317,8.06992],"rotation":{"origin":[8.00244,8.00925,7.99809],"angle":22.5,"axis":"x"},"from":[8.37986,7.78079,7.95742],"faces":{"east":{"rotation":90,"uv":[11,7.5,11.5,8],"texture":"#2"},"north":{"rotation":180,"uv":[4.75,11.5,5.25,11.75],"texture":"#2"},"south":{"rotation":180,"uv":[1.25,9.75,1.75,10],"texture":"#2"}}},{"to":[8.43236,7.81375,7.98559],"rotation":{"origin":[8.00244,8.00925,7.99809],"angle":0,"axis":"y"},"from":[8.37986,7.79137,7.87309],"faces":{"east":{"uv":[11,7.5,11.5,8],"texture":"#2"},"north":{"rotation":180,"uv":[6.5,11,7,11.25],"texture":"#2"},"south":{"rotation":180,"uv":[5.5,11,6,11.25],"texture":"#2"}}},{"to":[8.46611,7.85506,7.93978],"rotation":{"origin":[8.00244,8.00925,7.99809],"angle":0,"axis":"y"},"from":[8.43236,7.75006,7.9189],"faces":{"east":{"uv":[11,7.5,11.5,8],"texture":"#2"},"up":{"uv":[3.25,4,3.75,4.25],"texture":"#2"}}},{"to":[8.46611,7.8971,7.86591],"rotation":{"origin":[8.00244,8.00925,7.99809],"angle":-22.5,"axis":"x"},"from":[8.43236,7.7921,7.84503],"faces":{"east":{"uv":[11,7.5,11.5,8],"texture":"#2"},"up":{"uv":[8.75,4.25,9.25,4.5],"texture":"#2"}}},{"to":[8.46611,7.84448,8.02411],"rotation":{"origin":[8.00244,8.00925,7.99809],"angle":22.5,"axis":"x"},"from":[8.43236,7.73948,8.00323],"faces":{"east":{"uv":[11,7.5,11.5,8],"texture":"#2"},"up":{"uv":[10.5,2.75,11,3],"texture":"#2"}}},{"to":[8.46611,7.96421,7.81376],"rotation":{"origin":[8.00244,8.00925,7.99809],"angle":-45,"axis":"x"},"from":[8.43236,7.85921,7.79288],"faces":{"east":{"uv":[11,7.5,11.5,8],"texture":"#2"},"up":{"rotation":180,"uv":[7.5,4.75,8,5],"texture":"#2"}}},{"to":[8.46611,7.80242,8.06617],"rotation":{"origin":[8.00244,8.00925,7.99809],"angle":22.5,"axis":"x"},"from":[8.43236,7.78154,7.96117],"faces":{"east":{"rotation":90,"uv":[11,7.5,11.5,8],"texture":"#2"},"north":{"rotation":180,"uv":[6.75,11.5,7.25,11.75],"texture":"#2"},"south":{"rotation":180,"uv":[1.25,9.75,1.75,10],"texture":"#2"}}},{"to":[8.46611,7.86698,8.10607],"rotation":{"origin":[8.00244,8.00925,7.99809],"angle":45,"axis":"x"},"from":[8.43236,7.76198,8.08519],"faces":{"down":{"rotation":180,"uv":[2.75,9.25,3.25,9.75],"texture":"#2"},"east":{"uv":[11,7.5,11.5,8],"texture":"#2"},"up":{"uv":[9,4.75,9.5,5],"texture":"#2"}}},{"to":[8.46611,7.85504,7.90797],"rotation":{"origin":[8.00244,8.00925,7.99809],"angle":-22.5,"axis":"x"},"from":[8.43236,7.83416,7.80297],"faces":{"east":{"rotation":270,"uv":[11,7.5,11.5,8],"texture":"#2"},"north":{"rotation":180,"uv":[2.5,10,3,10.5],"texture":"#2"},"south":{"rotation":180,"uv":[6.25,11.5,6.75,11.75],"texture":"#2"}}},{"to":[8.46611,7.813,7.98184],"rotation":{"origin":[8.00244,8.00925,7.99809],"angle":0,"axis":"y"},"from":[8.43236,7.79212,7.87684],"faces":{"east":{"uv":[11,7.5,11.5,8],"texture":"#2"},"north":{"rotation":180,"uv":[4.75,11,5.25,11.25],"texture":"#2"},"south":{"rotation":180,"uv":[5.5,11,6,11.25],"texture":"#2"}}},{"to":[8.48486,7.85131,7.93904],"rotation":{"origin":[8.00244,8.00925,7.99809],"angle":0,"axis":"y"},"from":[8.46611,7.75381,7.91964],"faces":{"east":{"uv":[11,7.5,11.5,8],"texture":"#2"},"up":{"uv":[3.25,4,3.75,4.25],"texture":"#2"}}},{"to":[8.48486,7.84073,8.02337],"rotation":{"origin":[8.00244,8.00925,7.99809],"angle":22.5,"axis":"x"},"from":[8.46611,7.74323,8.00397],"faces":{"east":{"uv":[11,7.5,11.5,8],"texture":"#2"},"up":{"uv":[11.25,3.25,11.75,3.5],"texture":"#2"}}},{"to":[8.48486,7.89335,7.86517],"rotation":{"origin":[8.00244,8.00925,7.99809],"angle":-22.5,"axis":"x"},"from":[8.46611,7.79585,7.84577],"faces":{"east":{"uv":[11,7.5,11.5,8],"texture":"#2"},"up":{"uv":[11,3,11.5,3.25],"texture":"#2"}}},{"to":[8.48486,7.86323,8.10533],"rotation":{"origin":[8.00244,8.00925,7.99809],"angle":45,"axis":"x"},"from":[8.46611,7.76573,8.08593],"faces":{"down":{"rotation":180,"uv":[2.75,9.25,3.25,9.75],"texture":"#2"},"east":{"uv":[11,7.5,11.5,8],"texture":"#2"},"up":{"uv":[6.5,4.75,7,5],"texture":"#2"}}},{"to":[8.48486,7.96046,7.81302],"rotation":{"origin":[8.00244,8.00925,7.99809],"angle":-45,"axis":"x"},"from":[8.46611,7.86296,7.79362],"faces":{"east":{"uv":[11,7.5,11.5,8],"texture":"#2"},"up":{"rotation":180,"uv":[8,4.75,8.5,5],"texture":"#2"}}},{"to":[8.48486,7.8543,7.90422],"rotation":{"origin":[8.00244,8.00925,7.99809],"angle":-22.5,"axis":"x"},"from":[8.46611,7.8349,7.80672],"faces":{"east":{"rotation":270,"uv":[11,7.5,11.5,8],"texture":"#2"},"north":{"rotation":180,"uv":[2.5,10,3,10.5],"texture":"#2"},"south":{"rotation":180,"uv":[7.5,11.5,8,11.75],"texture":"#2"}}},{"to":[8.48486,7.80168,8.06242],"rotation":{"origin":[8.00244,8.00925,7.99809],"angle":22.5,"axis":"x"},"from":[8.46611,7.78228,7.96492],"faces":{"east":{"rotation":90,"uv":[11,7.5,11.5,8],"texture":"#2"},"north":{"rotation":180,"uv":[7,11.5,7.5,11.75],"texture":"#2"},"south":{"rotation":180,"uv":[1.25,9.75,1.75,10],"texture":"#2"}}},{"to":[8.48486,7.81226,7.97809],"rotation":{"origin":[8.00244,8.00925,7.99809],"angle":0,"axis":"y"},"from":[8.46611,7.79286,7.88059],"faces":{"east":{"uv":[11,7.5,11.5,8],"texture":"#2"},"north":{"rotation":180,"uv":[6.25,11,6.75,11.25],"texture":"#2"},"south":{"rotation":180,"uv":[5.5,11,6,11.25],"texture":"#2"}}},{"to":[8.58877,8.04448,7.94434],"rotation":{"origin":[8.00244,8.00925,7.99809],"angle":-22.5,"axis":"z"},"from":[8.51002,8.01448,7.91434],"faces":{"east":{"uv":[7.5,2,8,2.5],"texture":"#2"},"north":{"uv":[6,4.5,6.5,5],"texture":"#2"},"up":{"uv":[4,4,4.5,4.5],"texture":"#2"},"south":{"uv":[5.75,4.5,6.25,5],"texture":"#2"}}},{"to":[8.53598,7.81756,8.16076],"rotation":{"origin":[8.00244,8.00925,7.99809],"angle":22.5,"axis":"y"},"from":[8.45723,7.78756,8.12701],"faces":{"east":{"uv":[7.5,2,8,2.5],"texture":"#2"},"up":{"uv":[6.5,4.75,7,5.25],"texture":"#2"},"south":{"rotation":180,"uv":[4.75,11.25,5.25,11.75],"texture":"#2"}}},{"to":[8.48336,7.81756,7.74213],"rotation":{"origin":[8.00244,8.00925,7.99809],"angle":-22.5,"axis":"y"},"from":[8.40461,7.78756,7.70838],"faces":{"east":{"uv":[7.5,2,8,2.5],"texture":"#2"},"north":{"rotation":180,"uv":[4.75,11.25,5.25,11.75],"texture":"#2"},"up":{"rotation":180,"uv":[6.5,4.75,7,5.25],"texture":"#2"}}},{"to":[7.30936,7.90569,7.94985],"rotation":{"origin":[8.00244,8.00925,7.99809],"angle":0,"axis":"y"},"from":[7.28873,7.69944,7.90883],"faces":{"west":{"uv":[3,4.5,3.5,6.5],"texture":"#1"},"east":{"uv":[12.5,7.5,13,8],"texture":"#1"},"up":{"rotation":180,"uv":[10.25,15.5,10.75,16],"texture":"#1"}}},{"to":[7.30937,7.89511,8.03418],"rotation":{"origin":[8.00244,8.00925,7.99809],"angle":22.5,"axis":"x"},"from":[7.28874,7.68886,7.99315],"faces":{"west":{"uv":[7.25,4.25,7.75,6.25],"texture":"#1"},"east":{"uv":[12.5,7.5,13,8],"texture":"#1"},"up":{"rotation":180,"uv":[10.25,15.5,10.75,16],"texture":"#1"}}},{"to":[7.30937,7.94772,7.87599],"rotation":{"origin":[8.00244,8.00925,7.99809],"angle":-22.5,"axis":"x"},"from":[7.28874,7.74147,7.83496],"faces":{"west":{"uv":[7.25,4.25,7.75,6.25],"texture":"#1"},"east":{"uv":[12.5,7.5,13,8],"texture":"#1"},"up":{"rotation":180,"uv":[8.25,12.25,8.75,12.75],"texture":"#1"}}},{"to":[7.30936,7.9176,8.11614],"rotation":{"origin":[8.00244,8.00925,7.99809],"angle":45,"axis":"x"},"from":[7.28873,7.71135,8.07511],"faces":{"down":{"rotation":180,"uv":[6.25,8,6.75,8.25],"texture":"#1"},"west":{"uv":[10.75,4.5,11.25,6.5],"texture":"#1"},"east":{"uv":[12.5,7.5,13,8],"texture":"#1"},"up":{"uv":[3.75,4.75,4.25,5.25],"texture":"#1"}}},{"to":[7.30936,8.01483,7.82383],"rotation":{"origin":[8.00244,8.00925,7.99809],"angle":-45,"axis":"x"},"from":[7.28873,7.80858,7.7828],"faces":{"down":{"rotation":180,"uv":[6.25,8,6.75,8.25],"texture":"#1"},"west":{"uv":[6.75,4.5,7.25,6.5],"texture":"#1"},"east":{"uv":[12.5,7.5,13,8],"texture":"#1"},"up":{"rotation":180,"uv":[7.75,4.75,8.25,5.25],"texture":"#1"}}},{"to":[7.30937,7.86511,7.9586],"rotation":{"origin":[8.00244,8.00925,7.99809],"angle":-22.5,"axis":"x"},"from":[7.28874,7.82408,7.75235],"faces":{"west":{"rotation":90,"uv":[0.5,4.75,1,6.75],"texture":"#1"},"east":{"rotation":270,"uv":[12.5,7.5,13,8],"texture":"#1"},"north":{"rotation":180,"uv":[6.75,8,7.25,8.5],"texture":"#1"},"south":{"uv":[5.25,5.5,5.75,6],"texture":"#1"}}},{"to":[7.30937,7.8125,8.11679],"rotation":{"origin":[8.00244,8.00925,7.99809],"angle":22.5,"axis":"x"},"from":[7.28874,7.77147,7.91054],"faces":{"west":{"rotation":270,"uv":[0.75,4.75,1.25,6.75],"texture":"#1"},"east":{"rotation":90,"uv":[12.5,7.5,13,8],"texture":"#1"},"north":{"uv":[6.75,5.5,7.25,6],"texture":"#1"},"south":{"rotation":180,"uv":[6,8,6.5,8.5],"texture":"#1"}}},{"to":[7.30936,7.82307,8.03247],"rotation":{"origin":[8.00244,8.00925,7.99809],"angle":0,"axis":"y"},"from":[7.28873,7.78205,7.82622],"faces":{"west":{"rotation":90,"uv":[7.25,9.5,7.75,11.5],"texture":"#1"},"east":{"uv":[12.5,7.5,13,8],"texture":"#1"},"north":{"rotation":180,"uv":[4.25,8.25,4.75,8.75],"texture":"#1"},"south":{"rotation":180,"uv":[6.25,8.25,6.75,8.75],"texture":"#1"}}},{"to":[7.34236,7.88506,7.94575],"rotation":{"origin":[8.00244,8.00925,7.99809],"angle":0,"axis":"y"},"from":[7.30936,7.72006,7.91293],"faces":{"up":{"uv":[3.25,5.25,3.75,5.75],"texture":"#1"}}},{"to":[7.34236,7.87449,8.03008],"rotation":{"origin":[8.00244,8.00925,7.99809],"angle":22.5,"axis":"x"},"from":[7.30936,7.70949,7.99726],"faces":{"up":{"uv":[3.25,5.25,3.75,5.75],"texture":"#1"}}},{"to":[7.34236,7.9271,7.87189],"rotation":{"origin":[8.00244,8.00925,7.99809],"angle":-22.5,"axis":"x"},"from":[7.30936,7.7621,7.83907],"faces":{"down":{"uv":[5.75,8,6.25,8.25],"texture":"#1"},"up":{"uv":[3.25,5.25,3.75,5.75],"texture":"#1"}}},{"to":[7.34236,7.89698,8.11203],"rotation":{"origin":[8.00244,8.00925,7.99809],"angle":45,"axis":"x"},"from":[7.30936,7.73198,8.07921],"faces":{"down":{"uv":[5.75,8,6.25,8.25],"texture":"#1"},"up":{"uv":[3.25,5.25,3.75,5.75],"texture":"#1"}}},{"to":[7.34236,7.86101,7.93798],"rotation":{"origin":[8.00244,8.00925,7.99809],"angle":-22.5,"axis":"x"},"from":[7.30936,7.82819,7.77298],"faces":{"north":{"rotation":180,"uv":[3,8,3.5,8.5],"texture":"#1"},"south":{"uv":[3.25,5.25,3.75,5.75],"texture":"#1"}}},{"to":[7.34236,7.99421,7.81973],"rotation":{"origin":[8.00244,8.00925,7.99809],"angle":-45,"axis":"x"},"from":[7.30936,7.82921,7.78691],"faces":{"down":{"uv":[5.75,8,6.25,8.25],"texture":"#1"},"up":{"uv":[3.25,5.25,3.75,5.75],"texture":"#1"}}},{"to":[7.34236,7.8084,8.09617],"rotation":{"origin":[8.00244,8.00925,7.99809],"angle":22.5,"axis":"x"},"from":[7.30936,7.77558,7.93117],"faces":{"north":{"uv":[3.25,5.25,3.75,5.75],"texture":"#1"},"south":{"rotation":180,"uv":[3,8,3.5,8.5],"texture":"#1"}}},{"to":[7.68875,8.3907,8.57829],"rotation":{"origin":[8.00244,8.00925,7.99809],"angle":-22.5,"axis":"x"},"from":[7.4805,8.21258,8.02519],"faces":{"north":{"rotation":180,"uv":[5.75,8,6,8.75],"texture":"#0"},"west":{"rotation":180,"uv":[7.5,8,8,8.75],"texture":"#0"},"up":{"uv":[0,6.25,0.25,8.25],"texture":"#0"},"down":{"uv":[9.5,8,9.75,8.25],"texture":"#0"},"east":{"rotation":180,"uv":[5.75,8,6,8.75],"texture":"#0"},"south":{"rotation":180,"uv":[5.75,8,6,8.75],"texture":"#0"}}},{"to":[7.68875,8.21206,8.01746],"rotation":{"origin":[8.00244,8.00925,7.99809],"angle":0,"axis":"x"},"from":[7.4805,7.65896,7.83934],"faces":{"north":{"rotation":180,"uv":[0,6.25,0.25,8.25],"texture":"#0"},"west":{"rotation":90,"uv":[7.5,8,8,8.75],"texture":"#0"},"up":{"rotation":180,"uv":[5.75,8,6,8.75],"texture":"#0"},"down":{"uv":[5.75,8,6,8.75],"texture":"#0"},"east":{"rotation":270,"uv":[5.75,8,6,8.75],"texture":"#0"},"south":{"uv":[9.5,8,9.75,8.25],"texture":"#0"}}},{"to":[8.33875,8.3407,8.72829],"rotation":{"origin":[8.00244,8.00925,7.99809],"angle":-22.5,"axis":"x"},"from":[7.4305,8.26258,8.27519],"faces":{"north":{"uv":[5.25,8,7,8.25],"texture":"#0"},"west":{"uv":[1.75,8.25,2.75,8.5],"texture":"#0"},"up":{"rotation":180,"uv":[0.25,9,2,10],"texture":"#0"},"down":{"uv":[9.5,8,9.75,8.25],"texture":"#0"},"east":{"uv":[1.75,8.25,2.75,8.5],"texture":"#0"},"south":{"uv":[3.75,7.5,5.5,7.75],"texture":"#0"}}},{"to":[7.83875,8.45281,7.96104],"rotation":{"origin":[8.00244,8.00925,7.99809],"angle":22.5,"axis":"x"},"from":[7.7305,7.89971,7.78291],"faces":{"north":{"rotation":180,"uv":[0,6.25,0.25,8.25],"texture":"#0"},"west":{"rotation":90,"uv":[7.5,8,8,8.75],"texture":"#0"},"up":{"rotation":180,"uv":[5.75,8,6,8.75],"texture":"#0"},"down":{"uv":[5.75,8,6,8.75],"texture":"#0"},"east":{"rotation":270,"uv":[5.75,8,6,8.75],"texture":"#0"},"south":{"uv":[9.5,8,9.75,8.25],"texture":"#0"}}},{"to":[8.16319,7.60569,8.17485],"rotation":{"origin":[8.00244,8.00925,7.99809],"angle":0,"axis":"y"},"from":[7.28819,7.39944,7.98383],"faces":{"up":{"uv":[4.5,10.5,8.5,12],"texture":"#1"}}},{"to":[8.16319,7.60569,7.92485],"rotation":{"origin":[8.00244,8.00925,7.99809],"angle":0,"axis":"y"},"from":[7.28819,7.39944,7.73383],"faces":{"up":{"uv":[4.5,10.5,8.5,12],"texture":"#1"}}},{"to":[8.33824,7.60569,7.89985],"rotation":{"origin":[8.00244,8.00925,7.99809],"angle":0,"axis":"y"},"from":[8.16324,7.39944,7.75883],"faces":{"up":{"uv":[4.5,11,5.75,12],"texture":"#1"}}},{"to":[8.50936,7.60569,7.87485],"rotation":{"origin":[8.00244,8.00925,7.99809],"angle":0,"axis":"y"},"from":[8.33824,7.39944,7.78383],"faces":{"up":{"uv":[4.5,11,5.75,12],"texture":"#2"}}},{"to":[8.33824,7.60569,8.14985],"rotation":{"origin":[8.00244,8.00925,7.99809],"angle":0,"axis":"y"},"from":[8.16324,7.39944,8.00883],"faces":{"up":{"uv":[4.5,11,5.75,12],"texture":"#1"}}},{"to":[8.50936,7.60569,8.12485],"rotation":{"origin":[8.00244,8.00925,7.99809],"angle":0,"axis":"y"},"from":[8.33824,7.39944,8.03383],"faces":{"up":{"uv":[4.5,11,5.75,12],"texture":"#2"}}},{"to":[8.16319,7.60569,8.42485],"rotation":{"origin":[8.00244,8.00925,7.99809],"angle":0,"axis":"y"},"from":[7.28819,7.39944,8.23383],"faces":{"up":{"uv":[4.5,10.5,8.5,12],"texture":"#1"}}},{"to":[8.33824,7.60569,8.39985],"rotation":{"origin":[8.00244,8.00925,7.99809],"angle":0,"axis":"y"},"from":[8.16324,7.39944,8.25883],"faces":{"up":{"uv":[4.5,11,5.75,12],"texture":"#1"}}},{"to":[8.50936,7.60569,8.37485],"rotation":{"origin":[8.00244,8.00925,7.99809],"angle":0,"axis":"y"},"from":[8.33824,7.39944,8.28383],"faces":{"up":{"uv":[4.5,11,5.75,12],"texture":"#2"}}},{"to":[8.16319,7.30569,8.27485],"rotation":{"origin":[8.00244,8.00925,7.99809],"angle":0,"axis":"y"},"from":[7.28819,7.09944,8.08383],"faces":{"up":{"uv":[4.5,10.5,8.5,12],"texture":"#1"}}},{"to":[8.16319,7.30569,8.02485],"rotation":{"origin":[8.00244,8.00925,7.99809],"angle":0,"axis":"y"},"from":[7.28819,7.09944,7.83383],"faces":{"up":{"uv":[4.5,10.5,8.5,12],"texture":"#1"}}},{"to":[8.33824,7.30569,7.99985],"rotation":{"origin":[8.00244,8.00925,7.99809],"angle":0,"axis":"y"},"from":[8.16324,7.09944,7.85883],"faces":{"up":{"uv":[4.5,11,5.75,12],"texture":"#1"}}},{"to":[8.50936,7.30569,7.97485],"rotation":{"origin":[8.00244,8.00925,7.99809],"angle":0,"axis":"y"},"from":[8.33824,7.09944,7.88383],"faces":{"up":{"uv":[4.5,11,5.75,12],"texture":"#2"}}},{"to":[8.33824,7.30569,8.24985],"rotation":{"origin":[8.00244,8.00925,7.99809],"angle":0,"axis":"y"},"from":[8.16324,7.09944,8.10883],"faces":{"up":{"uv":[4.5,11,5.75,12],"texture":"#1"}}},{"to":[8.50936,7.30569,8.22485],"rotation":{"origin":[8.00244,8.00925,7.99809],"angle":0,"axis":"y"},"from":[8.33824,7.09944,8.13383],"faces":{"up":{"uv":[4.5,11,5.75,12],"texture":"#2"}}},{"to":[8.16319,7.30569,8.52485],"rotation":{"origin":[8.00244,8.00925,7.99809],"angle":0,"axis":"y"},"from":[7.28819,7.09944,8.33383],"faces":{"up":{"uv":[4.5,10.5,8.5,12],"texture":"#1"}}},{"to":[8.33824,7.30569,8.49985],"rotation":{"origin":[8.00244,8.00925,7.99809],"angle":0,"axis":"y"},"from":[8.16324,7.09944,8.35883],"faces":{"up":{"uv":[4.5,11,5.75,12],"texture":"#1"}}},{"to":[8.50936,7.30569,8.47485],"rotation":{"origin":[8.00244,8.00925,7.99809],"angle":0,"axis":"y"},"from":[8.33824,7.09944,8.38383],"faces":{"up":{"uv":[4.5,11,5.75,12],"texture":"#2"}}}],"display":{"thirdperson_righthand":{"rotation":[0,35,0],"scale":[1.2,1.2,1.2],"translation":[-2.5,2,-1.5]},"head":{"scale":[2.4,2.4,2.4]},"thirdperson_lefthand":{"rotation":[0,35,0],"scale":[1.2,1.2,1.2],"translation":[-2.5,2,-1.5]},"gui":{"rotation":[0,45,-20],"scale":[4,4,4],"translation":[-2.5,4.5,0]},"firstperson_lefthand":{"rotation":[15,35,0],"scale":[2.4,2.4,2.4],"translation":[-5,6,1]},"firstperson_righthand":{"rotation":[15,35,0],"scale":[2.4,2.4,2.4],"translation":[-5,6,1]},"fixed":{"rotation":[0,180,0],"scale":[2.4,2.4,2.4],"translation":[0,3,-1.5]},"ground":{"translation":[0,-1,0],"scale":[1.2,1.2,1.2]}},"credit":"thebradqq's guns"}