{"textures":{"particle":"mgs:gun/olive_polymer_dark","1":"mgs:gun/brass","0":"mgs:gun/metal_bright","2":"mgs:gun/copper","1_3":"mgs:gun/olive_polymer_dark","1_2":"mgs:gun/olive_polymer"},"gui_light":"front","elements":[{"to":[7.23049,8.33589,8.15434],"rotation":{"origin":[8.00244,8.00925,7.99809],"angle":0,"axis":"y"},"from":[7.15549,6.90256,7.72934],"faces":{"west":{"uv":[15.25,2.25,16,4.5],"texture":"#1_3"},"east":{"rotation":180,"uv":[9.25,9.25,9.5,10],"texture":"#1_3"},"up":{"rotation":180,"uv":[11,3.25,11.25,4],"texture":"#1_3"}}},{"to":[8.70549,8.33589,8.15434],"rotation":{"origin":[8.00244,8.00925,7.99809],"angle":0,"axis":"y"},"from":[8.58049,6.90256,7.72934],"faces":{"west":{"rotation":180,"uv":[9.25,9.25,9.5,10],"texture":"#1_3"},"east":{"uv":[15.25,2.25,16,4.5],"texture":"#1_3"},"up":{"rotation":180,"uv":[11,3.25,11.25,4],"texture":"#1_3"}}},{"to":[8.70549,8.33589,10.09604],"rotation":{"origin":[8.00244,8.00925,7.99809],"angle":0,"axis":"y"},"from":[7.15549,6.90256,8.15434],"faces":{"west":{"uv":[13,0,16,2.25],"texture":"#1_3"},"east":{"uv":[13,0,16,2.25],"texture":"#1_3"},"north":{"rotation":180,"uv":[9.25,9.25,9.5,10],"texture":"#1_3"},"up":{"uv":[12,1.75,9.75,4.75],"texture":"#1_3"}}},{"to":[8.45549,8.40256,9.92934],"rotation":{"origin":[8.00244,8.00925,7.99809],"angle":0,"axis":"y"},"from":[7.40549,8.30256,8.62934],"faces":{"west":{"rotation":90,"uv":[7.75,5.25,8,6.75],"texture":"#1_3"},"east":{"rotation":90,"uv":[7.75,5.25,8,6.75],"texture":"#1_3"},"north":{"uv":[7.75,5,9,5.25],"texture":"#1_3"},"up":{"uv":[5.5,0.75,6.75,2.25],"texture":"#1_3"},"south":{"uv":[7.75,5,9,5.25],"texture":"#1_3"}}},{"to":[8.80549,8.37756,7.72934],"rotation":{"origin":[8.00244,8.00925,7.99809],"angle":0,"axis":"y"},"from":[7.05549,5.05256,7.57934],"faces":{"north":{"uv":[11.5,0,8.5,5.5],"texture":"#1_3"},"west":{"rotation":90,"uv":[12.75,2,7.25,2.25],"texture":"#1_3"},"up":{"uv":[4.75,4,2,4.25],"texture":"#1_3"},"down":{"uv":[9,11,6.25,11.25],"texture":"#1_3"},"east":{"rotation":90,"uv":[12.75,2,7.25,2.25],"texture":"#1_3"},"south":{"rotation":180,"uv":[9.75,7.75,7,13],"texture":"#1_3"}}},{"to":[8.70549,6.90256,11.52934],"rotation":{"origin":[8.00244,8.00925,7.99809],"angle":0,"axis":"y"},"from":[7.15549,5.10256,7.72934],"faces":{"down":{"rotation":270,"uv":[6.25,9.75,11.75,12],"texture":"#1_3"},"west":{"uv":[9.75,2.75,16,5.5],"texture":"#1_3"},"east":{"uv":[9.75,2.75,16,5.5],"texture":"#1_3"},"up":{"rotation":180,"uv":[9.25,9.25,9.5,10],"texture":"#1_3"},"south":{"uv":[12.75,2,10.25,5],"texture":"#1_3"}}},{"to":[8.70499,6.75671,9.71251],"rotation":{"origin":[8.00244,8.00925,7.99809],"angle":-45,"axis":"x"},"from":[7.15599,4.72972,8.60418],"faces":{"west":{"rotation":90,"uv":[10,1.75,13,3.5],"texture":"#1_3"},"east":{"rotation":90,"uv":[10,1.75,13,3.5],"texture":"#1_3"},"south":{"rotation":180,"uv":[16,1.75,13.5,5],"texture":"#1_2"}}},{"to":[8.50549,8.17799,8.26532],"rotation":{"origin":[8.00244,8.00925,7.99809],"angle":-22.5,"axis":"x"},"from":[7.30549,8.12799,7.89032],"faces":{"down":{"rotation":270,"uv":[6.25,9.75,11.75,12],"texture":"#1_3"},"up":{"rotation":180,"uv":[0.75,8,3.25,9],"texture":"#0"}}}],"display":{"thirdperson_righthand":{"rotation":[0,35,0],"scale":[1.2,1.2,1.2],"translation":[-2.5,2,-1.5]},"head":{"scale":[2.4,2.4,2.4]},"thirdperson_lefthand":{"rotation":[0,35,0],"scale":[1.2,1.2,1.2],"translation":[-2.5,2,-1.5]},"gui":{"rotation":[0,45,-20],"scale":[4,4,4],"translation":[-2.5,4.5,0]},"firstperson_lefthand":{"rotation":[15,35,0],"scale":[2.4,2.4,2.4],"translation":[-5,6,1]},"firstperson_righthand":{"rotation":[15,35,0],"scale":[2.4,2.4,2.4],"translation":[-5,6,1]},"fixed":{"rotation":[0,180,0],"scale":[2.4,2.4,2.4],"translation":[0,3,-1.5]},"ground":{"translation":[0,-1,0],"scale":[1.2,1.2,1.2]}},"credit":"thebradqq's guns"}