{"textures":{"particle":"mgs:gun/m4mag","1":"mgs:gun/metal","3":"mgs:gun/m4mag","2":"mgs:gun/metal_bright","5":"mgs:gun/copper","4":"mgs:gun/brass","6":"mgs:gun/metal_dark"},"gui_light":"front","elements":[{"to":[14.95,30,10.6],"from":[-2.45,6.25,5.4],"faces":{"west":{"rotation":180,"uv":[12,1.5,13,5],"texture":"#6"},"east":{"rotation":180,"uv":[11.25,1.5,12.25,5],"texture":"#1"},"north":{"rotation":180,"uv":[0,14,16,0],"texture":"#3"},"south":{"rotation":180,"uv":[16,14,0,0],"texture":"#3"}}},{"to":[11.4,9.7,10.599],"rotation":{"origin":[5.15,13.5,5.9],"angle":22.5,"axis":"z"},"from":[-4.65,-14,5.401],"faces":{"down":{"uv":[5.5,15,9.5,16],"texture":"#3"},"west":{"rotation":180,"uv":[12.25,0,13.25,3.5],"texture":"#6"},"east":{"rotation":90,"uv":[6,15,9.5,16],"texture":"#2"},"north":{"rotation":180,"uv":[0,16,16,2],"texture":"#3"},"south":{"rotation":180,"uv":[16,16,0,2],"texture":"#3"}}},{"to":[6.251,31.7,5.8],"rotation":{"origin":[6.3,30,5.4],"angle":22.5,"axis":"x"},"from":[-2.449,30,5.4],"faces":{"west":{"rotation":90,"uv":[10.5,4.75,12,5],"texture":"#1"},"east":{"rotation":90,"uv":[10.5,4.75,12,5],"texture":"#1"},"north":{"rotation":180,"uv":[0,4,8,2],"texture":"#3"},"up":{"rotation":180,"uv":[12.75,1.75,14.25,2],"texture":"#1"},"south":{"uv":[3,11.5,4.5,12],"texture":"#1"}}},{"to":[6.251,31.7,10.6],"rotation":{"origin":[6.3,30,10.6],"angle":-22.5,"axis":"x"},"from":[-2.449,30,10.2],"faces":{"west":{"rotation":90,"uv":[10.5,4.75,12,5],"texture":"#1"},"east":{"rotation":90,"uv":[10.5,4.75,12,5],"texture":"#1"},"north":{"uv":[3,11.5,4.5,12],"texture":"#1"},"up":{"rotation":180,"uv":[12.75,1.75,14.25,2],"texture":"#1"},"south":{"uv":[0,4,8,2],"texture":"#3"}}},{"to":[14.751,30,10.6],"from":[-2.449,25.3,10.2],"faces":{"north":{"rotation":90,"uv":[0.25,15.75,1.75,16],"texture":"#1"},"up":{"rotation":180,"uv":[12.75,1.75,14.25,2],"texture":"#1"}}},{"to":[14.751,30,5.8],"from":[-2.449,25.3,5.4],"faces":{"up":{"rotation":180,"uv":[12.75,1.75,14.25,2],"texture":"#1"},"south":{"rotation":90,"uv":[0.25,15.75,1.75,16],"texture":"#1"}}},{"to":[14.95,30,10.599],"from":[14.55,25.3,5.399],"faces":{"west":{"rotation":90,"uv":[0.25,15.75,1.75,16],"texture":"#1"},"up":{"rotation":180,"uv":[12.75,1.75,14.25,2],"texture":"#1"}}},{"to":[-2.05,30,10.599],"from":[-2.45,25.3,5.399],"faces":{"east":{"rotation":90,"uv":[0.25,15.75,1.75,16],"texture":"#1"},"up":{"rotation":90,"uv":[9.75,4.75,11.25,5],"texture":"#1"}}},{"to":[14.85,29.6,10.6],"from":[-2.35,28.9,5.4],"faces":{"up":{"uv":[13,8,16,6.75],"texture":"#1"}}},{"to":[8.35,30.5,8.1],"from":[-1.95,29.3,6],"faces":{"west":{"rotation":180,"uv":[5.25,5,6,4.25],"texture":"#6"},"east":{"rotation":180,"uv":[5.25,5,6,4.25],"texture":"#6"},"north":{"rotation":180,"uv":[5.25,5.5,6,4.75],"texture":"#6"},"up":{"uv":[4.75,5,7.75,4.25],"texture":"#6"},"south":{"rotation":180,"uv":[5.25,5,6,4.25],"texture":"#6"}}},{"to":[3.45,24.5,10.601],"from":[0.55,22.75,5.399],"faces":{"north":{"rotation":180,"uv":[0,12.75,1.5,11.5],"texture":"#6"},"south":{"rotation":180,"uv":[0,12.75,1.5,11.5],"texture":"#6"}}}],"display":{"thirdperson_righthand":{"rotation":[20,117,0],"scale":[0.11,0.11,0.11],"translation":[-0.5,0,0]},"head":{"scale":[0.22,0.22,0.22]},"thirdperson_lefthand":{"rotation":[22,-72,0],"scale":[0.11,0.11,0.11],"translation":[-0.5,0,0]},"gui":{"rotation":[0,-180,22],"scale":[0.4,0.4,0.4]},"firstperson_lefthand":{"rotation":[180,-66,168],"scale":[0.175,0.175,0.175],"translation":[2.5,0,0]},"firstperson_righthand":{"rotation":[-71,66,80],"scale":[0.175,0.175,0.175],"translation":[2.5,0,0]},"fixed":{"rotation":[0,180,0],"scale":[0.22,0.22,0.22],"translation":[0,0,-1]},"ground":{"translation":[0,3,0],"scale":[0.11,0.11,0.11]}},"credit":"thebradqq's guns"}