{"textures":{"3":"mgs:gun/metal","5":"mgs:gun/metal_dark","1_2":"mgs:gun/copper","1_1":"mgs:gun/brass"},"gui_light":"front","elements":[{"to":[8.6,15.601,5.93],"rotation":{"origin":[8,8.001,8.00361],"angle":0,"axis":"y"},"from":[0.2,14.701,5.7],"faces":{"west":{"rotation":180,"uv":[7.75,10.75,8,11.5],"texture":"#5"},"east":{"rotation":270,"uv":[7.25,11.25,8.25,11.75],"texture":"#5"},"north":{"rotation":270,"uv":[9,9.25,9.25,12],"texture":"#3"},"south":{"rotation":270,"uv":[0.75,10.75,1.75,9.75],"texture":"#5"}}},{"to":[8.599,16.501,5.93],"rotation":{"origin":[4.4,15.601,5.7],"angle":45,"axis":"x"},"from":[0.201,15.601,5.7],"faces":{"west":{"rotation":180,"uv":[7.75,10.75,8,11.5],"texture":"#5"},"east":{"rotation":270,"uv":[7.25,11.25,8.25,11.75],"texture":"#5"},"north":{"rotation":270,"uv":[11,9.75,11.25,12.5],"texture":"#3"},"up":{"rotation":270,"uv":[0,15.5,1,16],"texture":"#5"},"south":{"rotation":270,"uv":[7,8,8,8.25],"texture":"#5"}}},{"to":[8.6,15.601,10.3],"rotation":{"origin":[8,8.001,8.10361],"angle":0,"axis":"y"},"from":[0.2,14.701,10.07],"faces":{"west":{"rotation":180,"uv":[7.75,10.75,8,11.5],"texture":"#5"},"east":{"rotation":90,"uv":[7.25,11.25,8.25,11.75],"texture":"#5"},"north":{"rotation":270,"uv":[0.75,10.75,1.75,9.75],"texture":"#5"},"south":{"rotation":90,"uv":[9,9.25,9.25,12],"texture":"#3"}}},{"to":[8.599,16.501,10.3],"rotation":{"origin":[4.4,15.601,10.3],"angle":-45,"axis":"x"},"from":[0.201,15.601,10.07],"faces":{"west":{"rotation":180,"uv":[7.75,10.75,8,11.5],"texture":"#5"},"east":{"rotation":90,"uv":[7.25,11.25,8.25,11.75],"texture":"#5"},"north":{"rotation":270,"uv":[7,8,8,8.25],"texture":"#5"},"up":{"rotation":270,"uv":[0,15.5,1,16],"texture":"#5"},"south":{"rotation":90,"uv":[11,9.75,11.25,12.5],"texture":"#3"}}},{"to":[15.8,14.702,10.3],"rotation":{"origin":[8,8.001,8.00361],"angle":0,"axis":"y"},"from":[15.6,1.301,5.7],"faces":{"west":{"rotation":270,"uv":[0.75,10.75,1.75,9.75],"texture":"#5"},"east":{"rotation":270,"uv":[6.5,10.25,8.5,11.25],"texture":"#3"},"up":{"rotation":270,"uv":[6.25,11.5,8.25,12],"texture":"#3"}}},{"to":[0.4,14.7,10.3],"rotation":{"origin":[8,8,8.00361],"angle":0,"axis":"y"},"from":[0.2,1.3,5.7],"faces":{"west":{"rotation":270,"uv":[7.75,10.75,9.75,11.75],"texture":"#5"},"east":{"rotation":270,"uv":[0.75,10.75,1.75,9.75],"texture":"#5"},"up":{"rotation":90,"uv":[6,11.25,8,11.75],"texture":"#3"}}},{"to":[11.2,14.701,5.9],"from":[0.2,1.3,5.7],"faces":{"north":{"rotation":270,"uv":[9,8.25,11,12],"texture":"#3"},"up":{"rotation":180,"uv":[6.25,11.5,8.25,12],"texture":"#3"},"south":{"rotation":270,"uv":[0.75,9.75,1.75,10.75],"texture":"#5"}}},{"to":[11.2,14.701,10.3],"from":[0.2,1.3,10.1],"faces":{"north":{"rotation":270,"uv":[0.75,10.75,1.75,9.75],"texture":"#5"},"up":{"rotation":180,"uv":[6.25,12,8.25,11.5],"texture":"#3"},"south":{"rotation":270,"uv":[9,12,11,8.25],"texture":"#3"}}},{"to":[15.8,14.701,5.9],"from":[11.2,1.3,5.7],"faces":{"north":{"rotation":90,"uv":[9.25,8.25,11.25,9.75],"texture":"#3"},"up":{"rotation":180,"uv":[6.25,11.5,8.25,12],"texture":"#3"},"south":{"rotation":270,"uv":[0.75,9.75,1.75,10.75],"texture":"#5"}}},{"to":[15.8,14.701,10.3],"from":[11.2,1.3,10.1],"faces":{"north":{"rotation":270,"uv":[0.75,10.75,1.75,9.75],"texture":"#5"},"up":{"rotation":180,"uv":[6.25,12,8.25,11.5],"texture":"#3"},"south":{"rotation":90,"uv":[9.25,9.75,11.25,8.25],"texture":"#3"}}},{"to":[16.5,14,10.19639],"from":[15.8,13.8,5.69639],"faces":{"down":{"rotation":270,"uv":[7.75,9,9.5,9.75],"texture":"#3"},"east":{"rotation":180,"uv":[8.5,11.25,10.25,11.75],"texture":"#3"},"north":{"rotation":90,"uv":[8.25,11,8.5,11.75],"texture":"#3"},"up":{"rotation":270,"uv":[8.5,11.25,10.25,12],"texture":"#3"},"south":{"rotation":270,"uv":[8.25,11,8.5,11.75],"texture":"#3"}}},{"to":[16,12.5,8.39639],"from":[14.4,11.6,7.49639],"faces":{"down":{"uv":[10.25,7.75,10.75,8.75],"texture":"#5"},"east":{"uv":[7.75,1.75,8.75,2.75],"texture":"#5"},"north":{"uv":[11,4.5,11.5,5.5],"texture":"#5"},"up":{"uv":[0,15,0.5,16],"texture":"#5"},"south":{"uv":[11,4.5,11.5,5.5],"texture":"#5"}}},{"to":[15.8,14.6,10.3],"rotation":{"origin":[8,8,8.00361],"angle":0,"axis":"y"},"from":[0.2,1.3,5.7],"faces":{"down":{"rotation":90,"uv":[8.25,7.5,10.25,12],"texture":"#5"},"up":{"rotation":180,"uv":[5.5,8,8.25,9.5],"texture":"#3"}}},{"to":[8.8,15.6,8.3],"rotation":{"origin":[8,8,8.00361],"angle":0,"axis":"y"},"from":[0.4,14.3,6],"faces":{"north":{"rotation":180,"uv":[5.25,10.5,8,11.25],"texture":"#3"},"west":{"rotation":180,"uv":[3,8,4.5,8.75],"texture":"#3"},"up":{"uv":[5.5,10.5,8.25,12],"texture":"#3"},"down":{"rotation":90,"uv":[8.25,7.5,10.25,12],"texture":"#5"},"east":{"rotation":180,"uv":[0,12,1.5,12.75],"texture":"#5"},"south":{"rotation":180,"uv":[5.25,11,8,11.75],"texture":"#3"}}}],"display":{"thirdperson_righthand":{"rotation":[-20,113,20],"scale":[0.2,0.2,0.2],"translation":[-0.5,0,0]},"head":{"scale":[0.4,0.4,0.4]},"thirdperson_lefthand":{"rotation":[52,-81,35],"scale":[0.2,0.2,0.2],"translation":[-0.5,0,0]},"gui":{"rotation":[0,180,0],"scale":[0.85,0.85,0.85]},"firstperson_lefthand":{"rotation":[-46,-116,-37],"scale":[0.5,0.5,0.5],"translation":[2.5,0,0]},"firstperson_righthand":{"rotation":[-53,59,46],"scale":[0.5,0.5,0.5],"translation":[2.5,0.5,0]},"fixed":{"rotation":[0,180,0],"scale":[0.4,0.4,0.4],"translation":[0,0,-2]},"ground":{"translation":[0,1.5,0],"scale":[0.2,0.2,0.2]}},"credit":"thebradqq's guns"}