{"textures":{"3":"mgs:gun/metal","5":"mgs:gun/metal_dark","1_2":"mgs:gun/copper","1_1":"mgs:gun/brass"},"gui_light":"front","elements":[{"to":[8.6,15.601,5.93],"rotation":{"origin":[8,8.001,8.00361],"angle":0,"axis":"y"},"from":[0.2,14.701,5.7],"faces":{"west":{"rotation":180,"uv":[7.75,10.75,8,11.5],"texture":"#5"},"east":{"rotation":270,"uv":[7.25,11.25,8.25,11.75],"texture":"#5"},"north":{"rotation":270,"uv":[9,9.25,9.25,12],"texture":"#3"},"south":{"rotation":270,"uv":[0.75,10.75,1.75,9.75],"texture":"#5"}}},{"to":[8.599,16.501,5.93],"rotation":{"origin":[4.4,15.601,5.7],"angle":45,"axis":"x"},"from":[0.201,15.601,5.7],"faces":{"west":{"rotation":180,"uv":[7.75,10.75,8,11.5],"texture":"#5"},"east":{"rotation":270,"uv":[7.25,11.25,8.25,11.75],"texture":"#5"},"north":{"rotation":270,"uv":[11,9.75,11.25,12.5],"texture":"#3"},"up":{"rotation":270,"uv":[0,15.5,1,16],"texture":"#5"},"south":{"rotation":270,"uv":[7,8,8,8.25],"texture":"#5"}}},{"to":[8.6,15.601,10.3],"rotation":{"origin":[8,8.001,8.10361],"angle":0,"axis":"y"},"from":[0.2,14.701,10.07],"faces":{"west":{"rotation":180,"uv":[7.75,10.75,8,11.5],"texture":"#5"},"east":{"rotation":90,"uv":[7.25,11.25,8.25,11.75],"texture":"#5"},"north":{"rotation":270,"uv":[0.75,10.75,1.75,9.75],"texture":"#5"},"south":{"rotation":90,"uv":[9,9.25,9.25,12],"texture":"#3"}}},{"to":[8.599,16.501,10.3],"rotation":{"origin":[4.4,15.601,10.3],"angle":-45,"axis":"x"},"from":[0.201,15.601,10.07],"faces":{"west":{"rotation":180,"uv":[7.75,10.75,8,11.5],"texture":"#5"},"east":{"rotation":90,"uv":[7.25,11.25,8.25,11.75],"texture":"#5"},"north":{"rotation":270,"uv":[7,8,8,8.25],"texture":"#5"},"up":{"rotation":270,"uv":[0,15.5,1,16],"texture":"#5"},"south":{"rotation":90,"uv":[11,9.75,11.25,12.5],"texture":"#3"}}},{"to":[15.8,14.702,10.3],"rotation":{"origin":[8,8.001,8.00361],"angle":0,"axis":"y"},"from":[15.6,1.301,5.7],"faces":{"west":{"rotation":270,"uv":[0.75,10.75,1.75,9.75],"texture":"#5"},"east":{"rotation":270,"uv":[6.5,10.25,8.5,11.25],"texture":"#3"},"up":{"rotation":270,"uv":[6.25,11.5,8.25,12],"texture":"#3"}}},{"to":[0.4,14.7,10.3],"rotation":{"origin":[8,8,8.00361],"angle":0,"axis":"y"},"from":[0.2,1.3,5.7],"faces":{"west":{"rotation":270,"uv":[7.75,10.75,9.75,11.75],"texture":"#5"},"east":{"rotation":270,"uv":[0.75,10.75,1.75,9.75],"texture":"#5"},"up":{"rotation":90,"uv":[6,11.25,8,11.75],"texture":"#3"}}},{"to":[11.2,14.701,5.9],"from":[0.2,1.3,5.7],"faces":{"north":{"rotation":270,"uv":[9,8.25,11,12],"texture":"#3"},"up":{"rotation":180,"uv":[6.25,11.5,8.25,12],"texture":"#3"},"south":{"rotation":270,"uv":[0.75,9.75,1.75,10.75],"texture":"#5"}}},{"to":[11.2,14.701,10.3],"from":[0.2,1.3,10.1],"faces":{"north":{"rotation":270,"uv":[0.75,10.75,1.75,9.75],"texture":"#5"},"up":{"rotation":180,"uv":[6.25,12,8.25,11.5],"texture":"#3"},"south":{"rotation":270,"uv":[9,12,11,8.25],"texture":"#3"}}},{"to":[15.8,14.701,5.9],"from":[11.2,1.3,5.7],"faces":{"north":{"rotation":90,"uv":[9.25,8.25,11.25,9.75],"texture":"#3"},"up":{"rotation":180,"uv":[6.25,11.5,8.25,12],"texture":"#3"},"south":{"rotation":270,"uv":[0.75,9.75,1.75,10.75],"texture":"#5"}}},{"to":[15.8,14.701,10.3],"from":[11.2,1.3,10.1],"faces":{"north":{"rotation":270,"uv":[0.75,10.75,1.75,9.75],"texture":"#5"},"up":{"rotation":180,"uv":[6.25,12,8.25,11.5],"texture":"#3"},"south":{"rotation":90,"uv":[9.25,9.75,11.25,8.25],"texture":"#3"}}},{"to":[16.5,14,10.19639],"from":[15.8,13.8,5.69639],"faces":{"down":{"rotation":270,"uv":[7.75,9,9.5,9.75],"texture":"#3"},"east":{"rotation":180,"uv":[8.5,11.25,10.25,11.75],"texture":"#3"},"north":{"rotation":90,"uv":[8.25,11,8.5,11.75],"texture":"#3"},"up":{"rotation":270,"uv":[8.5,11.25,10.25,12],"texture":"#3"},"south":{"rotation":270,"uv":[8.25,11,8.5,11.75],"texture":"#3"}}},{"to":[16,12.5,8.39639],"from":[14.4,11.6,7.49639],"faces":{"down":{"uv":[10.25,7.75,10.75,8.75],"texture":"#5"},"east":{"uv":[7.75,1.75,8.75,2.75],"texture":"#5"},"north":{"uv":[11,4.5,11.5,5.5],"texture":"#5"},"up":{"uv":[0,15,0.5,16],"texture":"#5"},"south":{"uv":[11,4.5,11.5,5.5],"texture":"#5"}}},{"to":[9.87205,16.1633,7.59901],"rotation":{"origin":[12.49872,8,8],"angle":0,"axis":"y"},"from":[0.7428,14.2367,6.80098],"faces":{"down":{"uv":[6.25,7.75,6.75,8.5],"texture":"#1_1"},"east":{"uv":[9.5,7.25,10.25,8.25],"texture":"#1_1"},"up":{"rotation":180,"uv":[1.25,3.75,1.75,4.5],"texture":"#1_1"}}},{"to":[0.8442,16.3154,7.42186],"rotation":{"origin":[4.0174,8,8],"angle":0,"axis":"y"},"from":[0.5906,14.0846,6.97814],"faces":{"down":{"rotation":180,"uv":[6.25,8,6.75,8.25],"texture":"#1_1"},"west":{"uv":[8.25,4,8.75,6],"texture":"#1_1"},"east":{"uv":[12.5,7.5,13,8],"texture":"#1_1"},"up":{"rotation":180,"uv":[3.5,3.75,4,4.25],"texture":"#1_1"}}},{"to":[0.6415,15.707,7.30084],"rotation":{"origin":[12.49872,8,8],"angle":0,"axis":"y"},"from":[0.5401,14.693,7.09915],"faces":{"down":{"uv":[9.5,8,9.75,8.25],"texture":"#1_2"},"west":{"uv":[6.25,4.5,6.75,5.25],"texture":"#1_2"},"up":{"uv":[3.25,4,3.5,4.5],"texture":"#1_2"}}},{"to":[7.56694,14.5377,7.42186],"rotation":{"origin":[12.49872,8,8],"angle":-22.5,"axis":"z"},"from":[6.55294,13.8279,6.97813],"faces":{"north":{"rotation":180,"uv":[10.5,2.75,11,3.25],"texture":"#1_1"},"up":{"uv":[2,3.25,2.75,3.75],"texture":"#1_1"},"south":{"rotation":180,"uv":[10.5,2.75,11,3.25],"texture":"#1_1"}}},{"to":[11.76557,15.97571,7.35429],"rotation":{"origin":[13.63297,8,7.99999],"angle":0,"axis":"y"},"from":[9.68036,14.42429,7.0457],"faces":{"down":{"rotation":180,"uv":[7.25,8,8.25,8.25],"texture":"#1_1"},"east":{"uv":[5.25,10.5,5.75,11],"texture":"#1_1"},"up":{"rotation":180,"uv":[3.5,4,4.5,4.25],"texture":"#1_1"}}},{"to":[11.76557,15.1215,4.65987],"rotation":{"origin":[12.04884,8,8],"angle":22.5,"axis":"x"},"from":[9.68036,13.57008,4.35128],"faces":{"down":{"rotation":180,"uv":[5.25,7.75,6.25,8],"texture":"#1_1"},"east":{"uv":[5.25,10.5,5.75,11],"texture":"#1_1"},"up":{"rotation":180,"uv":[5.25,4.25,6.25,4.5],"texture":"#1_1"}}},{"to":[11.76557,15.73379,10.17051],"rotation":{"origin":[12.04884,8,8],"angle":-22.5,"axis":"x"},"from":[9.68036,14.18237,9.86191],"faces":{"down":{"rotation":180,"uv":[2.5,8.25,3.5,8.5],"texture":"#1_1"},"east":{"uv":[5.25,10.5,5.75,11],"texture":"#1_1"},"up":{"rotation":180,"uv":[4.75,4.25,5.75,4.5],"texture":"#1_1"}}},{"to":[11.76557,13.81116,13.30119],"rotation":{"origin":[12.04884,8,8],"angle":-45,"axis":"x"},"from":[9.68036,13.50255,11.74977],"faces":{"east":{"uv":[5.25,10.5,5.75,11],"texture":"#1_1"},"north":{"rotation":180,"uv":[4.75,5.5,5.75,5.75],"texture":"#1_1"},"south":{"rotation":180,"uv":[6.75,4.5,7.75,4.75],"texture":"#1_1"}}},{"to":[11.76557,14.43256,12.67978],"rotation":{"origin":[12.04884,8,8],"angle":-45,"axis":"x"},"from":[9.68036,12.88114,12.37118],"faces":{"down":{"rotation":180,"uv":[4.25,5.75,5.25,6],"texture":"#1_1"},"east":{"uv":[5.25,10.5,5.75,11],"texture":"#1_1"},"up":{"rotation":180,"uv":[1.25,4.25,2.25,4.5],"texture":"#1_1"}}},{"to":[11.76557,15.11238,10.79193],"rotation":{"origin":[12.04884,8,8],"angle":-22.5,"axis":"x"},"from":[9.68036,14.80377,9.24051],"faces":{"east":{"uv":[5.25,10.5,5.75,11],"texture":"#1_1"},"north":{"rotation":180,"uv":[3,5.25,4,5.5],"texture":"#1_1"},"south":{"rotation":180,"uv":[6.75,4.75,7.75,5],"texture":"#1_1"}}},{"to":[11.76557,14.50009,5.28129],"rotation":{"origin":[12.04884,8,8],"angle":22.5,"axis":"x"},"from":[9.68036,14.19148,3.72987],"faces":{"east":{"uv":[5.25,10.5,5.75,11],"texture":"#1_1"},"north":{"rotation":180,"uv":[1.5,4.75,2.5,5],"texture":"#1_1"},"south":{"rotation":180,"uv":[8,5.25,9,5.5],"texture":"#1_1"}}},{"to":[11.76557,15.3543,7.97571],"rotation":{"origin":[12.04884,8,8],"angle":0,"axis":"y"},"from":[9.68036,15.0457,6.42429],"faces":{"east":{"uv":[5.25,10.5,5.75,11],"texture":"#1_1"},"north":{"rotation":180,"uv":[2,5,3,5.25],"texture":"#1_1"},"south":{"rotation":180,"uv":[5,5,6,5.25],"texture":"#1_1"}}},{"to":[13.02943,15.93008,7.34522],"rotation":{"origin":[12.04884,8,8],"angle":0,"axis":"y"},"from":[11.67431,14.46992,7.05478],"faces":{"down":{"rotation":180,"uv":[7.75,8,8.25,8.25],"texture":"#1_2"},"east":{"uv":[11,7.5,11.5,8],"texture":"#1_2"},"up":{"uv":[3.25,4,3.75,4.25],"texture":"#1_2"}}},{"to":[13.02943,15.68816,10.16144],"rotation":{"origin":[12.04884,8,8],"angle":-22.5,"axis":"x"},"from":[11.67431,14.228,9.87099],"faces":{"down":{"rotation":180,"uv":[4.25,8,4.75,8.25],"texture":"#1_2"},"east":{"uv":[11,7.5,11.5,8],"texture":"#1_2"},"up":{"uv":[7.5,4.25,8,4.5],"texture":"#1_2"}}},{"to":[13.02943,15.07587,4.6508],"rotation":{"origin":[12.04884,8,8],"angle":22.5,"axis":"x"},"from":[11.67431,13.61571,4.36036],"faces":{"down":{"uv":[4.25,8,4.75,8.25],"texture":"#1_2"},"east":{"uv":[11,7.5,11.5,8],"texture":"#1_2"},"up":{"uv":[5.5,4.25,6,4.5],"texture":"#1_2"}}},{"to":[13.02943,14.38693,12.6707],"rotation":{"origin":[12.04884,8,8],"angle":-45,"axis":"x"},"from":[11.67431,12.92677,12.38026],"faces":{"down":{"rotation":180,"uv":[2.75,9.25,3.25,9.5],"texture":"#1_2"},"east":{"uv":[11,7.5,11.5,8],"texture":"#1_2"},"up":{"rotation":180,"uv":[6.5,4.75,7,5],"texture":"#1_2"}}},{"to":[13.02943,13.25556,2.48837],"rotation":{"origin":[12.04884,8,8],"angle":45,"axis":"x"},"from":[11.67431,11.7954,2.19793],"faces":{"down":{"rotation":180,"uv":[2.75,9.25,3.25,9.75],"texture":"#1_2"},"east":{"uv":[11,7.5,11.5,8],"texture":"#1_2"},"up":{"uv":[8.5,4.75,9,5],"texture":"#1_2"}}},{"to":[13.02943,14.49101,5.23566],"rotation":{"origin":[12.04884,8,8],"angle":22.5,"axis":"x"},"from":[11.67431,14.20056,3.7755],"faces":{"east":{"rotation":90,"uv":[11,7.5,11.5,8],"texture":"#1_2"},"north":{"rotation":180,"uv":[5.5,11.5,6,11.75],"texture":"#1_2"},"south":{"rotation":180,"uv":[1.25,9.75,1.75,10],"texture":"#1_2"}}},{"to":[13.02943,15.1033,10.7463],"rotation":{"origin":[12.04884,8,8],"angle":-22.5,"axis":"x"},"from":[11.67431,14.81285,9.28614],"faces":{"east":{"rotation":270,"uv":[11,7.5,11.5,8],"texture":"#1_2"},"north":{"rotation":180,"uv":[2.5,10,3,10.5],"texture":"#1_2"},"south":{"rotation":180,"uv":[5.5,11.5,6,11.75],"texture":"#1_2"}}},{"to":[13.02943,15.34522,7.93008],"rotation":{"origin":[12.04884,8,8],"angle":0,"axis":"y"},"from":[11.67431,15.05478,6.46992],"faces":{"east":{"uv":[11,7.5,11.5,8],"texture":"#1_2"},"north":{"rotation":180,"uv":[5.5,11,6,11.25],"texture":"#1_2"},"south":{"rotation":180,"uv":[5.5,11,6,11.25],"texture":"#1_2"}}},{"to":[13.66824,15.88445,7.33614],"rotation":{"origin":[12.04884,8,8],"angle":0,"axis":"y"},"from":[13.02943,14.51555,7.06386],"faces":{"down":{"rotation":180,"uv":[7.75,8,8.25,8.25],"texture":"#1_2"},"east":{"uv":[11,7.5,11.5,8],"texture":"#1_2"},"up":{"uv":[3.25,4,3.75,4.25],"texture":"#1_2"}}},{"to":[13.66824,15.03024,4.64172],"rotation":{"origin":[12.04884,8,8],"angle":22.5,"axis":"x"},"from":[13.02943,13.66134,4.36943],"faces":{"down":{"uv":[4.25,8,4.75,8.25],"texture":"#1_2"},"east":{"uv":[11,7.5,11.5,8],"texture":"#1_2"},"up":{"uv":[12.75,2.25,13.25,2.5],"texture":"#1_2"}}},{"to":[13.66824,15.64253,10.15236],"rotation":{"origin":[12.04884,8,8],"angle":-22.5,"axis":"x"},"from":[13.02943,14.27363,9.88007],"faces":{"down":{"rotation":180,"uv":[4.25,8,4.75,8.25],"texture":"#1_2"},"east":{"uv":[11,7.5,11.5,8],"texture":"#1_2"},"up":{"uv":[8.5,4.25,9,4.5],"texture":"#1_2"}}},{"to":[13.66824,13.20993,2.47929],"rotation":{"origin":[12.04884,8,8],"angle":45,"axis":"x"},"from":[13.02943,11.84103,2.207],"faces":{"down":{"rotation":180,"uv":[2.75,9.25,3.25,9.75],"texture":"#1_2"},"east":{"uv":[11,7.5,11.5,8],"texture":"#1_2"},"up":{"uv":[9.25,4.75,9.75,5],"texture":"#1_2"}}},{"to":[13.66824,14.3413,12.66162],"rotation":{"origin":[12.04884,8,8],"angle":-45,"axis":"x"},"from":[13.02943,12.9724,12.38934],"faces":{"down":{"rotation":180,"uv":[2.75,9.25,3.25,9.5],"texture":"#1_2"},"east":{"uv":[11,7.5,11.5,8],"texture":"#1_2"},"up":{"rotation":180,"uv":[5.75,4.75,6.25,5],"texture":"#1_2"}}},{"to":[13.66824,15.09422,10.70067],"rotation":{"origin":[12.04884,8,8],"angle":-22.5,"axis":"x"},"from":[13.02943,14.82194,9.33177],"faces":{"east":{"rotation":270,"uv":[11,7.5,11.5,8],"texture":"#1_2"},"north":{"rotation":180,"uv":[2.5,10,3,10.5],"texture":"#1_2"},"south":{"rotation":180,"uv":[6.25,11.5,6.75,11.75],"texture":"#1_2"}}},{"to":[13.66824,14.48193,5.19003],"rotation":{"origin":[12.04884,8,8],"angle":22.5,"axis":"x"},"from":[13.02943,14.20964,3.82113],"faces":{"east":{"rotation":90,"uv":[11,7.5,11.5,8],"texture":"#1_2"},"north":{"rotation":180,"uv":[4.75,11.5,5.25,11.75],"texture":"#1_2"},"south":{"rotation":180,"uv":[1.25,9.75,1.75,10],"texture":"#1_2"}}},{"to":[13.66824,15.33614,7.88445],"rotation":{"origin":[12.04884,8,8],"angle":0,"axis":"y"},"from":[13.02943,15.06386,6.51555],"faces":{"east":{"uv":[11,7.5,11.5,8],"texture":"#1_2"},"north":{"rotation":180,"uv":[5.5,11,6,11.25],"texture":"#1_2"},"south":{"rotation":180,"uv":[5.5,11,6,11.25],"texture":"#1_2"}}},{"to":[14.07892,15.83882,7.32707],"rotation":{"origin":[12.04884,8,8],"angle":0,"axis":"y"},"from":[13.66824,14.56118,7.07293],"faces":{"down":{"rotation":180,"uv":[7.75,8,8.25,8.25],"texture":"#1_2"},"east":{"uv":[11,7.5,11.5,8],"texture":"#1_2"},"up":{"uv":[3.25,4,3.75,4.25],"texture":"#1_2"}}},{"to":[14.07892,15.5969,10.14328],"rotation":{"origin":[12.04884,8,8],"angle":-22.5,"axis":"x"},"from":[13.66824,14.31926,9.88914],"faces":{"down":{"rotation":180,"uv":[4.25,8,4.75,8.25],"texture":"#1_2"},"east":{"uv":[11,7.5,11.5,8],"texture":"#1_2"},"up":{"uv":[8.75,4.25,9.25,4.5],"texture":"#1_2"}}},{"to":[14.07892,14.98461,4.63265],"rotation":{"origin":[12.04884,8,8],"angle":22.5,"axis":"x"},"from":[13.66824,13.70697,4.37851],"faces":{"down":{"uv":[4.25,8,4.75,8.25],"texture":"#1_2"},"east":{"uv":[11,7.5,11.5,8],"texture":"#1_2"},"up":{"uv":[10.5,2.75,11,3],"texture":"#1_2"}}},{"to":[14.07892,14.29567,12.65256],"rotation":{"origin":[12.04884,8,8],"angle":-45,"axis":"x"},"from":[13.66824,13.01803,12.39841],"faces":{"down":{"rotation":180,"uv":[2.75,9.25,3.25,9.5],"texture":"#1_2"},"east":{"uv":[11,7.5,11.5,8],"texture":"#1_2"},"up":{"rotation":180,"uv":[7.5,4.75,8,5],"texture":"#1_2"}}},{"to":[14.07892,14.47285,5.1444],"rotation":{"origin":[12.04884,8,8],"angle":22.5,"axis":"x"},"from":[13.66824,14.21871,3.86676],"faces":{"east":{"rotation":90,"uv":[11,7.5,11.5,8],"texture":"#1_2"},"north":{"rotation":180,"uv":[6.75,11.5,7.25,11.75],"texture":"#1_2"},"south":{"rotation":180,"uv":[1.25,9.75,1.75,10],"texture":"#1_2"}}},{"to":[14.07892,13.1643,2.47022],"rotation":{"origin":[12.04884,8,8],"angle":45,"axis":"x"},"from":[13.66824,11.88666,2.21607],"faces":{"down":{"rotation":180,"uv":[2.75,9.25,3.25,9.75],"texture":"#1_2"},"east":{"uv":[11,7.5,11.5,8],"texture":"#1_2"},"up":{"uv":[9,4.75,9.5,5],"texture":"#1_2"}}},{"to":[14.07892,15.08515,10.65504],"rotation":{"origin":[12.04884,8,8],"angle":-22.5,"axis":"x"},"from":[13.66824,14.83101,9.3774],"faces":{"east":{"rotation":270,"uv":[11,7.5,11.5,8],"texture":"#1_2"},"north":{"rotation":180,"uv":[2.5,10,3,10.5],"texture":"#1_2"},"south":{"rotation":180,"uv":[6.25,11.5,6.75,11.75],"texture":"#1_2"}}},{"to":[14.07892,15.32707,7.83882],"rotation":{"origin":[12.04884,8,8],"angle":0,"axis":"y"},"from":[13.66824,15.07293,6.56118],"faces":{"east":{"uv":[11,7.5,11.5,8],"texture":"#1_2"},"north":{"rotation":180,"uv":[5.5,11,6,11.25],"texture":"#1_2"},"south":{"rotation":180,"uv":[5.5,11,6,11.25],"texture":"#1_2"}}},{"to":[14.39833,15.79319,7.31799],"rotation":{"origin":[12.04884,8,8],"angle":0,"axis":"y"},"from":[14.07892,14.60681,7.08201],"faces":{"down":{"rotation":180,"uv":[7.75,8,8.25,8.25],"texture":"#1_2"},"east":{"uv":[11,7.5,11.5,8],"texture":"#1_2"},"up":{"uv":[3.25,4,3.75,4.25],"texture":"#1_2"}}},{"to":[14.39833,14.93898,4.62357],"rotation":{"origin":[12.04884,8,8],"angle":22.5,"axis":"x"},"from":[14.07892,13.7526,4.38759],"faces":{"down":{"uv":[4.25,8,4.75,8.25],"texture":"#1_2"},"east":{"uv":[11,7.5,11.5,8],"texture":"#1_2"},"up":{"uv":[11.25,3.25,11.75,3.5],"texture":"#1_2"}}},{"to":[14.39833,15.55127,10.13421],"rotation":{"origin":[12.04884,8,8],"angle":-22.5,"axis":"x"},"from":[14.07892,14.36489,9.89822],"faces":{"down":{"rotation":180,"uv":[4.25,8,4.75,8.25],"texture":"#1_2"},"east":{"uv":[11,7.5,11.5,8],"texture":"#1_2"},"up":{"uv":[11,3,11.5,3.25],"texture":"#1_2"}}},{"to":[14.39833,13.11867,2.46113],"rotation":{"origin":[12.04884,8,8],"angle":45,"axis":"x"},"from":[14.07892,11.93229,2.22516],"faces":{"down":{"rotation":180,"uv":[2.75,9.25,3.25,9.75],"texture":"#1_2"},"east":{"uv":[11,7.5,11.5,8],"texture":"#1_2"},"up":{"uv":[6.5,4.75,7,5],"texture":"#1_2"}}},{"to":[14.39833,14.25004,12.64347],"rotation":{"origin":[12.04884,8,8],"angle":-45,"axis":"x"},"from":[14.07892,13.06366,12.4075],"faces":{"down":{"rotation":180,"uv":[2.75,9.25,3.25,9.5],"texture":"#1_2"},"east":{"uv":[11,7.5,11.5,8],"texture":"#1_2"},"up":{"rotation":180,"uv":[8,4.75,8.5,5],"texture":"#1_2"}}},{"to":[14.39833,15.07607,10.60941],"rotation":{"origin":[12.04884,8,8],"angle":-22.5,"axis":"x"},"from":[14.07892,14.84009,9.42303],"faces":{"east":{"rotation":270,"uv":[11,7.5,11.5,8],"texture":"#1_2"},"north":{"rotation":180,"uv":[2.5,10,3,10.5],"texture":"#1_2"},"south":{"rotation":180,"uv":[7.5,11.5,8,11.75],"texture":"#1_2"}}},{"to":[14.39833,14.46377,5.09877],"rotation":{"origin":[12.04884,8,8],"angle":22.5,"axis":"x"},"from":[14.07892,14.22779,3.91239],"faces":{"east":{"rotation":90,"uv":[11,7.5,11.5,8],"texture":"#1_2"},"north":{"rotation":180,"uv":[7,11.5,7.5,11.75],"texture":"#1_2"},"south":{"rotation":180,"uv":[1.25,9.75,1.75,10],"texture":"#1_2"}}},{"to":[14.39833,15.31799,7.79319],"rotation":{"origin":[12.04884,8,8],"angle":0,"axis":"y"},"from":[14.07892,15.08201,6.60681],"faces":{"east":{"uv":[11,7.5,11.5,8],"texture":"#1_2"},"north":{"rotation":180,"uv":[5.5,11,6,11.25],"texture":"#1_2"},"south":{"rotation":180,"uv":[5.5,11,6,11.25],"texture":"#1_2"}}},{"to":[12.21284,16.05692,7.38252],"rotation":{"origin":[12.04884,8,8],"angle":-22.5,"axis":"z"},"from":[11.25461,15.69188,7.01748],"faces":{"east":{"uv":[7.5,2,8,2.5],"texture":"#1_2"},"north":{"uv":[6,4.5,6.5,5],"texture":"#1_2"},"up":{"uv":[4,4,4.5,4.5],"texture":"#1_2"},"south":{"uv":[5.75,4.5,6.25,5],"texture":"#1_2"}}},{"to":[17.72349,13.61199,7.38252],"rotation":{"origin":[12.04884,8,8],"angle":22.5,"axis":"z"},"from":[16.76526,13.24695,7.01748],"faces":{"down":{"rotation":180,"uv":[15,8,15.5,8.5],"texture":"#1_2"},"east":{"uv":[7.5,2,8,2.5],"texture":"#1_2"},"north":{"rotation":180,"uv":[5,8,5.5,8.5],"texture":"#1_2"},"south":{"rotation":180,"uv":[5,8,5.5,8.5],"texture":"#1_2"}}},{"to":[15.27431,15.38252,8.66588],"rotation":{"origin":[12.04884,8,8],"angle":22.5,"axis":"y"},"from":[14.31608,15.01748,8.25521],"faces":{"down":{"rotation":180,"uv":[9,10.25,9.5,10.75],"texture":"#1_2"},"east":{"uv":[7.5,2,8,2.5],"texture":"#1_2"},"up":{"uv":[6.5,4.75,7,5.25],"texture":"#1_2"},"south":{"rotation":180,"uv":[4.75,11.25,5.25,11.75],"texture":"#1_2"}}},{"to":[14.66202,15.38252,6.26658],"rotation":{"origin":[12.04884,8,8],"angle":-22.5,"axis":"y"},"from":[13.70379,15.01748,5.85591],"faces":{"down":{"rotation":180,"uv":[9,10.25,9.5,10.75],"texture":"#1_2"},"east":{"uv":[7.5,2,8,2.5],"texture":"#1_2"},"north":{"rotation":180,"uv":[4.75,11.25,5.25,11.75],"texture":"#1_2"},"up":{"rotation":180,"uv":[6.5,4.75,7,5.25],"texture":"#1_2"}}},{"to":[9.5074,16.07348,10.23808],"rotation":{"origin":[12.49872,8,8],"angle":-22.5,"axis":"x"},"from":[1.0977,13.84268,9.79434],"faces":{"down":{"rotation":180,"uv":[3.5,8,7.5,8.5],"texture":"#1_1"},"west":{"uv":[12.5,7.5,13,8],"texture":"#1_1"},"east":{"uv":[9.5,7.25,10.25,8.25],"texture":"#1_1"},"up":{"uv":[0,3.25,4,3.75],"texture":"#1_1"}}},{"to":[9.5074,15.46119,4.72744],"rotation":{"origin":[12.49872,8,8],"angle":22.5,"axis":"x"},"from":[1.0977,13.23039,4.28371],"faces":{"down":{"rotation":180,"uv":[3,9,7,9.5],"texture":"#1_1"},"west":{"uv":[12.5,7.5,13,8],"texture":"#1_1"},"east":{"uv":[9.5,7.25,10.25,8.25],"texture":"#1_1"},"up":{"uv":[2,3.75,6,4.25],"texture":"#1_1"}}},{"to":[9.5074,14.77225,12.74735],"rotation":{"origin":[12.49872,8,8],"angle":-45,"axis":"x"},"from":[1.0977,12.54145,12.30361],"faces":{"down":{"uv":[4.5,5.5,8.5,6],"texture":"#1_1"},"west":{"uv":[12.5,7.5,13,8],"texture":"#1_1"},"east":{"uv":[9.5,7.25,10.25,8.25],"texture":"#1_1"},"up":{"rotation":180,"uv":[1.25,4.25,5.25,4.75],"texture":"#1_1"}}},{"to":[9.5074,13.64088,2.56501],"rotation":{"origin":[12.49872,8,8],"angle":45,"axis":"x"},"from":[1.0977,11.41008,2.12127],"faces":{"down":{"rotation":180,"uv":[5.75,5.5,9.75,6],"texture":"#1_1"},"west":{"uv":[12.5,7.5,13,8],"texture":"#1_1"},"east":{"uv":[9.5,7.25,10.25,8.25],"texture":"#1_1"},"up":{"uv":[5.25,4.25,9.25,4.75],"texture":"#1_1"}}},{"to":[9.5074,15.17994,11.13162],"rotation":{"origin":[12.49872,8,8],"angle":-22.5,"axis":"x"},"from":[1.0977,14.73622,8.90082],"faces":{"west":{"rotation":90,"uv":[12.5,7.5,13,8],"texture":"#1_1"},"east":{"uv":[9.5,7.25,10.25,7.75],"texture":"#1_1"},"north":{"uv":[6.25,5,10.25,5.5],"texture":"#1_1"},"south":{"uv":[5.25,4.75,9.25,5.25],"texture":"#1_1"}}},{"to":[9.5074,14.56765,5.62098],"rotation":{"origin":[12.49872,8,8],"angle":22.5,"axis":"x"},"from":[1.0977,14.12392,3.39018],"faces":{"west":{"rotation":270,"uv":[12.5,7.5,13,8],"texture":"#1_1"},"east":{"uv":[9.5,7.25,10.25,7.75],"texture":"#1_1"},"north":{"uv":[5.25,4.75,9.25,5.25],"texture":"#1_1"},"south":{"uv":[6.25,5,10.25,5.5],"texture":"#1_1"}}},{"to":[9.5074,15.42186,8.3154],"rotation":{"origin":[12.49872,8,8],"angle":0,"axis":"y"},"from":[1.0977,14.97814,6.0846],"faces":{"west":{"uv":[12.5,7.5,13,8],"texture":"#1_1"},"north":{"uv":[3,12.25,7,12.75],"texture":"#1_1"},"south":{"uv":[0,12,4,12.5],"texture":"#1_1"}}},{"to":[9.87205,14.62015,12.92449],"rotation":{"origin":[12.49872,8,8],"angle":-45,"axis":"x"},"from":[0.7428,12.69355,12.12647],"faces":{"down":{"rotation":180,"uv":[2,5.75,2.5,6.5],"texture":"#1_1"},"east":{"uv":[9.5,7.25,10.25,8.25],"texture":"#1_1"},"up":{"rotation":180,"uv":[1.25,4.25,1.75,5],"texture":"#1_1"}}},{"to":[9.87205,13.48878,2.74215],"rotation":{"origin":[12.49872,8,8],"angle":45,"axis":"x"},"from":[0.7428,11.56218,1.94412],"faces":{"down":{"uv":[2,5.75,2.5,6.5],"texture":"#1_1"},"east":{"uv":[9.5,7.25,10.25,8.25],"texture":"#1_1"},"up":{"uv":[1.25,4.25,1.75,5],"texture":"#1_1"}}},{"to":[9.87205,15.59901,8.1633],"rotation":{"origin":[12.49872,8,8],"angle":0,"axis":"y"},"from":[0.7428,14.80099,6.2367],"faces":{"east":{"uv":[9.5,7.25,10.25,8.25],"texture":"#1_1"},"north":{"uv":[3,4.75,3.5,5.5],"texture":"#1_1"},"south":{"uv":[3,4.75,3.5,5.5],"texture":"#1_1"}}},{"to":[9.5074,16.3154,7.42185],"rotation":{"origin":[12.49872,8,8],"angle":0,"axis":"y"},"from":[1.0977,14.0846,6.97813],"faces":{"down":{"rotation":180,"uv":[5.5,7.75,9.5,8.25],"texture":"#1_1"},"west":{"uv":[12.5,7.5,13,8],"texture":"#1_1"},"up":{"uv":[2,3.25,6,3.75],"texture":"#1_1"}}},{"to":[13.07758,15.47596,7.42186],"rotation":{"origin":[12.49872,8,8],"angle":22.5,"axis":"z"},"from":[12.06358,14.76616,6.97813],"faces":{"down":{"rotation":180,"uv":[5.5,7.75,6.25,8.25],"texture":"#1_1"},"north":{"rotation":180,"uv":[7.5,8,7.75,8.25],"texture":"#1_1"},"south":{"rotation":180,"uv":[7.5,8,7.75,8.25],"texture":"#1_1"}}},{"to":[10.6284,15.42186,7.14666],"rotation":{"origin":[12.49872,8,8],"angle":22.5,"axis":"y"},"from":[9.6144,14.97814,6.43686],"faces":{"down":{"rotation":180,"uv":[4.5,12,5,12.5],"texture":"#1_1"},"up":{"rotation":180,"uv":[4.5,12,5,12.5],"texture":"#1_1"},"south":{"uv":[0,12,0.75,12.5],"texture":"#1_1"}}},{"to":[10.01611,15.42186,8.08493],"rotation":{"origin":[12.49872,8,8],"angle":-22.5,"axis":"y"},"from":[9.00211,14.97814,7.37513],"faces":{"down":{"rotation":180,"uv":[4.5,12,5,12.5],"texture":"#1_1"},"north":{"uv":[0,12,0.75,12.5],"texture":"#1_1"},"up":{"rotation":180,"uv":[4.5,12,5,12.5],"texture":"#1_1"}}},{"to":[0.6414,14.85279,4.60642],"rotation":{"origin":[12.49872,8,8],"angle":22.5,"axis":"x"},"from":[0.54,13.83879,4.40473],"faces":{"down":{"uv":[9,8,9.25,8.5],"texture":"#1_2"},"west":{"uv":[5.25,4.5,5.75,5.25],"texture":"#1_2"},"up":{"uv":[3.25,4,3.5,4.5],"texture":"#1_2"}}},{"to":[0.6414,15.46508,10.11706],"rotation":{"origin":[12.49872,8,8],"angle":-22.5,"axis":"x"},"from":[0.54,14.45108,9.91536],"faces":{"down":{"rotation":180,"uv":[9,8,9.25,8.5],"texture":"#1_2"},"west":{"uv":[5.25,4.5,5.75,5.25],"texture":"#1_2"},"up":{"rotation":180,"uv":[7.25,4.25,7.5,4.75],"texture":"#1_2"}}},{"to":[0.6415,13.03248,2.44399],"rotation":{"origin":[12.49872,8,8],"angle":45,"axis":"x"},"from":[0.5401,12.01848,2.24229],"faces":{"down":{"uv":[6,5.5,6.25,6],"texture":"#1_2"},"west":{"uv":[6.25,4.5,6.75,5.25],"texture":"#1_2"},"up":{"uv":[3.75,4,4,4.5],"texture":"#1_2"}}},{"to":[0.6415,14.16385,12.62633],"rotation":{"origin":[12.49872,8,8],"angle":-45,"axis":"x"},"from":[0.5401,13.14985,12.42463],"faces":{"down":{"uv":[6,5.5,6.25,6],"texture":"#1_2"},"west":{"uv":[6.25,4.5,6.75,5.25],"texture":"#1_2"},"up":{"rotation":180,"uv":[8.25,4.5,8.5,5],"texture":"#1_2"}}},{"to":[0.6414,15.05893,10.52322],"rotation":{"origin":[12.49872,8,8],"angle":-22.5,"axis":"x"},"from":[0.54,14.85723,9.50922],"faces":{"west":{"rotation":90,"uv":[9,4.5,9.5,5.25],"texture":"#1_2"},"north":{"uv":[6.25,5,6.5,5.5],"texture":"#1_2"},"south":{"uv":[7.25,4.25,7.5,4.75],"texture":"#1_2"}}},{"to":[0.6414,14.44663,5.01258],"rotation":{"origin":[12.49872,8,8],"angle":22.5,"axis":"x"},"from":[0.54,14.24493,3.99858],"faces":{"west":{"rotation":270,"uv":[9.25,4.5,9.75,5.25],"texture":"#1_2"},"north":{"uv":[7.25,4.25,7.5,4.75],"texture":"#1_2"},"south":{"uv":[6.25,5,6.5,5.5],"texture":"#1_2"}}},{"to":[0.6415,15.30085,7.707],"rotation":{"origin":[12.49872,8,8],"angle":0,"axis":"y"},"from":[0.5401,15.09915,6.693],"faces":{"west":{"uv":[6.25,4.5,6.75,5],"texture":"#1_2"},"north":{"uv":[6.25,4.5,6.5,5],"texture":"#1_2"},"south":{"uv":[6.25,4.5,6.5,5],"texture":"#1_2"}}},{"to":[0.8443,16.07348,10.23808],"rotation":{"origin":[12.49872,8,8],"angle":-22.5,"axis":"x"},"from":[0.5907,13.84268,9.79435],"faces":{"down":{"rotation":180,"uv":[6.25,8,6.75,8.25],"texture":"#1_1"},"west":{"uv":[7.25,4,7.75,6],"texture":"#1_1"},"east":{"uv":[12.5,7.5,13,8],"texture":"#1_1"},"up":{"rotation":180,"uv":[3.5,4.25,4,4.75],"texture":"#1_1"}}},{"to":[0.8443,15.46119,4.72744],"rotation":{"origin":[12.49872,8,8],"angle":22.5,"axis":"x"},"from":[0.5907,13.23039,4.28371],"faces":{"down":{"rotation":180,"uv":[6.25,8,6.75,8.25],"texture":"#1_1"},"west":{"uv":[7.25,4,7.75,6],"texture":"#1_1"},"east":{"uv":[12.5,7.5,13,8],"texture":"#1_1"},"up":{"uv":[3.5,4.25,4,4.75],"texture":"#1_1"}}},{"to":[0.8442,14.77225,12.74735],"rotation":{"origin":[12.49872,8,8],"angle":-45,"axis":"x"},"from":[0.5906,12.54145,12.30362],"faces":{"down":{"rotation":180,"uv":[6.25,8,6.75,8.25],"texture":"#1_1"},"west":{"uv":[6.75,4.5,7.25,6.5],"texture":"#1_1"},"east":{"uv":[12.5,7.5,13,8],"texture":"#1_1"},"up":{"rotation":180,"uv":[7.75,4.75,8.25,5.25],"texture":"#1_1"}}},{"to":[0.8442,13.64088,2.56501],"rotation":{"origin":[12.49872,8,8],"angle":45,"axis":"x"},"from":[0.5906,11.41008,2.12128],"faces":{"down":{"rotation":180,"uv":[6.25,8,6.75,8.25],"texture":"#1_1"},"west":{"uv":[10.75,4.5,11.25,6.5],"texture":"#1_1"},"east":{"uv":[12.5,7.5,13,8],"texture":"#1_1"},"up":{"uv":[3.75,4.75,4.25,5.25],"texture":"#1_1"}}},{"to":[0.8443,14.56765,5.62098],"rotation":{"origin":[12.49872,8,8],"angle":22.5,"axis":"x"},"from":[0.5907,14.12392,3.39018],"faces":{"west":{"rotation":270,"uv":[0.75,4.75,1.25,6.75],"texture":"#1_1"},"east":{"rotation":90,"uv":[12.5,7.5,13,8],"texture":"#1_1"},"north":{"uv":[6.75,5.5,7.25,6],"texture":"#1_1"},"south":{"rotation":180,"uv":[6,8,6.5,8.5],"texture":"#1_1"}}},{"to":[0.8443,15.17994,11.13162],"rotation":{"origin":[12.49872,8,8],"angle":-22.5,"axis":"x"},"from":[0.5907,14.73622,8.90082],"faces":{"west":{"rotation":90,"uv":[0.5,4.75,1,6.75],"texture":"#1_1"},"east":{"rotation":270,"uv":[12.5,7.5,13,8],"texture":"#1_1"},"north":{"rotation":180,"uv":[6.75,8,7.25,8.5],"texture":"#1_1"},"south":{"uv":[5.25,5.5,5.75,6],"texture":"#1_1"}}},{"to":[0.8442,15.42186,8.3154],"rotation":{"origin":[12.49872,8,8],"angle":0,"axis":"y"},"from":[0.5906,14.97814,6.0846],"faces":{"west":{"rotation":90,"uv":[7.25,9.5,7.75,11.5],"texture":"#1_1"},"east":{"uv":[12.5,7.5,13,8],"texture":"#1_1"},"north":{"rotation":180,"uv":[4.25,8.25,4.75,8.75],"texture":"#1_1"},"south":{"rotation":180,"uv":[6.25,8.25,6.75,8.75],"texture":"#1_1"}}},{"to":[9.87205,14.6633,9.24901],"rotation":{"origin":[12.49872,8,8],"angle":0,"axis":"y"},"from":[0.7428,12.7367,8.45098],"faces":{"down":{"uv":[6.25,7.75,6.75,8.5],"texture":"#1_1"},"east":{"uv":[9.5,7.25,10.25,8.25],"texture":"#1_1"},"up":{"rotation":180,"uv":[1.25,3.75,1.75,4.5],"texture":"#1_1"}}},{"to":[0.8442,14.8154,9.07186],"rotation":{"origin":[4.0174,8,8],"angle":0,"axis":"y"},"from":[0.5906,12.5846,8.62814],"faces":{"down":{"rotation":180,"uv":[6.25,8,6.75,8.25],"texture":"#1_1"},"west":{"uv":[8.25,4,8.75,6],"texture":"#1_1"},"east":{"uv":[12.5,7.5,13,8],"texture":"#1_1"},"up":{"rotation":180,"uv":[3.5,3.75,4,4.25],"texture":"#1_1"}}},{"to":[0.6415,14.207,8.95084],"rotation":{"origin":[12.49872,8,8],"angle":0,"axis":"y"},"from":[0.5401,13.193,8.74915],"faces":{"down":{"uv":[9.5,8,9.75,8.25],"texture":"#1_2"},"west":{"uv":[6.25,4.5,6.75,5.25],"texture":"#1_2"},"up":{"uv":[3.25,4,3.5,4.5],"texture":"#1_2"}}},{"to":[8.14097,13.15188,9.07186],"rotation":{"origin":[12.49872,8,8],"angle":-22.5,"axis":"z"},"from":[7.12697,12.44208,8.62813],"faces":{"north":{"rotation":180,"uv":[10.5,2.75,11,3.25],"texture":"#1_1"},"up":{"uv":[2,3.25,2.75,3.75],"texture":"#1_1"},"south":{"rotation":180,"uv":[10.5,2.75,11,3.25],"texture":"#1_1"}}},{"to":[11.76557,14.47571,9.00429],"rotation":{"origin":[13.63297,8,7.99999],"angle":0,"axis":"y"},"from":[9.68036,12.92429,8.6957],"faces":{"down":{"rotation":180,"uv":[7.25,8,8.25,8.25],"texture":"#1_1"},"east":{"uv":[5.25,10.5,5.75,11],"texture":"#1_1"},"up":{"rotation":180,"uv":[3.5,4,4.5,4.25],"texture":"#1_1"}}},{"to":[11.76557,14.3671,6.7583],"rotation":{"origin":[12.04884,8,8],"angle":22.5,"axis":"x"},"from":[9.68036,12.81568,6.4497],"faces":{"down":{"rotation":180,"uv":[5.25,7.75,6.25,8],"texture":"#1_1"},"east":{"uv":[5.25,10.5,5.75,11],"texture":"#1_1"},"up":{"rotation":180,"uv":[5.25,4.25,6.25,4.5],"texture":"#1_1"}}},{"to":[11.76557,13.71654,11.12088],"rotation":{"origin":[12.04884,8,8],"angle":-22.5,"axis":"x"},"from":[9.68036,12.16512,10.81229],"faces":{"down":{"rotation":180,"uv":[2.5,8.25,3.5,8.5],"texture":"#1_1"},"east":{"uv":[5.25,10.5,5.75,11],"texture":"#1_1"},"up":{"rotation":180,"uv":[4.75,4.25,5.75,4.5],"texture":"#1_1"}}},{"to":[11.76557,11.58377,13.40726],"rotation":{"origin":[12.04884,8,8],"angle":-45,"axis":"x"},"from":[9.68036,11.27517,11.85584],"faces":{"east":{"uv":[5.25,10.5,5.75,11],"texture":"#1_1"},"north":{"rotation":180,"uv":[4.75,5.5,5.75,5.75],"texture":"#1_1"},"south":{"rotation":180,"uv":[6.75,4.5,7.75,4.75],"texture":"#1_1"}}},{"to":[11.76557,12.20518,12.78584],"rotation":{"origin":[12.04884,8,8],"angle":-45,"axis":"x"},"from":[9.68036,10.65376,12.47725],"faces":{"down":{"rotation":180,"uv":[4.25,5.75,5.25,6],"texture":"#1_1"},"east":{"uv":[5.25,10.5,5.75,11],"texture":"#1_1"},"up":{"rotation":180,"uv":[1.25,4.25,2.25,4.5],"texture":"#1_1"}}},{"to":[11.76557,13.09513,11.7423],"rotation":{"origin":[12.04884,8,8],"angle":-22.5,"axis":"x"},"from":[9.68036,12.78653,10.19088],"faces":{"east":{"uv":[5.25,10.5,5.75,11],"texture":"#1_1"},"north":{"rotation":180,"uv":[3,5.25,4,5.5],"texture":"#1_1"},"south":{"rotation":180,"uv":[6.75,4.75,7.75,5],"texture":"#1_1"}}},{"to":[11.76557,13.74569,7.37971],"rotation":{"origin":[12.04884,8,8],"angle":22.5,"axis":"x"},"from":[9.68036,13.43709,5.82829],"faces":{"east":{"uv":[5.25,10.5,5.75,11],"texture":"#1_1"},"north":{"rotation":180,"uv":[1.5,4.75,2.5,5],"texture":"#1_1"},"south":{"rotation":180,"uv":[8,5.25,9,5.5],"texture":"#1_1"}}},{"to":[11.76557,13.8543,9.62571],"rotation":{"origin":[12.04884,8,8],"angle":0,"axis":"y"},"from":[9.68036,13.5457,8.07429],"faces":{"east":{"uv":[5.25,10.5,5.75,11],"texture":"#1_1"},"north":{"rotation":180,"uv":[2,5,3,5.25],"texture":"#1_1"},"south":{"rotation":180,"uv":[5,5,6,5.25],"texture":"#1_1"}}},{"to":[13.02943,14.43008,8.99522],"rotation":{"origin":[12.04884,8,8],"angle":0,"axis":"y"},"from":[11.67431,12.96992,8.70478],"faces":{"down":{"rotation":180,"uv":[7.75,8,8.25,8.25],"texture":"#1_2"},"east":{"uv":[11,7.5,11.5,8],"texture":"#1_2"},"up":{"uv":[3.25,4,3.75,4.25],"texture":"#1_2"}}},{"to":[13.02943,13.67091,11.11181],"rotation":{"origin":[12.04884,8,8],"angle":-22.5,"axis":"x"},"from":[11.67431,12.21075,10.82137],"faces":{"down":{"rotation":180,"uv":[4.25,8,4.75,8.25],"texture":"#1_2"},"east":{"uv":[11,7.5,11.5,8],"texture":"#1_2"},"up":{"uv":[7.5,4.25,8,4.5],"texture":"#1_2"}}},{"to":[13.02943,14.32147,6.74923],"rotation":{"origin":[12.04884,8,8],"angle":22.5,"axis":"x"},"from":[11.67431,12.86131,6.45878],"faces":{"down":{"uv":[4.25,8,4.75,8.25],"texture":"#1_2"},"east":{"uv":[11,7.5,11.5,8],"texture":"#1_2"},"up":{"uv":[5.5,4.25,6,4.5],"texture":"#1_2"}}},{"to":[13.02943,12.15955,12.77677],"rotation":{"origin":[12.04884,8,8],"angle":-45,"axis":"x"},"from":[11.67431,10.69939,12.48633],"faces":{"down":{"rotation":180,"uv":[2.75,9.25,3.25,9.5],"texture":"#1_2"},"east":{"uv":[11,7.5,11.5,8],"texture":"#1_2"},"up":{"rotation":180,"uv":[6.5,4.75,7,5],"texture":"#1_2"}}},{"to":[13.02943,13.36163,4.71575],"rotation":{"origin":[12.04884,8,8],"angle":45,"axis":"x"},"from":[11.67431,11.90147,4.42531],"faces":{"down":{"rotation":180,"uv":[2.75,9.25,3.25,9.75],"texture":"#1_2"},"east":{"uv":[11,7.5,11.5,8],"texture":"#1_2"},"up":{"uv":[8.5,4.75,9,5],"texture":"#1_2"}}},{"to":[13.02943,13.73661,7.33408],"rotation":{"origin":[12.04884,8,8],"angle":22.5,"axis":"x"},"from":[11.67431,13.44617,5.87392],"faces":{"east":{"rotation":90,"uv":[11,7.5,11.5,8],"texture":"#1_2"},"north":{"rotation":180,"uv":[5.5,11.5,6,11.75],"texture":"#1_2"},"south":{"rotation":180,"uv":[1.25,9.75,1.75,10],"texture":"#1_2"}}},{"to":[13.02943,13.08605,11.69667],"rotation":{"origin":[12.04884,8,8],"angle":-22.5,"axis":"x"},"from":[11.67431,12.79561,10.23651],"faces":{"east":{"rotation":270,"uv":[11,7.5,11.5,8],"texture":"#1_2"},"north":{"rotation":180,"uv":[2.5,10,3,10.5],"texture":"#1_2"},"south":{"rotation":180,"uv":[5.5,11.5,6,11.75],"texture":"#1_2"}}},{"to":[13.02943,13.84522,9.58008],"rotation":{"origin":[12.04884,8,8],"angle":0,"axis":"y"},"from":[11.67431,13.55478,8.11992],"faces":{"east":{"uv":[11,7.5,11.5,8],"texture":"#1_2"},"north":{"rotation":180,"uv":[5.5,11,6,11.25],"texture":"#1_2"},"south":{"rotation":180,"uv":[5.5,11,6,11.25],"texture":"#1_2"}}},{"to":[13.66824,14.38445,8.98614],"rotation":{"origin":[12.04884,8,8],"angle":0,"axis":"y"},"from":[13.02943,13.01555,8.71386],"faces":{"down":{"rotation":180,"uv":[7.75,8,8.25,8.25],"texture":"#1_2"},"east":{"uv":[11,7.5,11.5,8],"texture":"#1_2"},"up":{"uv":[3.25,4,3.75,4.25],"texture":"#1_2"}}},{"to":[13.66824,14.27584,6.74015],"rotation":{"origin":[12.04884,8,8],"angle":22.5,"axis":"x"},"from":[13.02943,12.90694,6.46786],"faces":{"down":{"uv":[4.25,8,4.75,8.25],"texture":"#1_2"},"east":{"uv":[11,7.5,11.5,8],"texture":"#1_2"},"up":{"uv":[12.75,2.25,13.25,2.5],"texture":"#1_2"}}},{"to":[13.66824,13.62528,11.10273],"rotation":{"origin":[12.04884,8,8],"angle":-22.5,"axis":"x"},"from":[13.02943,12.25638,10.83045],"faces":{"down":{"rotation":180,"uv":[4.25,8,4.75,8.25],"texture":"#1_2"},"east":{"uv":[11,7.5,11.5,8],"texture":"#1_2"},"up":{"uv":[8.5,4.25,9,4.5],"texture":"#1_2"}}},{"to":[13.66824,13.316,4.70667],"rotation":{"origin":[12.04884,8,8],"angle":45,"axis":"x"},"from":[13.02943,11.9471,4.43439],"faces":{"down":{"rotation":180,"uv":[2.75,9.25,3.25,9.75],"texture":"#1_2"},"east":{"uv":[11,7.5,11.5,8],"texture":"#1_2"},"up":{"uv":[9.25,4.75,9.75,5],"texture":"#1_2"}}},{"to":[13.66824,12.11392,12.76769],"rotation":{"origin":[12.04884,8,8],"angle":-45,"axis":"x"},"from":[13.02943,10.74502,12.49541],"faces":{"down":{"rotation":180,"uv":[2.75,9.25,3.25,9.5],"texture":"#1_2"},"east":{"uv":[11,7.5,11.5,8],"texture":"#1_2"},"up":{"rotation":180,"uv":[5.75,4.75,6.25,5],"texture":"#1_2"}}},{"to":[13.66824,13.07697,11.65104],"rotation":{"origin":[12.04884,8,8],"angle":-22.5,"axis":"x"},"from":[13.02943,12.80469,10.28214],"faces":{"east":{"rotation":270,"uv":[11,7.5,11.5,8],"texture":"#1_2"},"north":{"rotation":180,"uv":[2.5,10,3,10.5],"texture":"#1_2"},"south":{"rotation":180,"uv":[6.25,11.5,6.75,11.75],"texture":"#1_2"}}},{"to":[13.66824,13.72754,7.28845],"rotation":{"origin":[12.04884,8,8],"angle":22.5,"axis":"x"},"from":[13.02943,13.45525,5.91955],"faces":{"east":{"rotation":90,"uv":[11,7.5,11.5,8],"texture":"#1_2"},"north":{"rotation":180,"uv":[4.75,11.5,5.25,11.75],"texture":"#1_2"},"south":{"rotation":180,"uv":[1.25,9.75,1.75,10],"texture":"#1_2"}}},{"to":[13.66824,13.83614,9.53445],"rotation":{"origin":[12.04884,8,8],"angle":0,"axis":"y"},"from":[13.02943,13.56386,8.16555],"faces":{"east":{"uv":[11,7.5,11.5,8],"texture":"#1_2"},"north":{"rotation":180,"uv":[5.5,11,6,11.25],"texture":"#1_2"},"south":{"rotation":180,"uv":[5.5,11,6,11.25],"texture":"#1_2"}}},{"to":[14.07892,14.33882,8.97707],"rotation":{"origin":[12.04884,8,8],"angle":0,"axis":"y"},"from":[13.66824,13.06118,8.72293],"faces":{"down":{"rotation":180,"uv":[7.75,8,8.25,8.25],"texture":"#1_2"},"east":{"uv":[11,7.5,11.5,8],"texture":"#1_2"},"up":{"uv":[3.25,4,3.75,4.25],"texture":"#1_2"}}},{"to":[14.07892,13.57965,11.09366],"rotation":{"origin":[12.04884,8,8],"angle":-22.5,"axis":"x"},"from":[13.66824,12.30201,10.83952],"faces":{"down":{"rotation":180,"uv":[4.25,8,4.75,8.25],"texture":"#1_2"},"east":{"uv":[11,7.5,11.5,8],"texture":"#1_2"},"up":{"uv":[8.75,4.25,9.25,4.5],"texture":"#1_2"}}},{"to":[14.07892,14.23021,6.73107],"rotation":{"origin":[12.04884,8,8],"angle":22.5,"axis":"x"},"from":[13.66824,12.95257,6.47693],"faces":{"down":{"uv":[4.25,8,4.75,8.25],"texture":"#1_2"},"east":{"uv":[11,7.5,11.5,8],"texture":"#1_2"},"up":{"uv":[10.5,2.75,11,3],"texture":"#1_2"}}},{"to":[14.07892,12.06829,12.75862],"rotation":{"origin":[12.04884,8,8],"angle":-45,"axis":"x"},"from":[13.66824,10.79065,12.50448],"faces":{"down":{"rotation":180,"uv":[2.75,9.25,3.25,9.5],"texture":"#1_2"},"east":{"uv":[11,7.5,11.5,8],"texture":"#1_2"},"up":{"rotation":180,"uv":[7.5,4.75,8,5],"texture":"#1_2"}}},{"to":[14.07892,13.71846,7.24282],"rotation":{"origin":[12.04884,8,8],"angle":22.5,"axis":"x"},"from":[13.66824,13.46432,5.96518],"faces":{"east":{"rotation":90,"uv":[11,7.5,11.5,8],"texture":"#1_2"},"north":{"rotation":180,"uv":[6.75,11.5,7.25,11.75],"texture":"#1_2"},"south":{"rotation":180,"uv":[1.25,9.75,1.75,10],"texture":"#1_2"}}},{"to":[14.07892,13.27037,4.6976],"rotation":{"origin":[12.04884,8,8],"angle":45,"axis":"x"},"from":[13.66824,11.99273,4.44346],"faces":{"down":{"rotation":180,"uv":[2.75,9.25,3.25,9.75],"texture":"#1_2"},"east":{"uv":[11,7.5,11.5,8],"texture":"#1_2"},"up":{"uv":[9,4.75,9.5,5],"texture":"#1_2"}}},{"to":[14.07892,13.0679,11.60541],"rotation":{"origin":[12.04884,8,8],"angle":-22.5,"axis":"x"},"from":[13.66824,12.81376,10.32777],"faces":{"east":{"rotation":270,"uv":[11,7.5,11.5,8],"texture":"#1_2"},"north":{"rotation":180,"uv":[2.5,10,3,10.5],"texture":"#1_2"},"south":{"rotation":180,"uv":[6.25,11.5,6.75,11.75],"texture":"#1_2"}}},{"to":[14.07892,13.82707,9.48882],"rotation":{"origin":[12.04884,8,8],"angle":0,"axis":"y"},"from":[13.66824,13.57293,8.21118],"faces":{"east":{"uv":[11,7.5,11.5,8],"texture":"#1_2"},"north":{"rotation":180,"uv":[5.5,11,6,11.25],"texture":"#1_2"},"south":{"rotation":180,"uv":[5.5,11,6,11.25],"texture":"#1_2"}}},{"to":[14.39833,14.29319,8.96799],"rotation":{"origin":[12.04884,8,8],"angle":0,"axis":"y"},"from":[14.07892,13.10681,8.73201],"faces":{"down":{"rotation":180,"uv":[7.75,8,8.25,8.25],"texture":"#1_2"},"east":{"uv":[11,7.5,11.5,8],"texture":"#1_2"},"up":{"uv":[3.25,4,3.75,4.25],"texture":"#1_2"}}},{"to":[14.39833,14.18458,6.722],"rotation":{"origin":[12.04884,8,8],"angle":22.5,"axis":"x"},"from":[14.07892,12.9982,6.48601],"faces":{"down":{"uv":[4.25,8,4.75,8.25],"texture":"#1_2"},"east":{"uv":[11,7.5,11.5,8],"texture":"#1_2"},"up":{"uv":[11.25,3.25,11.75,3.5],"texture":"#1_2"}}},{"to":[14.39833,13.53402,11.08458],"rotation":{"origin":[12.04884,8,8],"angle":-22.5,"axis":"x"},"from":[14.07892,12.34764,10.8486],"faces":{"down":{"rotation":180,"uv":[4.25,8,4.75,8.25],"texture":"#1_2"},"east":{"uv":[11,7.5,11.5,8],"texture":"#1_2"},"up":{"uv":[11,3,11.5,3.25],"texture":"#1_2"}}},{"to":[14.39833,13.22474,4.68852],"rotation":{"origin":[12.04884,8,8],"angle":45,"axis":"x"},"from":[14.07892,12.03836,4.45254],"faces":{"down":{"rotation":180,"uv":[2.75,9.25,3.25,9.75],"texture":"#1_2"},"east":{"uv":[11,7.5,11.5,8],"texture":"#1_2"},"up":{"uv":[6.5,4.75,7,5],"texture":"#1_2"}}},{"to":[14.39833,12.02266,12.74954],"rotation":{"origin":[12.04884,8,8],"angle":-45,"axis":"x"},"from":[14.07892,10.83628,12.51356],"faces":{"down":{"rotation":180,"uv":[2.75,9.25,3.25,9.5],"texture":"#1_2"},"east":{"uv":[11,7.5,11.5,8],"texture":"#1_2"},"up":{"rotation":180,"uv":[8,4.75,8.5,5],"texture":"#1_2"}}},{"to":[14.39833,13.05882,11.55978],"rotation":{"origin":[12.04884,8,8],"angle":-22.5,"axis":"x"},"from":[14.07892,12.82284,10.3734],"faces":{"east":{"rotation":270,"uv":[11,7.5,11.5,8],"texture":"#1_2"},"north":{"rotation":180,"uv":[2.5,10,3,10.5],"texture":"#1_2"},"south":{"rotation":180,"uv":[7.5,11.5,8,11.75],"texture":"#1_2"}}},{"to":[14.39833,13.70938,7.19719],"rotation":{"origin":[12.04884,8,8],"angle":22.5,"axis":"x"},"from":[14.07892,13.4734,6.01081],"faces":{"east":{"rotation":90,"uv":[11,7.5,11.5,8],"texture":"#1_2"},"north":{"rotation":180,"uv":[7,11.5,7.5,11.75],"texture":"#1_2"},"south":{"rotation":180,"uv":[1.25,9.75,1.75,10],"texture":"#1_2"}}},{"to":[14.39833,13.81799,9.44319],"rotation":{"origin":[12.04884,8,8],"angle":0,"axis":"y"},"from":[14.07892,13.58201,8.25681],"faces":{"east":{"uv":[11,7.5,11.5,8],"texture":"#1_2"},"north":{"rotation":180,"uv":[5.5,11,6,11.25],"texture":"#1_2"},"south":{"rotation":180,"uv":[5.5,11,6,11.25],"texture":"#1_2"}}},{"to":[12.78687,14.6711,9.03252],"rotation":{"origin":[12.04884,8,8],"angle":-22.5,"axis":"z"},"from":[11.82864,14.30606,8.66748],"faces":{"east":{"uv":[7.5,2,8,2.5],"texture":"#1_2"},"north":{"uv":[6,4.5,6.5,5],"texture":"#1_2"},"up":{"uv":[4,4,4.5,4.5],"texture":"#1_2"},"south":{"uv":[5.75,4.5,6.25,5],"texture":"#1_2"}}},{"to":[17.14946,12.22617,9.03252],"rotation":{"origin":[12.04884,8,8],"angle":22.5,"axis":"z"},"from":[16.19123,11.86113,8.66748],"faces":{"down":{"rotation":180,"uv":[15,8,15.5,8.5],"texture":"#1_2"},"east":{"uv":[7.5,2,8,2.5],"texture":"#1_2"},"north":{"rotation":180,"uv":[5,8,5.5,8.5],"texture":"#1_2"},"south":{"rotation":180,"uv":[5,8,5.5,8.5],"texture":"#1_2"}}},{"to":[14.64288,13.88252,10.19028],"rotation":{"origin":[12.04884,8,8],"angle":22.5,"axis":"y"},"from":[13.68465,13.51748,9.77961],"faces":{"down":{"rotation":180,"uv":[9,10.25,9.5,10.75],"texture":"#1_2"},"east":{"uv":[7.5,2,8,2.5],"texture":"#1_2"},"up":{"uv":[6.5,4.75,7,5.25],"texture":"#1_2"},"south":{"rotation":180,"uv":[4.75,11.25,5.25,11.75],"texture":"#1_2"}}},{"to":[15.29345,13.88252,7.79098],"rotation":{"origin":[12.04884,8,8],"angle":-22.5,"axis":"y"},"from":[14.33522,13.51748,7.38031],"faces":{"down":{"rotation":180,"uv":[9,10.25,9.5,10.75],"texture":"#1_2"},"east":{"uv":[7.5,2,8,2.5],"texture":"#1_2"},"north":{"rotation":180,"uv":[4.75,11.25,5.25,11.75],"texture":"#1_2"},"up":{"rotation":180,"uv":[6.5,4.75,7,5.25],"texture":"#1_2"}}},{"to":[9.5074,14.05623,11.18846],"rotation":{"origin":[12.49872,8,8],"angle":-22.5,"axis":"x"},"from":[1.0977,11.82543,10.74472],"faces":{"down":{"rotation":180,"uv":[3.5,8,7.5,8.5],"texture":"#1_1"},"west":{"uv":[12.5,7.5,13,8],"texture":"#1_1"},"east":{"uv":[9.5,7.25,10.25,8.25],"texture":"#1_1"},"up":{"uv":[0,3.25,4,3.75],"texture":"#1_1"}}},{"to":[9.5074,14.70679,6.82587],"rotation":{"origin":[12.49872,8,8],"angle":22.5,"axis":"x"},"from":[1.0977,12.47599,6.38213],"faces":{"down":{"rotation":180,"uv":[3,9,7,9.5],"texture":"#1_1"},"west":{"uv":[12.5,7.5,13,8],"texture":"#1_1"},"east":{"uv":[9.5,7.25,10.25,8.25],"texture":"#1_1"},"up":{"uv":[2,3.75,6,4.25],"texture":"#1_1"}}},{"to":[9.5074,12.54487,12.85341],"rotation":{"origin":[12.49872,8,8],"angle":-45,"axis":"x"},"from":[1.0977,10.31407,12.40968],"faces":{"down":{"uv":[4.5,5.5,8.5,6],"texture":"#1_1"},"west":{"uv":[12.5,7.5,13,8],"texture":"#1_1"},"east":{"uv":[9.5,7.25,10.25,8.25],"texture":"#1_1"},"up":{"rotation":180,"uv":[1.25,4.25,5.25,4.75],"texture":"#1_1"}}},{"to":[9.5074,13.74695,4.7924],"rotation":{"origin":[12.49872,8,8],"angle":45,"axis":"x"},"from":[1.0977,11.51615,4.34866],"faces":{"down":{"rotation":180,"uv":[5.75,5.5,9.75,6],"texture":"#1_1"},"west":{"uv":[12.5,7.5,13,8],"texture":"#1_1"},"east":{"uv":[9.5,7.25,10.25,8.25],"texture":"#1_1"},"up":{"uv":[5.25,4.25,9.25,4.75],"texture":"#1_1"}}},{"to":[9.5074,13.1627,12.08199],"rotation":{"origin":[12.49872,8,8],"angle":-22.5,"axis":"x"},"from":[1.0977,12.71897,9.85119],"faces":{"west":{"rotation":90,"uv":[12.5,7.5,13,8],"texture":"#1_1"},"east":{"uv":[9.5,7.25,10.25,7.75],"texture":"#1_1"},"north":{"uv":[6.25,5,10.25,5.5],"texture":"#1_1"},"south":{"uv":[5.25,4.75,9.25,5.25],"texture":"#1_1"}}},{"to":[9.5074,13.81326,7.7194],"rotation":{"origin":[12.49872,8,8],"angle":22.5,"axis":"x"},"from":[1.0977,13.36953,5.4886],"faces":{"west":{"rotation":270,"uv":[12.5,7.5,13,8],"texture":"#1_1"},"east":{"uv":[9.5,7.25,10.25,7.75],"texture":"#1_1"},"north":{"uv":[5.25,4.75,9.25,5.25],"texture":"#1_1"},"south":{"uv":[6.25,5,10.25,5.5],"texture":"#1_1"}}},{"to":[9.5074,13.92186,9.9654],"rotation":{"origin":[12.49872,8,8],"angle":0,"axis":"y"},"from":[1.0977,13.47814,7.7346],"faces":{"west":{"uv":[12.5,7.5,13,8],"texture":"#1_1"},"north":{"uv":[3,12.25,7,12.75],"texture":"#1_1"},"south":{"uv":[0,12,4,12.5],"texture":"#1_1"}}},{"to":[9.87205,12.39277,13.03056],"rotation":{"origin":[12.49872,8,8],"angle":-45,"axis":"x"},"from":[0.7428,10.46617,12.23253],"faces":{"down":{"rotation":180,"uv":[2,5.75,2.5,6.5],"texture":"#1_1"},"east":{"uv":[9.5,7.25,10.25,8.25],"texture":"#1_1"},"up":{"rotation":180,"uv":[1.25,4.25,1.75,5],"texture":"#1_1"}}},{"to":[9.87205,13.59485,4.96954],"rotation":{"origin":[12.49872,8,8],"angle":45,"axis":"x"},"from":[0.7428,11.66825,4.17151],"faces":{"down":{"uv":[2,5.75,2.5,6.5],"texture":"#1_1"},"east":{"uv":[9.5,7.25,10.25,8.25],"texture":"#1_1"},"up":{"uv":[1.25,4.25,1.75,5],"texture":"#1_1"}}},{"to":[9.87205,14.09901,9.8133],"rotation":{"origin":[12.49872,8,8],"angle":0,"axis":"y"},"from":[0.7428,13.30099,7.8867],"faces":{"east":{"uv":[9.5,7.25,10.25,8.25],"texture":"#1_1"},"north":{"uv":[3,4.75,3.5,5.5],"texture":"#1_1"},"south":{"uv":[3,4.75,3.5,5.5],"texture":"#1_1"}}},{"to":[9.5074,14.8154,9.07185],"rotation":{"origin":[12.49872,8,8],"angle":0,"axis":"y"},"from":[1.0977,12.5846,8.62813],"faces":{"down":{"rotation":180,"uv":[5.5,7.75,9.5,8.25],"texture":"#1_1"},"west":{"uv":[12.5,7.5,13,8],"texture":"#1_1"},"up":{"uv":[2,3.25,6,3.75],"texture":"#1_1"}}},{"to":[12.50355,14.09014,9.07186],"rotation":{"origin":[12.49872,8,8],"angle":22.5,"axis":"z"},"from":[11.48955,13.38034,8.62813],"faces":{"down":{"rotation":180,"uv":[5.5,7.75,6.25,8.25],"texture":"#1_1"},"north":{"rotation":180,"uv":[7.5,8,7.75,8.25],"texture":"#1_1"},"south":{"rotation":180,"uv":[7.5,8,7.75,8.25],"texture":"#1_1"}}},{"to":[9.99698,13.92186,8.67107],"rotation":{"origin":[12.49872,8,8],"angle":22.5,"axis":"y"},"from":[8.98298,13.47814,7.96127],"faces":{"down":{"rotation":180,"uv":[4.5,12,5,12.5],"texture":"#1_1"},"up":{"rotation":180,"uv":[4.5,12,5,12.5],"texture":"#1_1"},"south":{"uv":[0,12,0.75,12.5],"texture":"#1_1"}}},{"to":[10.64754,13.92186,9.60933],"rotation":{"origin":[12.49872,8,8],"angle":-22.5,"axis":"y"},"from":[9.63354,13.47814,8.89953],"faces":{"down":{"rotation":180,"uv":[4.5,12,5,12.5],"texture":"#1_1"},"north":{"uv":[0,12,0.75,12.5],"texture":"#1_1"},"up":{"rotation":180,"uv":[4.5,12,5,12.5],"texture":"#1_1"}}},{"to":[0.6414,14.09839,6.70485],"rotation":{"origin":[12.49872,8,8],"angle":22.5,"axis":"x"},"from":[0.54,13.08439,6.50315],"faces":{"down":{"uv":[9,8,9.25,8.5],"texture":"#1_2"},"west":{"uv":[5.25,4.5,5.75,5.25],"texture":"#1_2"},"up":{"uv":[3.25,4,3.5,4.5],"texture":"#1_2"}}},{"to":[0.6414,13.44783,11.06743],"rotation":{"origin":[12.49872,8,8],"angle":-22.5,"axis":"x"},"from":[0.54,12.43383,10.86574],"faces":{"down":{"rotation":180,"uv":[9,8,9.25,8.5],"texture":"#1_2"},"west":{"uv":[5.25,4.5,5.75,5.25],"texture":"#1_2"},"up":{"rotation":180,"uv":[7.25,4.25,7.5,4.75],"texture":"#1_2"}}},{"to":[0.6415,13.13855,4.67138],"rotation":{"origin":[12.49872,8,8],"angle":45,"axis":"x"},"from":[0.5401,12.12455,4.46968],"faces":{"down":{"uv":[6,5.5,6.25,6],"texture":"#1_2"},"west":{"uv":[6.25,4.5,6.75,5.25],"texture":"#1_2"},"up":{"uv":[3.75,4,4,4.5],"texture":"#1_2"}}},{"to":[0.6415,11.93647,12.73239],"rotation":{"origin":[12.49872,8,8],"angle":-45,"axis":"x"},"from":[0.5401,10.92247,12.5307],"faces":{"down":{"uv":[6,5.5,6.25,6],"texture":"#1_2"},"west":{"uv":[6.25,4.5,6.75,5.25],"texture":"#1_2"},"up":{"rotation":180,"uv":[8.25,4.5,8.5,5],"texture":"#1_2"}}},{"to":[0.6414,13.04168,11.47359],"rotation":{"origin":[12.49872,8,8],"angle":-22.5,"axis":"x"},"from":[0.54,12.83998,10.45959],"faces":{"west":{"rotation":90,"uv":[9,4.5,9.5,5.25],"texture":"#1_2"},"north":{"uv":[6.25,5,6.5,5.5],"texture":"#1_2"},"south":{"uv":[7.25,4.25,7.5,4.75],"texture":"#1_2"}}},{"to":[0.6414,13.69224,7.111],"rotation":{"origin":[12.49872,8,8],"angle":22.5,"axis":"x"},"from":[0.54,13.49054,6.097],"faces":{"west":{"rotation":270,"uv":[9.25,4.5,9.75,5.25],"texture":"#1_2"},"north":{"uv":[7.25,4.25,7.5,4.75],"texture":"#1_2"},"south":{"uv":[6.25,5,6.5,5.5],"texture":"#1_2"}}},{"to":[0.6415,13.80085,9.357],"rotation":{"origin":[12.49872,8,8],"angle":0,"axis":"y"},"from":[0.5401,13.59915,8.343],"faces":{"west":{"uv":[6.25,4.5,6.75,5],"texture":"#1_2"},"north":{"uv":[6.25,4.5,6.5,5],"texture":"#1_2"},"south":{"uv":[6.25,4.5,6.5,5],"texture":"#1_2"}}},{"to":[0.8443,14.05623,11.18846],"rotation":{"origin":[12.49872,8,8],"angle":-22.5,"axis":"x"},"from":[0.5907,11.82543,10.74473],"faces":{"down":{"rotation":180,"uv":[6.25,8,6.75,8.25],"texture":"#1_1"},"west":{"uv":[7.25,4,7.75,6],"texture":"#1_1"},"east":{"uv":[12.5,7.5,13,8],"texture":"#1_1"},"up":{"rotation":180,"uv":[3.5,4.25,4,4.75],"texture":"#1_1"}}},{"to":[0.8443,14.70679,6.82587],"rotation":{"origin":[12.49872,8,8],"angle":22.5,"axis":"x"},"from":[0.5907,12.47599,6.38214],"faces":{"down":{"rotation":180,"uv":[6.25,8,6.75,8.25],"texture":"#1_1"},"west":{"uv":[7.25,4,7.75,6],"texture":"#1_1"},"east":{"uv":[12.5,7.5,13,8],"texture":"#1_1"},"up":{"uv":[3.5,4.25,4,4.75],"texture":"#1_1"}}},{"to":[0.8442,12.54487,12.85341],"rotation":{"origin":[12.49872,8,8],"angle":-45,"axis":"x"},"from":[0.5906,10.31407,12.40969],"faces":{"down":{"rotation":180,"uv":[6.25,8,6.75,8.25],"texture":"#1_1"},"west":{"uv":[6.75,4.5,7.25,6.5],"texture":"#1_1"},"east":{"uv":[12.5,7.5,13,8],"texture":"#1_1"},"up":{"rotation":180,"uv":[7.75,4.75,8.25,5.25],"texture":"#1_1"}}},{"to":[0.8442,13.74695,4.7924],"rotation":{"origin":[12.49872,8,8],"angle":45,"axis":"x"},"from":[0.5906,11.51615,4.34867],"faces":{"down":{"rotation":180,"uv":[6.25,8,6.75,8.25],"texture":"#1_1"},"west":{"uv":[10.75,4.5,11.25,6.5],"texture":"#1_1"},"east":{"uv":[12.5,7.5,13,8],"texture":"#1_1"},"up":{"uv":[3.75,4.75,4.25,5.25],"texture":"#1_1"}}},{"to":[0.8443,13.81326,7.7194],"rotation":{"origin":[12.49872,8,8],"angle":22.5,"axis":"x"},"from":[0.5907,13.36953,5.4886],"faces":{"west":{"rotation":270,"uv":[0.75,4.75,1.25,6.75],"texture":"#1_1"},"east":{"rotation":90,"uv":[12.5,7.5,13,8],"texture":"#1_1"},"north":{"uv":[6.75,5.5,7.25,6],"texture":"#1_1"},"south":{"rotation":180,"uv":[6,8,6.5,8.5],"texture":"#1_1"}}},{"to":[0.8443,13.1627,12.08199],"rotation":{"origin":[12.49872,8,8],"angle":-22.5,"axis":"x"},"from":[0.5907,12.71897,9.85119],"faces":{"west":{"rotation":90,"uv":[0.5,4.75,1,6.75],"texture":"#1_1"},"east":{"rotation":270,"uv":[12.5,7.5,13,8],"texture":"#1_1"},"north":{"rotation":180,"uv":[6.75,8,7.25,8.5],"texture":"#1_1"},"south":{"uv":[5.25,5.5,5.75,6],"texture":"#1_1"}}},{"to":[0.8442,13.92186,9.9654],"rotation":{"origin":[12.49872,8,8],"angle":0,"axis":"y"},"from":[0.5906,13.47814,7.7346],"faces":{"west":{"rotation":90,"uv":[7.25,9.5,7.75,11.5],"texture":"#1_1"},"east":{"uv":[12.5,7.5,13,8],"texture":"#1_1"},"north":{"rotation":180,"uv":[4.25,8.25,4.75,8.75],"texture":"#1_1"},"south":{"rotation":180,"uv":[6.25,8.25,6.75,8.75],"texture":"#1_1"}}},{"to":[11.8,12.625,9.79639],"from":[0.6,10.825,7.79639],"faces":{"up":{"rotation":180,"uv":[9,4.25,11,5.25],"texture":"#1_1"}}},{"to":[11.8,12.65,8.09639],"from":[0.6,10.85,6.09639],"faces":{"up":{"rotation":180,"uv":[9,4.25,11,5.25],"texture":"#1_1"}}},{"to":[13.8,12.625,9.49639],"from":[11.8,10.825,8.19639],"faces":{"up":{"rotation":180,"uv":[9,4.25,10,5.25],"texture":"#1_2"}}},{"to":[13.8,12.65,7.69639],"from":[11.8,10.85,6.39639],"faces":{"up":{"rotation":180,"uv":[9,4.25,10,5.25],"texture":"#1_2"}}},{"to":[15.3,12.625,9.19639],"from":[13.8,10.825,8.49639],"faces":{"up":{"rotation":180,"uv":[9,4.25,10,5.25],"texture":"#1_2"}}},{"to":[15.3,12.65,7.39639],"from":[13.8,10.85,6.69639],"faces":{"up":{"rotation":180,"uv":[9,4.25,10,5.25],"texture":"#1_2"}}},{"to":[15.8,12.6,10.3],"rotation":{"origin":[8,8,8.00361],"angle":0,"axis":"y"},"from":[0.2,1.3,5.7],"faces":{"down":{"rotation":90,"uv":[8.25,7.5,10.25,12],"texture":"#5"},"up":{"rotation":270,"uv":[7.25,8,7.5,8.25],"texture":"#3"}}}],"display":{"thirdperson_righthand":{"rotation":[-20,113,20],"scale":[0.2,0.2,0.2],"translation":[-0.5,0,0]},"head":{"scale":[0.4,0.4,0.4]},"thirdperson_lefthand":{"rotation":[52,-81,35],"scale":[0.2,0.2,0.2],"translation":[-0.5,0,0]},"gui":{"rotation":[0,180,0],"scale":[0.85,0.85,0.85]},"firstperson_lefthand":{"rotation":[-46,-116,-37],"scale":[0.5,0.5,0.5],"translation":[2.5,0,0]},"firstperson_righthand":{"rotation":[-53,59,46],"scale":[0.5,0.5,0.5],"translation":[2.5,0.5,0]},"fixed":{"rotation":[0,180,0],"scale":[0.4,0.4,0.4],"translation":[0,0,-2]},"ground":{"translation":[0,1.5,0],"scale":[0.2,0.2,0.2]}},"credit":"thebradqq's guns"}