{"textures":{"1":"mgs:gun/brass","3":"mgs:gun/metal","2":"mgs:gun/copper","4":"mgs:gun/metal_dark"},"gui_light":"front","elements":[{"to":[11.5455,-9.0314,9.51434],"rotation":{"origin":[5.9039,-8.3933,6.2554],"angle":0,"axis":"z"},"from":[5.3303,-9.9892,6.48566],"faces":{"north":{"rotation":180,"uv":[1.5,11.5,4.75,12],"texture":"#4"},"west":{"uv":[0,7.5,1.5,8],"texture":"#4"},"up":{"rotation":270,"uv":[8.5,9.5,10,12.5],"texture":"#4"},"down":{"uv":[8.75,9.25,10.25,9.75],"texture":"#4"},"east":{"uv":[14.5,7.25,16,7.75],"texture":"#4"},"south":{"rotation":180,"uv":[1.5,11.5,4.75,12],"texture":"#4"}}},{"to":[5.6211,8.3959,9.05],"rotation":{"origin":[6.9211,-0.6041,6.65],"angle":0,"axis":"z"},"from":[5.4211,-9.3041,6.95],"faces":{"west":{"rotation":90,"uv":[3.75,10.25,11.75,11],"texture":"#4"},"east":{"rotation":180,"uv":[9,8,9.25,8.25],"texture":"#4"},"up":{"rotation":90,"uv":[0.75,16,2.75,15.5],"texture":"#3"}}},{"to":[10.2211,8.3969,7.05],"rotation":{"origin":[6.9211,-2.1041,9.6],"angle":0,"axis":"z"},"from":[5.4211,6.3959,6.95],"faces":{"down":{"uv":[11,8,11.25,8.25],"texture":"#4"},"up":{"rotation":180,"uv":[0.75,16,4.25,15.5],"texture":"#3"},"south":{"rotation":180,"uv":[9,8,9.25,8.25],"texture":"#4"}}},{"to":[10.3211,8.3959,9.05],"rotation":{"origin":[6.4211,-0.6041,6.65],"angle":0,"axis":"z"},"from":[10.2211,-9.3041,6.95],"faces":{"west":{"rotation":180,"uv":[9,8,9.25,8.25],"texture":"#4"},"east":{"rotation":90,"uv":[0.75,11.75,8.75,12.5],"texture":"#4"},"up":{"rotation":90,"uv":[0.75,16,2.75,15.5],"texture":"#3"}}},{"to":[10.2211,8.3969,9.05],"rotation":{"origin":[6.9211,-0.6041,6.4],"angle":0,"axis":"z"},"from":[5.4211,6.3959,8.95],"faces":{"down":{"uv":[11,8,11.25,8.25],"texture":"#4"},"north":{"rotation":180,"uv":[9,8,9.25,8.25],"texture":"#4"},"up":{"rotation":180,"uv":[0.75,16,4.25,15.5],"texture":"#3"}}},{"to":[10.3211,8.3959,9.05],"rotation":{"origin":[7.8711,7.3959,8],"angle":0,"axis":"z"},"from":[5.4211,6.3959,6.95],"faces":{"north":{"rotation":90,"uv":[5,10,6,12],"texture":"#4"},"south":{"rotation":270,"uv":[5,10,6,12],"texture":"#4"}}},{"to":[10.3211,-6.6041,9.05],"rotation":{"origin":[13.9211,-19.1041,-2.35],"angle":0,"axis":"z"},"from":[5.4211,-9.6041,6.95],"faces":{"north":{"rotation":90,"uv":[5,10,6,12],"texture":"#4"},"up":{"uv":[10,8,10.25,8.25],"texture":"#4"},"south":{"rotation":270,"uv":[5,10,6,12],"texture":"#4"}}},{"to":[6.8211,6.3959,7.05],"rotation":{"origin":[13.9211,-16.1041,-2.35],"angle":0,"axis":"z"},"from":[5.4211,-6.6041,6.95],"faces":{"east":{"uv":[7.75,12,8,12.25],"texture":"#4"},"north":{"rotation":90,"uv":[4.25,8.25,12.25,9],"texture":"#4"},"south":{"rotation":180,"uv":[9,8,9.25,8.25],"texture":"#4"}}},{"to":[6.8211,6.3959,9.05],"rotation":{"origin":[13.9211,-16.1041,18.35],"angle":0,"axis":"z"},"from":[5.4211,-6.6041,8.95],"faces":{"east":{"uv":[7.75,12,8,12.25],"texture":"#4"},"north":{"rotation":180,"uv":[9,8,9.25,8.25],"texture":"#4"},"south":{"rotation":270,"uv":[4.25,8.25,12.25,9],"texture":"#4"}}},{"to":[10.3211,6.3959,7.05],"rotation":{"origin":[13.9211,-16.1041,-2.35],"angle":0,"axis":"z"},"from":[9.1211,-6.6041,6.95],"faces":{"west":{"uv":[10.5,9.25,10.75,9.5],"texture":"#4"},"north":{"rotation":90,"uv":[3.25,11.5,11.25,12],"texture":"#4"},"south":{"rotation":180,"uv":[9,8,9.25,8.25],"texture":"#4"}}},{"to":[10.3211,6.3959,9.05],"rotation":{"origin":[13.9211,-16.1041,18.35],"angle":0,"axis":"z"},"from":[9.1211,-6.6041,8.95],"faces":{"west":{"uv":[10.5,9.25,10.75,9.5],"texture":"#4"},"north":{"rotation":180,"uv":[9,8,9.25,8.25],"texture":"#4"},"south":{"rotation":270,"uv":[3.25,11.5,11.25,12],"texture":"#4"}}},{"to":[8.8201,9.0959,7.025],"rotation":{"origin":[7.1711,8.3959,6.95],"angle":22.5,"axis":"x"},"from":[5.4201,8.3959,6.95],"faces":{"west":{"rotation":90,"uv":[3.75,10.25,4.25,10.75],"texture":"#4"},"east":{"rotation":90,"uv":[0,15.5,0.5,16],"texture":"#4"},"north":{"rotation":180,"uv":[4.25,11.25,5.75,12],"texture":"#4"},"up":{"rotation":90,"uv":[3.75,3.75,4.25,4.25],"texture":"#4"},"south":{"rotation":180,"uv":[9,8,9.25,8.25],"texture":"#4"}}},{"to":[8.8201,9.0959,9.05],"rotation":{"origin":[6.9711,8.3959,9.05],"angle":-22.5,"axis":"x"},"from":[5.4201,8.3959,8.975],"faces":{"west":{"rotation":90,"uv":[3.75,10.25,4.25,10.75],"texture":"#4"},"east":{"rotation":90,"uv":[0,15.5,0.5,16],"texture":"#4"},"north":{"rotation":180,"uv":[9,8,9.25,8.25],"texture":"#4"},"up":{"rotation":90,"uv":[3.75,3.75,4.25,4.25],"texture":"#4"},"south":{"rotation":180,"uv":[4.25,11.25,5.75,12],"texture":"#4"}}},{"to":[5.6211,8.5959,9.05],"rotation":{"origin":[6.9711,8.3959,9.05],"angle":-22.5,"axis":"x"},"from":[5.4201,8.3959,8.45],"faces":{"west":{"rotation":90,"uv":[3.75,10.25,4.25,10.75],"texture":"#4"},"east":{"rotation":180,"uv":[5.5,10.25,6,10.75],"texture":"#4"},"up":{"rotation":90,"uv":[0,12.25,1,11.75],"texture":"#3"}}},{"to":[5.6211,8.5959,7.55],"rotation":{"origin":[6.9711,8.3959,6.95],"angle":22.5,"axis":"x"},"from":[5.4201,8.3959,6.95],"faces":{"west":{"rotation":90,"uv":[3.75,10.25,4.25,10.75],"texture":"#4"},"east":{"rotation":180,"uv":[5.5,10.25,6,10.75],"texture":"#4"},"up":{"rotation":90,"uv":[0,12.25,1,11.75],"texture":"#3"}}},{"to":[10.2211,8.1459,8.95],"rotation":{"origin":[13.9211,-11.9541,-2.35],"angle":0,"axis":"z"},"from":[5.5211,7.1459,7.05],"faces":{"down":{"rotation":180,"uv":[6,9.75,10.25,10.76],"texture":"#4"},"north":{"rotation":180,"uv":[0.25,11,4.5,12.01],"texture":"#4"},"up":{"rotation":180,"uv":[0,14.25,4.25,15.26],"texture":"#4"},"south":{"rotation":180,"uv":[0.25,11,4.5,12.01],"texture":"#4"}}},{"to":[10.2211,7.1459,8.85],"rotation":{"origin":[7.8711,-0.6541,8],"angle":0,"axis":"z"},"from":[5.5211,6.7459,7.15],"faces":{"north":{"uv":[0,2,3.5,2.51],"texture":"#3"},"south":{"uv":[0,2,3.5,2.51],"texture":"#3"}}},{"to":[12.89988,5.11306,8.85],"rotation":{"origin":[7.8711,-1.5541,8],"angle":22.5,"axis":"z"},"from":[8.19988,4.71306,7.15],"faces":{"north":{"uv":[1.25,2,4.75,2.51],"texture":"#3"},"south":{"uv":[1.5,2,5,2.51],"texture":"#3"}}},{"to":[12.47893,3.09679,8.85],"rotation":{"origin":[7.8711,-2.5541,8],"angle":22.5,"axis":"z"},"from":[7.77893,2.69679,7.15],"faces":{"north":{"uv":[1.75,2,5.25,2.51],"texture":"#3"},"south":{"uv":[3.5,2,7,2.51],"texture":"#3"}}},{"to":[12.05798,1.08052,8.85],"rotation":{"origin":[7.8711,-3.5541,8],"angle":22.5,"axis":"z"},"from":[7.35798,0.68052,7.15],"faces":{"north":{"uv":[5,2,8.5,2.51],"texture":"#3"},"south":{"uv":[0.5,2,4,2.51],"texture":"#3"}}},{"to":[11.63703,-0.93575,8.85],"rotation":{"origin":[7.8711,-4.5541,8],"angle":22.5,"axis":"z"},"from":[6.93703,-1.33575,7.15],"faces":{"north":{"uv":[0.5,2,4,2.51],"texture":"#3"},"south":{"uv":[4.5,2,8,2.51],"texture":"#3"}}},{"to":[11.21608,-2.95201,8.85],"rotation":{"origin":[7.8711,-5.5541,8],"angle":22.5,"axis":"z"},"from":[6.51608,-3.35201,7.15],"faces":{"north":{"uv":[0,2,3.5,2.51],"texture":"#3"},"south":{"uv":[0.5,2,4,2.51],"texture":"#3"}}},{"to":[10.79513,-4.96828,8.85],"rotation":{"origin":[7.8711,-6.5541,8],"angle":22.5,"axis":"z"},"from":[6.09513,-5.36828,7.15],"faces":{"north":{"uv":[2.25,2,5.75,2.51],"texture":"#3"},"south":{"uv":[2.5,2,6,2.51],"texture":"#3"}}}],"display":{"thirdperson_righthand":{"rotation":[25,111,-23],"scale":[0.2,0.2,0.2],"translation":[-0.5,1.25,0]},"head":{"scale":[0.4,0.4,0.4]},"thirdperson_lefthand":{"rotation":[69,-71,65],"scale":[0.2,0.2,0.2],"translation":[-0.25,0.5,0]},"gui":{"rotation":[0,180,30],"scale":[0.73,0.73,0.73],"translation":[2.75,5.25,0]},"firstperson_lefthand":{"rotation":[-40,-110,-27],"scale":[0.4,0.4,0.4],"translation":[3.25,2,0]},"firstperson_righthand":{"rotation":[-87,65,68],"scale":[0.4,0.4,0.4],"translation":[2,2.25,0]},"fixed":{"rotation":[0,180,0],"scale":[0.4,0.4,0.4],"translation":[0,2.25,-1]},"ground":{"translation":[0,2.75,0],"scale":[0.2,0.2,0.2]}},"credit":"thebradqq's guns"}