{"textures":{"1":"mgs:gun/brass","3":"mgs:gun/metal","2":"mgs:gun/copper","4":"mgs:gun/metal_dark"},"gui_light":"front","elements":[{"to":[11.5455,-9.0314,9.51434],"rotation":{"origin":[5.9039,-8.3933,6.2554],"angle":0,"axis":"z"},"from":[5.3303,-9.9892,6.48566],"faces":{"north":{"rotation":180,"uv":[1.5,11.5,4.75,12],"texture":"#4"},"west":{"uv":[0,7.5,1.5,8],"texture":"#4"},"up":{"rotation":270,"uv":[8.5,9.5,10,12.5],"texture":"#4"},"down":{"uv":[8.75,9.25,10.25,9.75],"texture":"#4"},"east":{"uv":[14.5,7.25,16,7.75],"texture":"#4"},"south":{"rotation":180,"uv":[1.5,11.5,4.75,12],"texture":"#4"}}},{"to":[5.6211,8.3959,9.05],"rotation":{"origin":[6.9211,-0.6041,6.65],"angle":0,"axis":"z"},"from":[5.4211,-9.3041,6.95],"faces":{"west":{"rotation":90,"uv":[3.75,10.25,11.75,11],"texture":"#4"},"east":{"rotation":180,"uv":[9,8,9.25,8.25],"texture":"#4"},"up":{"rotation":90,"uv":[0.75,16,2.75,15.5],"texture":"#3"}}},{"to":[10.2211,8.3969,7.05],"rotation":{"origin":[6.9211,-2.1041,9.6],"angle":0,"axis":"z"},"from":[5.4211,6.3959,6.95],"faces":{"down":{"uv":[11,8,11.25,8.25],"texture":"#4"},"up":{"rotation":180,"uv":[0.75,16,4.25,15.5],"texture":"#3"},"south":{"rotation":180,"uv":[9,8,9.25,8.25],"texture":"#4"}}},{"to":[10.3211,8.3959,9.05],"rotation":{"origin":[6.4211,-0.6041,6.65],"angle":0,"axis":"z"},"from":[10.2211,-9.3041,6.95],"faces":{"west":{"rotation":180,"uv":[9,8,9.25,8.25],"texture":"#4"},"east":{"rotation":90,"uv":[0.75,11.75,8.75,12.5],"texture":"#4"},"up":{"rotation":90,"uv":[0.75,16,2.75,15.5],"texture":"#3"}}},{"to":[10.2211,8.3969,9.05],"rotation":{"origin":[6.9211,-0.6041,6.4],"angle":0,"axis":"z"},"from":[5.4211,6.3959,8.95],"faces":{"down":{"uv":[11,8,11.25,8.25],"texture":"#4"},"north":{"rotation":180,"uv":[9,8,9.25,8.25],"texture":"#4"},"up":{"rotation":180,"uv":[0.75,16,4.25,15.5],"texture":"#3"}}},{"to":[10.3211,8.3959,9.05],"rotation":{"origin":[7.8711,7.3959,8],"angle":0,"axis":"z"},"from":[5.4211,6.3959,6.95],"faces":{"north":{"rotation":90,"uv":[5,10,6,12],"texture":"#4"},"south":{"rotation":270,"uv":[5,10,6,12],"texture":"#4"}}},{"to":[10.3211,-6.6041,9.05],"rotation":{"origin":[13.9211,-19.1041,-2.35],"angle":0,"axis":"z"},"from":[5.4211,-9.6041,6.95],"faces":{"north":{"rotation":90,"uv":[5,10,6,12],"texture":"#4"},"up":{"uv":[10,8,10.25,8.25],"texture":"#4"},"south":{"rotation":270,"uv":[5,10,6,12],"texture":"#4"}}},{"to":[6.8211,6.3959,7.05],"rotation":{"origin":[13.9211,-16.1041,-2.35],"angle":0,"axis":"z"},"from":[5.4211,-6.6041,6.95],"faces":{"east":{"uv":[7.75,12,8,12.25],"texture":"#4"},"north":{"rotation":90,"uv":[4.25,8.25,12.25,9],"texture":"#4"},"south":{"rotation":180,"uv":[9,8,9.25,8.25],"texture":"#4"}}},{"to":[6.8211,6.3959,9.05],"rotation":{"origin":[13.9211,-16.1041,18.35],"angle":0,"axis":"z"},"from":[5.4211,-6.6041,8.95],"faces":{"east":{"uv":[7.75,12,8,12.25],"texture":"#4"},"north":{"rotation":180,"uv":[9,8,9.25,8.25],"texture":"#4"},"south":{"rotation":270,"uv":[4.25,8.25,12.25,9],"texture":"#4"}}},{"to":[10.3211,6.3959,7.05],"rotation":{"origin":[13.9211,-16.1041,-2.35],"angle":0,"axis":"z"},"from":[9.1211,-6.6041,6.95],"faces":{"west":{"uv":[10.5,9.25,10.75,9.5],"texture":"#4"},"north":{"rotation":90,"uv":[3.25,11.5,11.25,12],"texture":"#4"},"south":{"rotation":180,"uv":[9,8,9.25,8.25],"texture":"#4"}}},{"to":[10.3211,6.3959,9.05],"rotation":{"origin":[13.9211,-16.1041,18.35],"angle":0,"axis":"z"},"from":[9.1211,-6.6041,8.95],"faces":{"west":{"uv":[10.5,9.25,10.75,9.5],"texture":"#4"},"north":{"rotation":180,"uv":[9,8,9.25,8.25],"texture":"#4"},"south":{"rotation":270,"uv":[3.25,11.5,11.25,12],"texture":"#4"}}},{"to":[8.8201,9.0959,7.025],"rotation":{"origin":[7.1711,8.3959,6.95],"angle":22.5,"axis":"x"},"from":[5.4201,8.3959,6.95],"faces":{"west":{"rotation":90,"uv":[3.75,10.25,4.25,10.75],"texture":"#4"},"east":{"rotation":90,"uv":[0,15.5,0.5,16],"texture":"#4"},"north":{"rotation":180,"uv":[4.25,11.25,5.75,12],"texture":"#4"},"up":{"rotation":90,"uv":[3.75,3.75,4.25,4.25],"texture":"#4"},"south":{"rotation":180,"uv":[9,8,9.25,8.25],"texture":"#4"}}},{"to":[8.8201,9.0959,9.05],"rotation":{"origin":[6.9711,8.3959,9.05],"angle":-22.5,"axis":"x"},"from":[5.4201,8.3959,8.975],"faces":{"west":{"rotation":90,"uv":[3.75,10.25,4.25,10.75],"texture":"#4"},"east":{"rotation":90,"uv":[0,15.5,0.5,16],"texture":"#4"},"north":{"rotation":180,"uv":[9,8,9.25,8.25],"texture":"#4"},"up":{"rotation":90,"uv":[3.75,3.75,4.25,4.25],"texture":"#4"},"south":{"rotation":180,"uv":[4.25,11.25,5.75,12],"texture":"#4"}}},{"to":[5.6211,8.5959,9.05],"rotation":{"origin":[6.9711,8.3959,9.05],"angle":-22.5,"axis":"x"},"from":[5.4201,8.3959,8.45],"faces":{"west":{"rotation":90,"uv":[3.75,10.25,4.25,10.75],"texture":"#4"},"east":{"rotation":180,"uv":[5.5,10.25,6,10.75],"texture":"#4"},"up":{"rotation":90,"uv":[0,12.25,1,11.75],"texture":"#3"}}},{"to":[5.6211,8.5959,7.55],"rotation":{"origin":[6.9711,8.3959,6.95],"angle":22.5,"axis":"x"},"from":[5.4201,8.3959,6.95],"faces":{"west":{"rotation":90,"uv":[3.75,10.25,4.25,10.75],"texture":"#4"},"east":{"rotation":180,"uv":[5.5,10.25,6,10.75],"texture":"#4"},"up":{"rotation":90,"uv":[0,12.25,1,11.75],"texture":"#3"}}},{"to":[5.88859,9.054,8.07042],"rotation":{"origin":[2.32654,-2.905,8],"angle":0,"axis":"y"},"from":[5.80009,8.346,7.92959],"faces":{"down":{"uv":[9.5,8,9.75,8.25],"texture":"#1"},"west":{"uv":[6.25,4.5,6.75,5.25],"texture":"#1"},"up":{"uv":[3.25,4,3.5,4.5],"texture":"#1"}}},{"to":[9.29064,9.408,8.14083],"rotation":{"origin":[1.79554,-2.905,8],"angle":0,"axis":"y"},"from":[8.84814,7.992,7.85917],"faces":{"down":{"rotation":180,"uv":[7.75,8,8.25,8.25],"texture":"#2"},"east":{"uv":[11,7.5,11.5,8],"texture":"#2"},"up":{"uv":[3.25,4,3.75,4.25],"texture":"#2"}}},{"to":[9.29064,8.89515,10.71916],"rotation":{"origin":[3.07626,1.9625,8],"angle":-22.5,"axis":"x"},"from":[8.84814,7.47915,10.4375],"faces":{"down":{"rotation":180,"uv":[4.25,8,4.75,8.25],"texture":"#2"},"east":{"uv":[11,7.5,11.5,8],"texture":"#2"},"up":{"uv":[7.5,4.25,8,4.5],"texture":"#2"}}},{"to":[9.29064,8.89515,5.5625],"rotation":{"origin":[3.07626,1.9625,8],"angle":22.5,"axis":"x"},"from":[8.84814,7.47915,5.28084],"faces":{"down":{"uv":[4.25,8,4.75,8.25],"texture":"#2"},"east":{"uv":[11,7.5,11.5,8],"texture":"#2"},"up":{"uv":[5.5,4.25,6,4.5],"texture":"#2"}}},{"to":[9.29064,7.43463,12.90496],"rotation":{"origin":[3.07626,1.9625,8],"angle":-45,"axis":"x"},"from":[8.84814,6.01863,12.6233],"faces":{"down":{"rotation":180,"uv":[2.75,9.25,3.25,9.5],"texture":"#2"},"east":{"uv":[11,7.5,11.5,8],"texture":"#2"},"up":{"rotation":180,"uv":[6.5,4.75,7,5],"texture":"#2"}}},{"to":[9.29064,7.43463,3.3767],"rotation":{"origin":[3.07626,1.9625,8],"angle":45,"axis":"x"},"from":[8.84814,6.01863,3.09504],"faces":{"down":{"rotation":180,"uv":[2.75,9.25,3.25,9.75],"texture":"#2"},"east":{"uv":[11,7.5,11.5,8],"texture":"#2"},"up":{"uv":[8.5,4.75,9,5],"texture":"#2"}}},{"to":[9.29064,8.32797,6.12967],"rotation":{"origin":[3.07626,1.9625,8],"angle":22.5,"axis":"x"},"from":[8.84814,8.04631,4.71367],"faces":{"east":{"rotation":90,"uv":[11,7.5,11.5,8],"texture":"#2"},"north":{"rotation":180,"uv":[5.5,11.5,6,11.75],"texture":"#2"},"south":{"rotation":180,"uv":[1.25,9.75,1.75,10],"texture":"#2"}}},{"to":[9.29064,8.32797,11.28633],"rotation":{"origin":[3.07626,1.9625,8],"angle":-22.5,"axis":"x"},"from":[8.84814,8.04631,9.87033],"faces":{"east":{"rotation":270,"uv":[11,7.5,11.5,8],"texture":"#2"},"north":{"rotation":180,"uv":[2.5,10,3,10.5],"texture":"#2"},"south":{"rotation":180,"uv":[5.5,11.5,6,11.75],"texture":"#2"}}},{"to":[9.29064,8.84083,8.708],"rotation":{"origin":[1.79554,-2.905,8],"angle":0,"axis":"y"},"from":[8.84814,8.55917,7.292],"faces":{"east":{"uv":[11,7.5,11.5,8],"texture":"#2"},"north":{"rotation":180,"uv":[5.5,11,6,11.25],"texture":"#2"},"south":{"rotation":180,"uv":[5.5,11,6,11.25],"texture":"#2"}}},{"to":[9.46764,9.36375,8.13202],"rotation":{"origin":[1.79554,-2.905,8],"angle":0,"axis":"y"},"from":[9.20214,8.03625,7.86798],"faces":{"down":{"rotation":180,"uv":[7.75,8,8.25,8.25],"texture":"#2"},"east":{"uv":[11,7.5,11.5,8],"texture":"#2"},"up":{"uv":[3.25,4,3.75,4.25],"texture":"#2"}}},{"to":[9.46764,8.8509,5.55369],"rotation":{"origin":[3.71789,1.9625,8],"angle":22.5,"axis":"x"},"from":[9.20214,7.5234,5.28965],"faces":{"down":{"uv":[4.25,8,4.75,8.25],"texture":"#2"},"east":{"uv":[11,7.5,11.5,8],"texture":"#2"},"up":{"uv":[12.75,2.25,13.25,2.5],"texture":"#2"}}},{"to":[9.46764,8.8509,10.71035],"rotation":{"origin":[3.71789,1.9625,8],"angle":-22.5,"axis":"x"},"from":[9.20214,7.5234,10.44631],"faces":{"down":{"rotation":180,"uv":[4.25,8,4.75,8.25],"texture":"#2"},"east":{"uv":[11,7.5,11.5,8],"texture":"#2"},"up":{"uv":[8.5,4.25,9,4.5],"texture":"#2"}}},{"to":[9.46764,7.39038,3.36789],"rotation":{"origin":[3.71789,1.9625,8],"angle":45,"axis":"x"},"from":[9.20214,6.06288,3.10385],"faces":{"down":{"rotation":180,"uv":[2.75,9.25,3.25,9.75],"texture":"#2"},"east":{"uv":[11,7.5,11.5,8],"texture":"#2"},"up":{"uv":[9.25,4.75,9.75,5],"texture":"#2"}}},{"to":[9.46764,7.39038,12.89615],"rotation":{"origin":[3.71789,1.9625,8],"angle":-45,"axis":"x"},"from":[9.20214,6.06288,12.63211],"faces":{"down":{"rotation":180,"uv":[2.75,9.25,3.25,9.5],"texture":"#2"},"east":{"uv":[11,7.5,11.5,8],"texture":"#2"},"up":{"rotation":180,"uv":[5.75,4.75,6.25,5],"texture":"#2"}}},{"to":[9.46764,8.31917,11.24208],"rotation":{"origin":[3.71789,1.9625,8],"angle":-22.5,"axis":"x"},"from":[9.20214,8.05512,9.91458],"faces":{"east":{"rotation":270,"uv":[11,7.5,11.5,8],"texture":"#2"},"north":{"rotation":180,"uv":[2.5,10,3,10.5],"texture":"#2"},"south":{"rotation":180,"uv":[6.25,11.5,6.75,11.75],"texture":"#2"}}},{"to":[9.46764,8.31917,6.08542],"rotation":{"origin":[3.71789,1.9625,8],"angle":22.5,"axis":"x"},"from":[9.20214,8.05512,4.75792],"faces":{"east":{"rotation":90,"uv":[11,7.5,11.5,8],"texture":"#2"},"north":{"rotation":180,"uv":[4.75,11.5,5.25,11.75],"texture":"#2"},"south":{"rotation":180,"uv":[1.25,9.75,1.75,10],"texture":"#2"}}},{"to":[9.46764,8.83202,8.66375],"rotation":{"origin":[1.79554,-2.905,8],"angle":0,"axis":"y"},"from":[9.20214,8.56798,7.33625],"faces":{"east":{"uv":[11,7.5,11.5,8],"texture":"#2"},"north":{"rotation":180,"uv":[5.5,11,6,11.25],"texture":"#2"},"south":{"rotation":180,"uv":[5.5,11,6,11.25],"texture":"#2"}}},{"to":[9.60038,9.3195,8.12323],"rotation":{"origin":[1.79554,-2.905,8],"angle":0,"axis":"y"},"from":[9.37914,8.0805,7.87678],"faces":{"down":{"rotation":180,"uv":[7.75,8,8.25,8.25],"texture":"#2"},"east":{"uv":[11,7.5,11.5,8],"texture":"#2"},"up":{"uv":[3.25,4,3.75,4.25],"texture":"#2"}}},{"to":[9.60038,8.80665,10.70155],"rotation":{"origin":[4.07189,1.9625,8],"angle":-22.5,"axis":"x"},"from":[9.37914,7.56765,10.4551],"faces":{"down":{"rotation":180,"uv":[4.25,8,4.75,8.25],"texture":"#2"},"east":{"uv":[11,7.5,11.5,8],"texture":"#2"},"up":{"uv":[8.75,4.25,9.25,4.5],"texture":"#2"}}},{"to":[9.60038,8.80665,5.5449],"rotation":{"origin":[4.07189,1.9625,8],"angle":22.5,"axis":"x"},"from":[9.37914,7.56765,5.29845],"faces":{"down":{"uv":[4.25,8,4.75,8.25],"texture":"#2"},"east":{"uv":[11,7.5,11.5,8],"texture":"#2"},"up":{"uv":[10.5,2.75,11,3],"texture":"#2"}}},{"to":[9.60038,7.34613,12.88736],"rotation":{"origin":[4.07189,1.9625,8],"angle":-45,"axis":"x"},"from":[9.37914,6.10713,12.64091],"faces":{"down":{"rotation":180,"uv":[2.75,9.25,3.25,9.5],"texture":"#2"},"east":{"uv":[11,7.5,11.5,8],"texture":"#2"},"up":{"rotation":180,"uv":[5.75,4.75,6.25,5],"texture":"#2"}}},{"to":[9.60038,8.31037,6.04117],"rotation":{"origin":[4.07189,1.9625,8],"angle":22.5,"axis":"x"},"from":[9.37914,8.06391,4.80217],"faces":{"east":{"rotation":90,"uv":[11,7.5,11.5,8],"texture":"#2"},"north":{"rotation":180,"uv":[6.75,11.5,7.25,11.75],"texture":"#2"},"south":{"rotation":180,"uv":[1.25,9.75,1.75,10],"texture":"#2"}}},{"to":[9.60038,7.34613,3.35909],"rotation":{"origin":[4.07189,1.9625,8],"angle":45,"axis":"x"},"from":[9.37914,6.10713,3.11264],"faces":{"down":{"rotation":180,"uv":[2.75,9.25,3.25,9.75],"texture":"#2"},"east":{"uv":[11,7.5,11.5,8],"texture":"#2"},"up":{"uv":[9,4.75,9.5,5],"texture":"#2"}}},{"to":[9.60038,8.31037,11.19783],"rotation":{"origin":[4.07189,1.9625,8],"angle":-22.5,"axis":"x"},"from":[9.37914,8.06391,9.95883],"faces":{"east":{"rotation":270,"uv":[11,7.5,11.5,8],"texture":"#2"},"north":{"rotation":180,"uv":[2.5,10,3,10.5],"texture":"#2"},"south":{"rotation":180,"uv":[6.25,11.5,6.75,11.75],"texture":"#2"}}},{"to":[9.60038,8.82323,8.6195],"rotation":{"origin":[1.79554,-2.905,8],"angle":0,"axis":"y"},"from":[9.37914,8.57678,7.3805],"faces":{"east":{"uv":[11,7.5,11.5,8],"texture":"#2"},"north":{"rotation":180,"uv":[5.5,11,6,11.25],"texture":"#2"},"south":{"rotation":180,"uv":[5.5,11,6,11.25],"texture":"#2"}}},{"to":[9.64464,9.27525,8.11442],"rotation":{"origin":[1.79554,-2.905,8],"angle":0,"axis":"y"},"from":[9.51189,8.12475,7.88558],"faces":{"down":{"rotation":180,"uv":[7.75,8,8.25,8.25],"texture":"#2"},"east":{"uv":[11,7.5,11.5,8],"texture":"#2"},"up":{"uv":[3.25,4,3.75,4.25],"texture":"#2"}}},{"to":[9.64464,8.7624,5.53609],"rotation":{"origin":[3.65151,1.9625,8],"angle":22.5,"axis":"x"},"from":[9.51189,7.6119,5.30725],"faces":{"down":{"uv":[4.25,8,4.75,8.25],"texture":"#2"},"east":{"uv":[11,7.5,11.5,8],"texture":"#2"},"up":{"uv":[11.25,3.25,11.75,3.5],"texture":"#2"}}},{"to":[9.64464,8.7624,10.69275],"rotation":{"origin":[3.65151,1.9625,8],"angle":-22.5,"axis":"x"},"from":[9.51189,7.6119,10.46391],"faces":{"down":{"rotation":180,"uv":[4.25,8,4.75,8.25],"texture":"#2"},"east":{"uv":[11,7.5,11.5,8],"texture":"#2"},"up":{"uv":[11,3,11.5,3.25],"texture":"#2"}}},{"to":[9.64464,7.30188,3.35029],"rotation":{"origin":[3.65151,1.9625,8],"angle":45,"axis":"x"},"from":[9.51189,6.15138,3.12145],"faces":{"down":{"rotation":180,"uv":[2.75,9.25,3.25,9.75],"texture":"#2"},"east":{"uv":[11,7.5,11.5,8],"texture":"#2"},"up":{"uv":[6.5,4.75,7,5],"texture":"#2"}}},{"to":[9.64464,7.30188,12.87855],"rotation":{"origin":[3.65151,1.9625,8],"angle":-45,"axis":"x"},"from":[9.51189,6.15138,12.64971],"faces":{"down":{"rotation":180,"uv":[2.75,9.25,3.25,9.5],"texture":"#2"},"east":{"uv":[11,7.5,11.5,8],"texture":"#2"},"up":{"rotation":180,"uv":[8,4.75,8.5,5],"texture":"#2"}}},{"to":[9.64464,8.30157,11.15358],"rotation":{"origin":[3.65151,1.9625,8],"angle":-22.5,"axis":"x"},"from":[9.51189,8.07273,10.00308],"faces":{"east":{"rotation":270,"uv":[11,7.5,11.5,8],"texture":"#2"},"north":{"rotation":180,"uv":[2.5,10,3,10.5],"texture":"#2"},"south":{"rotation":180,"uv":[7.5,11.5,8,11.75],"texture":"#2"}}},{"to":[9.64464,8.30157,5.99692],"rotation":{"origin":[3.65151,1.9625,8],"angle":22.5,"axis":"x"},"from":[9.51189,8.07273,4.84642],"faces":{"east":{"rotation":90,"uv":[11,7.5,11.5,8],"texture":"#2"},"north":{"rotation":180,"uv":[7,11.5,7.5,11.75],"texture":"#2"},"south":{"rotation":180,"uv":[1.25,9.75,1.75,10],"texture":"#2"}}},{"to":[9.64464,8.81442,8.57525],"rotation":{"origin":[1.79554,-2.905,8],"angle":0,"axis":"y"},"from":[9.51189,8.58558,7.42475],"faces":{"east":{"uv":[11,7.5,11.5,8],"texture":"#2"},"north":{"rotation":180,"uv":[5.5,11,6,11.25],"texture":"#2"},"south":{"rotation":180,"uv":[5.5,11,6,11.25],"texture":"#2"}}},{"to":[5.8885,8.54115,10.64875],"rotation":{"origin":[0.04513,1.9625,8],"angle":-22.5,"axis":"x"},"from":[5.8,7.83315,10.50792],"faces":{"down":{"rotation":180,"uv":[9,8,9.25,8.5],"texture":"#1"},"west":{"uv":[5.25,4.5,5.75,5.25],"texture":"#1"},"up":{"rotation":180,"uv":[7.25,4.25,7.5,4.75],"texture":"#1"}}},{"to":[5.8885,8.54115,5.49209],"rotation":{"origin":[0.04513,1.9625,8],"angle":22.5,"axis":"x"},"from":[5.8,7.83315,5.35126],"faces":{"down":{"uv":[9,8,9.25,8.5],"texture":"#1"},"west":{"uv":[5.25,4.5,5.75,5.25],"texture":"#1"},"up":{"uv":[3.25,4,3.5,4.5],"texture":"#1"}}},{"to":[5.88859,7.08063,12.83455],"rotation":{"origin":[0.04513,1.9625,8],"angle":-45,"axis":"x"},"from":[5.80009,6.37263,12.69372],"faces":{"down":{"uv":[6,5.5,6.25,6],"texture":"#1"},"west":{"uv":[6.25,4.5,6.75,5.25],"texture":"#1"},"up":{"rotation":180,"uv":[7.25,4.25,7.5,4.75],"texture":"#1"}}},{"to":[5.88859,7.08063,3.30629],"rotation":{"origin":[0.04513,1.9625,8],"angle":45,"axis":"x"},"from":[5.80009,6.37263,3.16546],"faces":{"down":{"uv":[6,5.5,6.25,6],"texture":"#1"},"west":{"uv":[6.25,4.5,6.75,5.25],"texture":"#1"},"up":{"uv":[3.75,4,4,4.5],"texture":"#1"}}},{"to":[5.8885,8.25756,5.77567],"rotation":{"origin":[0.04513,1.9625,8],"angle":22.5,"axis":"x"},"from":[5.8,8.11674,5.06767],"faces":{"west":{"rotation":270,"uv":[9.25,4.5,9.75,5.25],"texture":"#1"},"north":{"uv":[7.25,4.25,7.5,4.75],"texture":"#1"},"south":{"uv":[6.25,5,6.5,5.5],"texture":"#1"}}},{"to":[5.8885,8.25756,10.93233],"rotation":{"origin":[0.04513,1.9625,8],"angle":-22.5,"axis":"x"},"from":[5.8,8.11674,10.22433],"faces":{"west":{"rotation":90,"uv":[9,4.5,9.5,5.25],"texture":"#1"},"north":{"uv":[6.25,5,6.5,5.5],"texture":"#1"},"south":{"uv":[7.25,4.25,7.5,4.75],"texture":"#1"}}},{"to":[5.88859,8.77042,8.354],"rotation":{"origin":[2.32654,-2.905,8],"angle":0,"axis":"y"},"from":[5.80009,8.62959,7.646],"faces":{"west":{"uv":[6.25,4.5,6.75,5],"texture":"#1"},"north":{"uv":[6.25,4.5,6.5,5],"texture":"#1"},"south":{"uv":[6.25,4.5,6.5,5],"texture":"#1"}}},{"to":[6.83393,3.49641,8.177],"rotation":{"origin":[1.86574,9.485,8],"angle":45,"axis":"z"},"from":[6.43568,3.05391,7.823],"faces":{"down":{"rotation":180,"uv":[15,8,15.5,8.5],"texture":"#2"},"east":{"uv":[7.5,2,8,2.5],"texture":"#2"},"north":{"rotation":180,"uv":[5,8,5.5,8.5],"texture":"#2"},"south":{"rotation":180,"uv":[5,8,5.5,8.5],"texture":"#2"}}},{"to":[7.38901,8.877,13.876],"rotation":{"origin":[1.86574,9.485,8],"angle":45,"axis":"y"},"from":[6.99076,8.523,13.38925],"faces":{"down":{"rotation":180,"uv":[9,10.25,9.5,10.75],"texture":"#2"},"east":{"uv":[7.5,2,8,2.5],"texture":"#2"},"up":{"uv":[6.5,4.75,7,5.25],"texture":"#2"},"south":{"rotation":180,"uv":[4.75,11.25,5.25,11.75],"texture":"#2"}}},{"to":[7.94409,14.80593,8.177],"rotation":{"origin":[1.86574,9.485,8],"angle":-45,"axis":"z"},"from":[7.54584,14.36343,7.823],"faces":{"east":{"uv":[7.5,2,8,2.5],"texture":"#2"},"north":{"uv":[6,4.5,6.5,5],"texture":"#2"},"up":{"uv":[4,4,4.5,4.5],"texture":"#2"},"south":{"uv":[5.75,4.5,6.25,5],"texture":"#2"}}},{"to":[7.38901,8.877,2.61075],"rotation":{"origin":[1.86574,9.485,8],"angle":-45,"axis":"y"},"from":[6.99076,8.523,2.124],"faces":{"down":{"rotation":180,"uv":[9,10.25,9.5,10.75],"texture":"#2"},"east":{"uv":[7.5,2,8,2.5],"texture":"#2"},"north":{"rotation":180,"uv":[4.75,11.25,5.25,11.75],"texture":"#2"},"up":{"rotation":180,"uv":[6.5,4.75,7,5.25],"texture":"#2"}}},{"to":[5.95585,9.47438,8.15404],"rotation":{"origin":[0.08943,-0.25,8],"angle":0,"axis":"y"},"from":[5.82301,7.92563,7.84597],"faces":{"down":{"rotation":180,"uv":[6.25,8,6.75,8.25],"texture":"#3"},"west":{"uv":[8.25,4,8.75,6],"texture":"#3"},"east":{"uv":[12.5,7.5,13,8],"texture":"#3"},"up":{"rotation":180,"uv":[3.5,3.75,4,4.25],"texture":"#3"}}},{"to":[8.93664,9.47438,8.15404],"rotation":{"origin":[1.79554,-2.905,8],"angle":0,"axis":"y"},"from":[6.19914,7.92563,7.84597],"faces":{"down":{"rotation":180,"uv":[5.5,7.75,7.5,8.25],"texture":"#3"},"west":{"uv":[12.5,7.5,13,8],"texture":"#3"},"east":{"uv":[5.25,10.5,5.75,11],"texture":"#3"},"up":{"uv":[2,3.25,4,3.75],"texture":"#3"}}},{"to":[8.93664,8.96152,5.57571],"rotation":{"origin":[1.81514,1.9625,8],"angle":22.5,"axis":"x"},"from":[6.19914,7.41277,5.26764],"faces":{"down":{"rotation":180,"uv":[3,9,5,9.5],"texture":"#3"},"west":{"uv":[12.5,7.5,13,8],"texture":"#3"},"east":{"uv":[5.25,10.5,5.75,11],"texture":"#3"},"up":{"uv":[2,3.75,4,4.25],"texture":"#3"}}},{"to":[8.93664,8.96152,10.73236],"rotation":{"origin":[1.81514,1.9625,8],"angle":-22.5,"axis":"x"},"from":[6.19914,7.41277,10.42429],"faces":{"down":{"rotation":180,"uv":[3.5,8,5.5,8.5],"texture":"#3"},"west":{"uv":[12.5,7.5,13,8],"texture":"#3"},"east":{"uv":[5.25,10.5,5.75,11],"texture":"#3"},"up":{"uv":[0,3.25,2,3.75],"texture":"#3"}}},{"to":[8.93664,7.50101,3.3899],"rotation":{"origin":[1.81514,1.9625,8],"angle":45,"axis":"x"},"from":[6.19914,5.95226,3.08183],"faces":{"down":{"rotation":180,"uv":[5.75,5.5,7.75,6],"texture":"#3"},"west":{"uv":[12.5,7.5,13,8],"texture":"#3"},"east":{"uv":[5.25,10.5,5.75,11],"texture":"#3"},"up":{"uv":[5.25,4.25,7.25,4.75],"texture":"#3"}}},{"to":[8.93664,7.50101,12.91817],"rotation":{"origin":[1.81514,1.9625,8],"angle":-45,"axis":"x"},"from":[6.19914,5.95226,12.6101],"faces":{"down":{"uv":[4.5,5.5,6.5,6],"texture":"#3"},"west":{"uv":[12.5,7.5,13,8],"texture":"#3"},"east":{"uv":[5.25,10.5,5.75,11],"texture":"#3"},"up":{"rotation":180,"uv":[1.25,4.25,3.25,4.75],"texture":"#3"}}},{"to":[8.93664,8.34118,11.3527],"rotation":{"origin":[1.81514,1.9625,8],"angle":-22.5,"axis":"x"},"from":[6.19914,8.03311,9.80395],"faces":{"west":{"rotation":90,"uv":[12.5,7.5,13,8],"texture":"#3"},"east":{"uv":[5.25,10.5,5.75,11],"texture":"#3"},"north":{"uv":[6.25,5,8.25,5.5],"texture":"#3"},"south":{"uv":[5.25,4.75,7.25,5.25],"texture":"#3"}}},{"to":[8.93664,8.34118,6.19605],"rotation":{"origin":[1.81514,1.9625,8],"angle":22.5,"axis":"x"},"from":[6.19914,8.03311,4.6473],"faces":{"west":{"rotation":270,"uv":[12.5,7.5,13,8],"texture":"#3"},"east":{"uv":[5.25,10.5,5.75,11],"texture":"#3"},"north":{"uv":[5.25,4.75,7.25,5.25],"texture":"#3"},"south":{"uv":[6.25,5,8.25,5.5],"texture":"#3"}}},{"to":[8.93664,8.85404,8.77438],"rotation":{"origin":[1.79554,-2.905,8],"angle":0,"axis":"y"},"from":[6.19914,8.54596,7.22563],"faces":{"west":{"uv":[12.5,7.5,13,8],"texture":"#3"},"east":{"uv":[5.25,10.5,5.75,11],"texture":"#3"},"north":{"uv":[3,12.25,5,12.75],"texture":"#3"},"south":{"uv":[0,12,2,12.5],"texture":"#3"}}},{"to":[5.95594,8.96152,5.57571],"rotation":{"origin":[0.13359,1.9625,8],"angle":22.5,"axis":"x"},"from":[5.8231,7.41277,5.26764],"faces":{"down":{"rotation":180,"uv":[6.25,8,6.75,8.25],"texture":"#3"},"west":{"uv":[7.25,4,7.75,6],"texture":"#3"},"east":{"uv":[12.5,7.5,13,8],"texture":"#3"},"up":{"uv":[3.5,4.25,4,4.75],"texture":"#3"}}},{"to":[5.95594,8.96152,10.73236],"rotation":{"origin":[0.13359,1.9625,8],"angle":-22.5,"axis":"x"},"from":[5.8231,7.41277,10.42429],"faces":{"down":{"rotation":180,"uv":[6.25,8,6.75,8.25],"texture":"#3"},"west":{"uv":[7.25,4,7.75,6],"texture":"#3"},"east":{"uv":[12.5,7.5,13,8],"texture":"#3"},"up":{"rotation":180,"uv":[3.5,4.25,4,4.75],"texture":"#3"}}},{"to":[5.95585,7.50101,3.3899],"rotation":{"origin":[0.13359,1.9625,8],"angle":45,"axis":"x"},"from":[5.82301,5.95226,3.08183],"faces":{"down":{"rotation":180,"uv":[6.25,8,6.75,8.25],"texture":"#3"},"west":{"uv":[10.75,4.5,11.25,6.5],"texture":"#3"},"east":{"uv":[12.5,7.5,13,8],"texture":"#3"},"up":{"uv":[3.75,4.75,4.25,5.25],"texture":"#3"}}},{"to":[5.95585,7.50101,12.91817],"rotation":{"origin":[0.13359,1.9625,8],"angle":-45,"axis":"x"},"from":[5.82301,5.95226,12.6101],"faces":{"down":{"rotation":180,"uv":[6.25,8,6.75,8.25],"texture":"#3"},"west":{"uv":[6.75,4.5,7.25,6.5],"texture":"#3"},"east":{"uv":[12.5,7.5,13,8],"texture":"#3"},"up":{"rotation":180,"uv":[7.75,4.75,8.25,5.25],"texture":"#3"}}},{"to":[5.95594,8.34118,11.3527],"rotation":{"origin":[0.13359,1.9625,8],"angle":-22.5,"axis":"x"},"from":[5.8231,8.03311,9.80395],"faces":{"west":{"rotation":90,"uv":[0.5,4.75,1,6.75],"texture":"#3"},"east":{"rotation":270,"uv":[12.5,7.5,13,8],"texture":"#3"},"north":{"rotation":180,"uv":[6.75,8,7.25,8.5],"texture":"#3"},"south":{"uv":[5.25,5.5,5.75,6],"texture":"#3"}}},{"to":[5.95594,8.34118,6.19605],"rotation":{"origin":[0.13359,1.9625,8],"angle":22.5,"axis":"x"},"from":[5.8231,8.03311,4.6473],"faces":{"west":{"rotation":270,"uv":[0.75,4.75,1.25,6.75],"texture":"#3"},"east":{"rotation":90,"uv":[12.5,7.5,13,8],"texture":"#3"},"north":{"uv":[6.75,5.5,7.25,6],"texture":"#3"},"south":{"rotation":180,"uv":[6,8,6.5,8.5],"texture":"#3"}}},{"to":[5.95585,8.85404,8.77438],"rotation":{"origin":[2.32654,-2.905,8],"angle":0,"axis":"y"},"from":[5.82301,8.54596,7.22563],"faces":{"west":{"rotation":90,"uv":[7.25,9.5,7.75,11.5],"texture":"#3"},"east":{"uv":[12.5,7.5,13,8],"texture":"#3"},"north":{"rotation":180,"uv":[4.25,8.25,4.75,8.75],"texture":"#3"},"south":{"rotation":180,"uv":[6.25,8.25,6.75,8.75],"texture":"#3"}}},{"to":[6.46464,9.38587,8.13643],"rotation":{"origin":[0.39914,9.485,8],"angle":0,"axis":"y"},"from":[5.93364,8.01413,7.86357],"faces":{"down":{"uv":[5.75,8,6.25,8.25],"texture":"#3"},"up":{"rotation":180,"uv":[8.5,4,9,4.5],"texture":"#3"}}},{"to":[6.46464,8.87302,5.5581],"rotation":{"origin":[0.39914,1.9625,8],"angle":22.5,"axis":"x"},"from":[5.93364,7.50127,5.28524],"faces":{"down":{"uv":[5.75,8,6.25,8.25],"texture":"#3"},"up":{"rotation":180,"uv":[11,2.5,11.5,3],"texture":"#3"}}},{"to":[6.46464,8.87302,10.71476],"rotation":{"origin":[0.39914,1.9625,8],"angle":-22.5,"axis":"x"},"from":[5.93364,7.50127,10.4419],"faces":{"down":{"uv":[5.75,8,6.25,8.25],"texture":"#3"},"up":{"rotation":180,"uv":[8.5,4,9,4.5],"texture":"#3"}}},{"to":[6.46464,7.41251,3.3723],"rotation":{"origin":[0.39914,1.9625,8],"angle":45,"axis":"x"},"from":[5.93364,6.04076,3.09944],"faces":{"down":{"uv":[5.75,8,6.25,8.25],"texture":"#3"},"up":{"uv":[3.25,4.25,3.75,4.75],"texture":"#3"}}},{"to":[6.46464,7.41251,12.90056],"rotation":{"origin":[0.39914,1.9625,8],"angle":-45,"axis":"x"},"from":[5.93364,6.04076,12.6277],"faces":{"down":{"uv":[5.75,8,6.25,8.25],"texture":"#3"},"up":{"rotation":180,"uv":[3.25,4.25,3.75,4.75],"texture":"#3"}}},{"to":[6.46464,8.32358,11.2642],"rotation":{"origin":[0.39914,1.9625,8],"angle":-22.5,"axis":"x"},"from":[5.93364,8.05071,9.89245],"faces":{"north":{"rotation":180,"uv":[3,8,3.5,8.5],"texture":"#3"},"south":{"uv":[3.25,4.75,3.75,5.25],"texture":"#3"}}},{"to":[6.46464,8.32358,6.10755],"rotation":{"origin":[0.39914,1.9625,8],"angle":22.5,"axis":"x"},"from":[5.93364,8.05071,4.7358],"faces":{"north":{"uv":[3.25,4.75,3.75,5.25],"texture":"#3"},"south":{"rotation":180,"uv":[3,8,3.5,8.5],"texture":"#3"}}},{"to":[6.46464,8.83643,8.68587],"rotation":{"origin":[2.32654,-2.905,8],"angle":0,"axis":"y"},"from":[5.93364,8.56357,7.31413],"faces":{"north":{"uv":[3.25,5.25,3.75,5.75],"texture":"#3"},"south":{"uv":[3.25,5.25,3.75,5.75],"texture":"#3"}}},{"to":[5.88859,7.504,8.07042],"rotation":{"origin":[2.32654,-2.905,8],"angle":0,"axis":"y"},"from":[5.80009,6.796,7.92959],"faces":{"down":{"uv":[9.5,8,9.75,8.25],"texture":"#1"},"west":{"uv":[6.25,4.5,6.75,5.25],"texture":"#1"},"up":{"uv":[3.25,4,3.5,4.5],"texture":"#1"}}},{"to":[9.29064,7.858,8.14083],"rotation":{"origin":[1.79554,-2.905,8],"angle":0,"axis":"y"},"from":[8.84814,6.442,7.85917],"faces":{"down":{"rotation":180,"uv":[7.75,8,8.25,8.25],"texture":"#2"},"east":{"uv":[11,7.5,11.5,8],"texture":"#2"},"up":{"uv":[3.25,4,3.75,4.25],"texture":"#2"}}},{"to":[9.29064,7.46313,10.126],"rotation":{"origin":[3.07626,1.9625,8],"angle":-22.5,"axis":"x"},"from":[8.84814,6.04713,9.84434],"faces":{"down":{"rotation":180,"uv":[4.25,8,4.75,8.25],"texture":"#2"},"east":{"uv":[11,7.5,11.5,8],"texture":"#2"},"up":{"uv":[7.5,4.25,8,4.5],"texture":"#2"}}},{"to":[9.29064,7.46313,6.15566],"rotation":{"origin":[3.07626,1.9625,8],"angle":22.5,"axis":"x"},"from":[8.84814,6.04713,5.874],"faces":{"down":{"uv":[4.25,8,4.75,8.25],"texture":"#2"},"east":{"uv":[11,7.5,11.5,8],"texture":"#2"},"up":{"uv":[5.5,4.25,6,4.5],"texture":"#2"}}},{"to":[9.29064,6.33862,11.80894],"rotation":{"origin":[3.07626,1.9625,8],"angle":-45,"axis":"x"},"from":[8.84814,4.92262,11.52728],"faces":{"down":{"rotation":180,"uv":[2.75,9.25,3.25,9.5],"texture":"#2"},"east":{"uv":[11,7.5,11.5,8],"texture":"#2"},"up":{"rotation":180,"uv":[6.5,4.75,7,5],"texture":"#2"}}},{"to":[9.29064,6.33862,4.47272],"rotation":{"origin":[3.07626,1.9625,8],"angle":45,"axis":"x"},"from":[8.84814,4.92262,4.19106],"faces":{"down":{"rotation":180,"uv":[2.75,9.25,3.25,9.75],"texture":"#2"},"east":{"uv":[11,7.5,11.5,8],"texture":"#2"},"up":{"uv":[8.5,4.75,9,5],"texture":"#2"}}},{"to":[9.29064,6.89596,6.72283],"rotation":{"origin":[3.07626,1.9625,8],"angle":22.5,"axis":"x"},"from":[8.84814,6.6143,5.30683],"faces":{"east":{"rotation":90,"uv":[11,7.5,11.5,8],"texture":"#2"},"north":{"rotation":180,"uv":[5.5,11.5,6,11.75],"texture":"#2"},"south":{"rotation":180,"uv":[1.25,9.75,1.75,10],"texture":"#2"}}},{"to":[9.29064,6.89596,10.69317],"rotation":{"origin":[3.07626,1.9625,8],"angle":-22.5,"axis":"x"},"from":[8.84814,6.6143,9.27717],"faces":{"east":{"rotation":270,"uv":[11,7.5,11.5,8],"texture":"#2"},"north":{"rotation":180,"uv":[2.5,10,3,10.5],"texture":"#2"},"south":{"rotation":180,"uv":[5.5,11.5,6,11.75],"texture":"#2"}}},{"to":[9.29064,7.29083,8.708],"rotation":{"origin":[1.79554,-2.905,8],"angle":0,"axis":"y"},"from":[8.84814,7.00917,7.292],"faces":{"east":{"uv":[11,7.5,11.5,8],"texture":"#2"},"north":{"rotation":180,"uv":[5.5,11,6,11.25],"texture":"#2"},"south":{"rotation":180,"uv":[5.5,11,6,11.25],"texture":"#2"}}},{"to":[9.46764,7.81375,8.13202],"rotation":{"origin":[1.79554,-2.905,8],"angle":0,"axis":"y"},"from":[9.20214,6.48625,7.86798],"faces":{"down":{"rotation":180,"uv":[7.75,8,8.25,8.25],"texture":"#2"},"east":{"uv":[11,7.5,11.5,8],"texture":"#2"},"up":{"uv":[3.25,4,3.75,4.25],"texture":"#2"}}},{"to":[9.46764,7.41888,6.14685],"rotation":{"origin":[3.71789,1.9625,8],"angle":22.5,"axis":"x"},"from":[9.20214,6.09138,5.88281],"faces":{"down":{"uv":[4.25,8,4.75,8.25],"texture":"#2"},"east":{"uv":[11,7.5,11.5,8],"texture":"#2"},"up":{"uv":[12.75,2.25,13.25,2.5],"texture":"#2"}}},{"to":[9.46764,7.41888,10.11719],"rotation":{"origin":[3.71789,1.9625,8],"angle":-22.5,"axis":"x"},"from":[9.20214,6.09138,9.85315],"faces":{"down":{"rotation":180,"uv":[4.25,8,4.75,8.25],"texture":"#2"},"east":{"uv":[11,7.5,11.5,8],"texture":"#2"},"up":{"uv":[8.5,4.25,9,4.5],"texture":"#2"}}},{"to":[9.46764,6.29437,4.46391],"rotation":{"origin":[3.71789,1.9625,8],"angle":45,"axis":"x"},"from":[9.20214,4.96687,4.19986],"faces":{"down":{"rotation":180,"uv":[2.75,9.25,3.25,9.75],"texture":"#2"},"east":{"uv":[11,7.5,11.5,8],"texture":"#2"},"up":{"uv":[9.25,4.75,9.75,5],"texture":"#2"}}},{"to":[9.46764,6.29437,11.80014],"rotation":{"origin":[3.71789,1.9625,8],"angle":-45,"axis":"x"},"from":[9.20214,4.96687,11.53609],"faces":{"down":{"rotation":180,"uv":[2.75,9.25,3.25,9.5],"texture":"#2"},"east":{"uv":[11,7.5,11.5,8],"texture":"#2"},"up":{"rotation":180,"uv":[5.75,4.75,6.25,5],"texture":"#2"}}},{"to":[9.46764,6.88715,10.64892],"rotation":{"origin":[3.71789,1.9625,8],"angle":-22.5,"axis":"x"},"from":[9.20214,6.62311,9.32142],"faces":{"east":{"rotation":270,"uv":[11,7.5,11.5,8],"texture":"#2"},"north":{"rotation":180,"uv":[2.5,10,3,10.5],"texture":"#2"},"south":{"rotation":180,"uv":[6.25,11.5,6.75,11.75],"texture":"#2"}}},{"to":[9.46764,6.88715,6.67858],"rotation":{"origin":[3.71789,1.9625,8],"angle":22.5,"axis":"x"},"from":[9.20214,6.62311,5.35108],"faces":{"east":{"rotation":90,"uv":[11,7.5,11.5,8],"texture":"#2"},"north":{"rotation":180,"uv":[4.75,11.5,5.25,11.75],"texture":"#2"},"south":{"rotation":180,"uv":[1.25,9.75,1.75,10],"texture":"#2"}}},{"to":[9.46764,7.28202,8.66375],"rotation":{"origin":[1.79554,-2.905,8],"angle":0,"axis":"y"},"from":[9.20214,7.01798,7.33625],"faces":{"east":{"uv":[11,7.5,11.5,8],"texture":"#2"},"north":{"rotation":180,"uv":[5.5,11,6,11.25],"texture":"#2"},"south":{"rotation":180,"uv":[5.5,11,6,11.25],"texture":"#2"}}},{"to":[9.60038,7.7695,8.12323],"rotation":{"origin":[1.79554,-2.905,8],"angle":0,"axis":"y"},"from":[9.37914,6.5305,7.87678],"faces":{"down":{"rotation":180,"uv":[7.75,8,8.25,8.25],"texture":"#2"},"east":{"uv":[11,7.5,11.5,8],"texture":"#2"},"up":{"uv":[3.25,4,3.75,4.25],"texture":"#2"}}},{"to":[9.60038,7.37463,10.10839],"rotation":{"origin":[4.07189,1.9625,8],"angle":-22.5,"axis":"x"},"from":[9.37914,6.13563,9.86194],"faces":{"down":{"rotation":180,"uv":[4.25,8,4.75,8.25],"texture":"#2"},"east":{"uv":[11,7.5,11.5,8],"texture":"#2"},"up":{"uv":[8.75,4.25,9.25,4.5],"texture":"#2"}}},{"to":[9.60038,7.37463,6.13806],"rotation":{"origin":[4.07189,1.9625,8],"angle":22.5,"axis":"x"},"from":[9.37914,6.13563,5.89161],"faces":{"down":{"uv":[4.25,8,4.75,8.25],"texture":"#2"},"east":{"uv":[11,7.5,11.5,8],"texture":"#2"},"up":{"uv":[10.5,2.75,11,3],"texture":"#2"}}},{"to":[9.60038,6.25012,11.79134],"rotation":{"origin":[4.07189,1.9625,8],"angle":-45,"axis":"x"},"from":[9.37914,5.01112,11.54489],"faces":{"down":{"rotation":180,"uv":[2.75,9.25,3.25,9.5],"texture":"#2"},"east":{"uv":[11,7.5,11.5,8],"texture":"#2"},"up":{"rotation":180,"uv":[5.75,4.75,6.25,5],"texture":"#2"}}},{"to":[9.60038,6.87836,6.63433],"rotation":{"origin":[4.07189,1.9625,8],"angle":22.5,"axis":"x"},"from":[9.37914,6.6319,5.39533],"faces":{"east":{"rotation":90,"uv":[11,7.5,11.5,8],"texture":"#2"},"north":{"rotation":180,"uv":[6.75,11.5,7.25,11.75],"texture":"#2"},"south":{"rotation":180,"uv":[1.25,9.75,1.75,10],"texture":"#2"}}},{"to":[9.60038,6.25012,4.45511],"rotation":{"origin":[4.07189,1.9625,8],"angle":45,"axis":"x"},"from":[9.37914,5.01112,4.20866],"faces":{"down":{"rotation":180,"uv":[2.75,9.25,3.25,9.75],"texture":"#2"},"east":{"uv":[11,7.5,11.5,8],"texture":"#2"},"up":{"uv":[9,4.75,9.5,5],"texture":"#2"}}},{"to":[9.60038,6.87836,10.60467],"rotation":{"origin":[4.07189,1.9625,8],"angle":-22.5,"axis":"x"},"from":[9.37914,6.6319,9.36567],"faces":{"east":{"rotation":270,"uv":[11,7.5,11.5,8],"texture":"#2"},"north":{"rotation":180,"uv":[2.5,10,3,10.5],"texture":"#2"},"south":{"rotation":180,"uv":[6.25,11.5,6.75,11.75],"texture":"#2"}}},{"to":[9.60038,7.27323,8.6195],"rotation":{"origin":[1.79554,-2.905,8],"angle":0,"axis":"y"},"from":[9.37914,7.02677,7.3805],"faces":{"east":{"uv":[11,7.5,11.5,8],"texture":"#2"},"north":{"rotation":180,"uv":[5.5,11,6,11.25],"texture":"#2"},"south":{"rotation":180,"uv":[5.5,11,6,11.25],"texture":"#2"}}},{"to":[9.64464,7.72525,8.11442],"rotation":{"origin":[1.79554,-2.905,8],"angle":0,"axis":"y"},"from":[9.51189,6.57475,7.88558],"faces":{"down":{"rotation":180,"uv":[7.75,8,8.25,8.25],"texture":"#2"},"east":{"uv":[11,7.5,11.5,8],"texture":"#2"},"up":{"uv":[3.25,4,3.75,4.25],"texture":"#2"}}},{"to":[9.64464,7.33038,6.12925],"rotation":{"origin":[3.65151,1.9625,8],"angle":22.5,"axis":"x"},"from":[9.51189,6.17988,5.90041],"faces":{"down":{"uv":[4.25,8,4.75,8.25],"texture":"#2"},"east":{"uv":[11,7.5,11.5,8],"texture":"#2"},"up":{"uv":[11.25,3.25,11.75,3.5],"texture":"#2"}}},{"to":[9.64464,7.33038,10.09959],"rotation":{"origin":[3.65151,1.9625,8],"angle":-22.5,"axis":"x"},"from":[9.51189,6.17988,9.87075],"faces":{"down":{"rotation":180,"uv":[4.25,8,4.75,8.25],"texture":"#2"},"east":{"uv":[11,7.5,11.5,8],"texture":"#2"},"up":{"uv":[11,3,11.5,3.25],"texture":"#2"}}},{"to":[9.64464,6.20587,4.4463],"rotation":{"origin":[3.65151,1.9625,8],"angle":45,"axis":"x"},"from":[9.51189,5.05537,4.21746],"faces":{"down":{"rotation":180,"uv":[2.75,9.25,3.25,9.75],"texture":"#2"},"east":{"uv":[11,7.5,11.5,8],"texture":"#2"},"up":{"uv":[6.5,4.75,7,5],"texture":"#2"}}},{"to":[9.64464,6.20587,11.78254],"rotation":{"origin":[3.65151,1.9625,8],"angle":-45,"axis":"x"},"from":[9.51189,5.05537,11.5537],"faces":{"down":{"rotation":180,"uv":[2.75,9.25,3.25,9.5],"texture":"#2"},"east":{"uv":[11,7.5,11.5,8],"texture":"#2"},"up":{"rotation":180,"uv":[8,4.75,8.5,5],"texture":"#2"}}},{"to":[9.64464,6.86955,10.56042],"rotation":{"origin":[3.65151,1.9625,8],"angle":-22.5,"axis":"x"},"from":[9.51189,6.64071,9.40992],"faces":{"east":{"rotation":270,"uv":[11,7.5,11.5,8],"texture":"#2"},"north":{"rotation":180,"uv":[2.5,10,3,10.5],"texture":"#2"},"south":{"rotation":180,"uv":[7.5,11.5,8,11.75],"texture":"#2"}}},{"to":[9.64464,6.86955,6.59008],"rotation":{"origin":[3.65151,1.9625,8],"angle":22.5,"axis":"x"},"from":[9.51189,6.64071,5.43958],"faces":{"east":{"rotation":90,"uv":[11,7.5,11.5,8],"texture":"#2"},"north":{"rotation":180,"uv":[7,11.5,7.5,11.75],"texture":"#2"},"south":{"rotation":180,"uv":[1.25,9.75,1.75,10],"texture":"#2"}}},{"to":[9.64464,7.26442,8.57525],"rotation":{"origin":[1.79554,-2.905,8],"angle":0,"axis":"y"},"from":[9.51189,7.03558,7.42475],"faces":{"east":{"uv":[11,7.5,11.5,8],"texture":"#2"},"north":{"rotation":180,"uv":[5.5,11,6,11.25],"texture":"#2"},"south":{"rotation":180,"uv":[5.5,11,6,11.25],"texture":"#2"}}},{"to":[5.8885,7.10913,10.05559],"rotation":{"origin":[0.04513,1.9625,8],"angle":-22.5,"axis":"x"},"from":[5.8,6.40113,9.91476],"faces":{"down":{"rotation":180,"uv":[9,8,9.25,8.5],"texture":"#1"},"west":{"uv":[5.25,4.5,5.75,5.25],"texture":"#1"},"up":{"rotation":180,"uv":[7.25,4.25,7.5,4.75],"texture":"#1"}}},{"to":[5.8885,7.10913,6.08525],"rotation":{"origin":[0.04513,1.9625,8],"angle":22.5,"axis":"x"},"from":[5.8,6.40113,5.94442],"faces":{"down":{"uv":[9,8,9.25,8.5],"texture":"#1"},"west":{"uv":[5.25,4.5,5.75,5.25],"texture":"#1"},"up":{"uv":[3.25,4,3.5,4.5],"texture":"#1"}}},{"to":[5.88859,5.98462,11.73853],"rotation":{"origin":[0.04513,1.9625,8],"angle":-45,"axis":"x"},"from":[5.80009,5.27662,11.59771],"faces":{"down":{"uv":[6,5.5,6.25,6],"texture":"#1"},"west":{"uv":[6.25,4.5,6.75,5.25],"texture":"#1"},"up":{"rotation":180,"uv":[7.25,4.25,7.5,4.75],"texture":"#1"}}},{"to":[5.88859,5.98462,4.4023],"rotation":{"origin":[0.04513,1.9625,8],"angle":45,"axis":"x"},"from":[5.80009,5.27662,4.26147],"faces":{"down":{"uv":[6,5.5,6.25,6],"texture":"#1"},"west":{"uv":[6.25,4.5,6.75,5.25],"texture":"#1"},"up":{"uv":[3.75,4,4,4.5],"texture":"#1"}}},{"to":[5.8885,6.82555,6.36883],"rotation":{"origin":[0.04513,1.9625,8],"angle":22.5,"axis":"x"},"from":[5.8,6.68472,5.66083],"faces":{"west":{"rotation":270,"uv":[9.25,4.5,9.75,5.25],"texture":"#1"},"north":{"uv":[7.25,4.25,7.5,4.75],"texture":"#1"},"south":{"uv":[6.25,5,6.5,5.5],"texture":"#1"}}},{"to":[5.8885,6.82555,10.33917],"rotation":{"origin":[0.04513,1.9625,8],"angle":-22.5,"axis":"x"},"from":[5.8,6.68472,9.63117],"faces":{"west":{"rotation":90,"uv":[9,4.5,9.5,5.25],"texture":"#1"},"north":{"uv":[6.25,5,6.5,5.5],"texture":"#1"},"south":{"uv":[7.25,4.25,7.5,4.75],"texture":"#1"}}},{"to":[5.88859,7.22042,8.354],"rotation":{"origin":[2.32654,-2.905,8],"angle":0,"axis":"y"},"from":[5.80009,7.07959,7.646],"faces":{"west":{"uv":[6.25,4.5,6.75,5],"texture":"#1"},"north":{"uv":[6.25,4.5,6.5,5],"texture":"#1"},"south":{"uv":[6.25,4.5,6.5,5],"texture":"#1"}}},{"to":[5.73792,2.40039,8.177],"rotation":{"origin":[1.86574,9.485,8],"angle":45,"axis":"z"},"from":[5.33967,1.95789,7.823],"faces":{"down":{"rotation":180,"uv":[15,8,15.5,8.5],"texture":"#2"},"east":{"uv":[7.5,2,8,2.5],"texture":"#2"},"north":{"rotation":180,"uv":[5,8,5.5,8.5],"texture":"#2"},"south":{"rotation":180,"uv":[5,8,5.5,8.5],"texture":"#2"}}},{"to":[7.38901,7.327,13.876],"rotation":{"origin":[1.86574,9.485,8],"angle":45,"axis":"y"},"from":[6.99076,6.973,13.38925],"faces":{"down":{"rotation":180,"uv":[9,10.25,9.5,10.75],"texture":"#2"},"east":{"uv":[7.5,2,8,2.5],"texture":"#2"},"up":{"uv":[6.5,4.75,7,5.25],"texture":"#2"},"south":{"rotation":180,"uv":[4.75,11.25,5.25,11.75],"texture":"#2"}}},{"to":[9.04011,13.70991,8.177],"rotation":{"origin":[1.86574,9.485,8],"angle":-45,"axis":"z"},"from":[8.64186,13.26741,7.823],"faces":{"east":{"uv":[7.5,2,8,2.5],"texture":"#2"},"north":{"uv":[6,4.5,6.5,5],"texture":"#2"},"up":{"uv":[4,4,4.5,4.5],"texture":"#2"},"south":{"uv":[5.75,4.5,6.25,5],"texture":"#2"}}},{"to":[7.38901,7.327,2.61075],"rotation":{"origin":[1.86574,9.485,8],"angle":-45,"axis":"y"},"from":[6.99076,6.973,2.124],"faces":{"down":{"rotation":180,"uv":[9,10.25,9.5,10.75],"texture":"#2"},"east":{"uv":[7.5,2,8,2.5],"texture":"#2"},"north":{"rotation":180,"uv":[4.75,11.25,5.25,11.75],"texture":"#2"},"up":{"rotation":180,"uv":[6.5,4.75,7,5.25],"texture":"#2"}}},{"to":[5.95585,7.92438,8.15404],"rotation":{"origin":[0.08943,-0.25,8],"angle":0,"axis":"y"},"from":[5.82301,6.37563,7.84597],"faces":{"down":{"rotation":180,"uv":[6.25,8,6.75,8.25],"texture":"#3"},"west":{"uv":[8.25,4,8.75,6],"texture":"#3"},"east":{"uv":[12.5,7.5,13,8],"texture":"#3"},"up":{"rotation":180,"uv":[3.5,3.75,4,4.25],"texture":"#3"}}},{"to":[8.93664,7.92438,8.15404],"rotation":{"origin":[1.79554,-2.905,8],"angle":0,"axis":"y"},"from":[6.19914,6.37563,7.84597],"faces":{"down":{"rotation":180,"uv":[5.5,7.75,7.5,8.25],"texture":"#3"},"west":{"uv":[12.5,7.5,13,8],"texture":"#3"},"east":{"uv":[5.25,10.5,5.75,11],"texture":"#3"},"up":{"uv":[2,3.25,4,3.75],"texture":"#3"}}},{"to":[8.93664,7.52951,6.16887],"rotation":{"origin":[1.81514,1.9625,8],"angle":22.5,"axis":"x"},"from":[6.19914,5.98076,5.8608],"faces":{"down":{"rotation":180,"uv":[3,9,5,9.5],"texture":"#3"},"west":{"uv":[12.5,7.5,13,8],"texture":"#3"},"east":{"uv":[5.25,10.5,5.75,11],"texture":"#3"},"up":{"uv":[2,3.75,4,4.25],"texture":"#3"}}},{"to":[8.93664,7.52951,10.1392],"rotation":{"origin":[1.81514,1.9625,8],"angle":-22.5,"axis":"x"},"from":[6.19914,5.98076,9.83113],"faces":{"down":{"rotation":180,"uv":[3.5,8,5.5,8.5],"texture":"#3"},"west":{"uv":[12.5,7.5,13,8],"texture":"#3"},"east":{"uv":[5.25,10.5,5.75,11],"texture":"#3"},"up":{"uv":[0,3.25,2,3.75],"texture":"#3"}}},{"to":[8.93664,6.40499,4.48592],"rotation":{"origin":[1.81514,1.9625,8],"angle":45,"axis":"x"},"from":[6.19914,4.85624,4.17785],"faces":{"down":{"rotation":180,"uv":[5.75,5.5,7.75,6],"texture":"#3"},"west":{"uv":[12.5,7.5,13,8],"texture":"#3"},"east":{"uv":[5.25,10.5,5.75,11],"texture":"#3"},"up":{"uv":[5.25,4.25,7.25,4.75],"texture":"#3"}}},{"to":[8.93664,6.40499,11.82215],"rotation":{"origin":[1.81514,1.9625,8],"angle":-45,"axis":"x"},"from":[6.19914,4.85624,11.51408],"faces":{"down":{"uv":[4.5,5.5,6.5,6],"texture":"#3"},"west":{"uv":[12.5,7.5,13,8],"texture":"#3"},"east":{"uv":[5.25,10.5,5.75,11],"texture":"#3"},"up":{"rotation":180,"uv":[1.25,4.25,3.25,4.75],"texture":"#3"}}},{"to":[8.93664,6.90917,10.75954],"rotation":{"origin":[1.81514,1.9625,8],"angle":-22.5,"axis":"x"},"from":[6.19914,6.6011,9.21079],"faces":{"west":{"rotation":90,"uv":[12.5,7.5,13,8],"texture":"#3"},"east":{"uv":[5.25,10.5,5.75,11],"texture":"#3"},"north":{"uv":[6.25,5,8.25,5.5],"texture":"#3"},"south":{"uv":[5.25,4.75,7.25,5.25],"texture":"#3"}}},{"to":[8.93664,6.90917,6.78921],"rotation":{"origin":[1.81514,1.9625,8],"angle":22.5,"axis":"x"},"from":[6.19914,6.6011,5.24046],"faces":{"west":{"rotation":270,"uv":[12.5,7.5,13,8],"texture":"#3"},"east":{"uv":[5.25,10.5,5.75,11],"texture":"#3"},"north":{"uv":[5.25,4.75,7.25,5.25],"texture":"#3"},"south":{"uv":[6.25,5,8.25,5.5],"texture":"#3"}}},{"to":[8.93664,7.30403,8.77438],"rotation":{"origin":[1.79554,-2.905,8],"angle":0,"axis":"y"},"from":[6.19914,6.99596,7.22563],"faces":{"west":{"uv":[12.5,7.5,13,8],"texture":"#3"},"east":{"uv":[5.25,10.5,5.75,11],"texture":"#3"},"north":{"uv":[3,12.25,5,12.75],"texture":"#3"},"south":{"uv":[0,12,2,12.5],"texture":"#3"}}},{"to":[5.95594,7.52951,6.16887],"rotation":{"origin":[0.13359,1.9625,8],"angle":22.5,"axis":"x"},"from":[5.8231,5.98076,5.8608],"faces":{"down":{"rotation":180,"uv":[6.25,8,6.75,8.25],"texture":"#3"},"west":{"uv":[7.25,4,7.75,6],"texture":"#3"},"east":{"uv":[12.5,7.5,13,8],"texture":"#3"},"up":{"uv":[3.5,4.25,4,4.75],"texture":"#3"}}},{"to":[5.95594,7.52951,10.1392],"rotation":{"origin":[0.13359,1.9625,8],"angle":-22.5,"axis":"x"},"from":[5.8231,5.98076,9.83113],"faces":{"down":{"rotation":180,"uv":[6.25,8,6.75,8.25],"texture":"#3"},"west":{"uv":[7.25,4,7.75,6],"texture":"#3"},"east":{"uv":[12.5,7.5,13,8],"texture":"#3"},"up":{"rotation":180,"uv":[3.5,4.25,4,4.75],"texture":"#3"}}},{"to":[5.95585,6.40499,4.48592],"rotation":{"origin":[0.13359,1.9625,8],"angle":45,"axis":"x"},"from":[5.82301,4.85624,4.17785],"faces":{"down":{"rotation":180,"uv":[6.25,8,6.75,8.25],"texture":"#3"},"west":{"uv":[10.75,4.5,11.25,6.5],"texture":"#3"},"east":{"uv":[12.5,7.5,13,8],"texture":"#3"},"up":{"uv":[3.75,4.75,4.25,5.25],"texture":"#3"}}},{"to":[5.95585,6.40499,11.82215],"rotation":{"origin":[0.13359,1.9625,8],"angle":-45,"axis":"x"},"from":[5.82301,4.85624,11.51408],"faces":{"down":{"rotation":180,"uv":[6.25,8,6.75,8.25],"texture":"#3"},"west":{"uv":[6.75,4.5,7.25,6.5],"texture":"#3"},"east":{"uv":[12.5,7.5,13,8],"texture":"#3"},"up":{"rotation":180,"uv":[7.75,4.75,8.25,5.25],"texture":"#3"}}},{"to":[5.95594,6.90917,10.75954],"rotation":{"origin":[0.13359,1.9625,8],"angle":-22.5,"axis":"x"},"from":[5.8231,6.6011,9.21079],"faces":{"west":{"rotation":90,"uv":[0.5,4.75,1,6.75],"texture":"#3"},"east":{"rotation":270,"uv":[12.5,7.5,13,8],"texture":"#3"},"north":{"rotation":180,"uv":[6.75,8,7.25,8.5],"texture":"#3"},"south":{"uv":[5.25,5.5,5.75,6],"texture":"#3"}}},{"to":[5.95594,6.90917,6.78921],"rotation":{"origin":[0.13359,1.9625,8],"angle":22.5,"axis":"x"},"from":[5.8231,6.6011,5.24046],"faces":{"west":{"rotation":270,"uv":[0.75,4.75,1.25,6.75],"texture":"#3"},"east":{"rotation":90,"uv":[12.5,7.5,13,8],"texture":"#3"},"north":{"uv":[6.75,5.5,7.25,6],"texture":"#3"},"south":{"rotation":180,"uv":[6,8,6.5,8.5],"texture":"#3"}}},{"to":[5.95585,7.30403,8.77438],"rotation":{"origin":[2.32654,-2.905,8],"angle":0,"axis":"y"},"from":[5.82301,6.99596,7.22563],"faces":{"west":{"rotation":90,"uv":[7.25,9.5,7.75,11.5],"texture":"#3"},"east":{"uv":[12.5,7.5,13,8],"texture":"#3"},"north":{"rotation":180,"uv":[4.25,8.25,4.75,8.75],"texture":"#3"},"south":{"rotation":180,"uv":[6.25,8.25,6.75,8.75],"texture":"#3"}}},{"to":[6.46464,7.83587,8.13643],"rotation":{"origin":[0.39914,9.485,8],"angle":0,"axis":"y"},"from":[5.93364,6.46412,7.86357],"faces":{"down":{"uv":[5.75,8,6.25,8.25],"texture":"#3"},"up":{"rotation":180,"uv":[8.5,4,9,4.5],"texture":"#3"}}},{"to":[6.46464,7.44101,6.15126],"rotation":{"origin":[0.39914,1.9625,8],"angle":22.5,"axis":"x"},"from":[5.93364,6.06926,5.8784],"faces":{"down":{"uv":[5.75,8,6.25,8.25],"texture":"#3"},"up":{"rotation":180,"uv":[11,2.5,11.5,3],"texture":"#3"}}},{"to":[6.46464,7.44101,10.1216],"rotation":{"origin":[0.39914,1.9625,8],"angle":-22.5,"axis":"x"},"from":[5.93364,6.06926,9.84874],"faces":{"down":{"uv":[5.75,8,6.25,8.25],"texture":"#3"},"up":{"rotation":180,"uv":[8.5,4,9,4.5],"texture":"#3"}}},{"to":[6.46464,6.31649,4.46832],"rotation":{"origin":[0.39914,1.9625,8],"angle":45,"axis":"x"},"from":[5.93364,4.94474,4.19545],"faces":{"down":{"uv":[5.75,8,6.25,8.25],"texture":"#3"},"up":{"uv":[3.25,4.25,3.75,4.75],"texture":"#3"}}},{"to":[6.46464,6.31649,11.80455],"rotation":{"origin":[0.39914,1.9625,8],"angle":-45,"axis":"x"},"from":[5.93364,4.94474,11.53168],"faces":{"down":{"uv":[5.75,8,6.25,8.25],"texture":"#3"},"up":{"rotation":180,"uv":[3.25,4.25,3.75,4.75],"texture":"#3"}}},{"to":[6.46464,6.89156,10.67104],"rotation":{"origin":[0.39914,1.9625,8],"angle":-22.5,"axis":"x"},"from":[5.93364,6.6187,9.29929],"faces":{"north":{"rotation":180,"uv":[3,8,3.5,8.5],"texture":"#3"},"south":{"uv":[3.25,4.75,3.75,5.25],"texture":"#3"}}},{"to":[6.46464,6.89156,6.70071],"rotation":{"origin":[0.39914,1.9625,8],"angle":22.5,"axis":"x"},"from":[5.93364,6.6187,5.32896],"faces":{"north":{"uv":[3.25,4.75,3.75,5.25],"texture":"#3"},"south":{"rotation":180,"uv":[3,8,3.5,8.5],"texture":"#3"}}},{"to":[6.46464,7.28643,8.68587],"rotation":{"origin":[2.32654,-2.905,8],"angle":0,"axis":"y"},"from":[5.93364,7.01357,7.31413],"faces":{"north":{"uv":[3.25,5.25,3.75,5.75],"texture":"#3"},"south":{"uv":[3.25,5.25,3.75,5.75],"texture":"#3"}}},{"to":[9.99064,4.758,8.14083],"rotation":{"origin":[1.79554,-2.905,8],"angle":0,"axis":"y"},"from":[8.84814,3.342,7.85917],"faces":{"down":{"rotation":180,"uv":[7.75,8,8.25,8.25],"texture":"#2"},"east":{"uv":[11,7.5,11.5,8],"texture":"#2"},"up":{"uv":[3.25,4,3.75,4.25],"texture":"#2"}}},{"to":[9.99064,4.59911,8.93968],"rotation":{"origin":[3.07626,1.9625,8],"angle":-22.5,"axis":"x"},"from":[8.84814,3.18311,8.65802],"faces":{"down":{"rotation":180,"uv":[4.25,8,4.75,8.25],"texture":"#2"},"east":{"uv":[11,7.5,11.5,8],"texture":"#2"},"up":{"uv":[7.5,4.25,8,4.5],"texture":"#2"}}},{"to":[9.99064,4.59911,7.34198],"rotation":{"origin":[3.07626,1.9625,8],"angle":22.5,"axis":"x"},"from":[8.84814,3.18311,7.06032],"faces":{"down":{"uv":[4.25,8,4.75,8.25],"texture":"#2"},"east":{"uv":[11,7.5,11.5,8],"texture":"#2"},"up":{"uv":[5.5,4.25,6,4.5],"texture":"#2"}}},{"to":[9.99064,4.14659,9.61691],"rotation":{"origin":[3.07626,1.9625,8],"angle":-45,"axis":"x"},"from":[8.84814,2.73059,9.33525],"faces":{"down":{"rotation":180,"uv":[2.75,9.25,3.25,9.5],"texture":"#2"},"east":{"uv":[11,7.5,11.5,8],"texture":"#2"},"up":{"rotation":180,"uv":[6.5,4.75,7,5],"texture":"#2"}}},{"to":[9.99064,4.14659,6.66475],"rotation":{"origin":[3.07626,1.9625,8],"angle":45,"axis":"x"},"from":[8.84814,2.73059,6.38309],"faces":{"down":{"rotation":180,"uv":[2.75,9.25,3.25,9.75],"texture":"#2"},"east":{"uv":[11,7.5,11.5,8],"texture":"#2"},"up":{"uv":[8.5,4.75,9,5],"texture":"#2"}}},{"to":[9.99064,4.03193,7.90915],"rotation":{"origin":[3.07626,1.9625,8],"angle":22.5,"axis":"x"},"from":[8.84814,3.75027,6.49315],"faces":{"east":{"rotation":90,"uv":[11,7.5,11.5,8],"texture":"#2"},"north":{"rotation":180,"uv":[5.5,11.5,6,11.75],"texture":"#2"},"south":{"rotation":180,"uv":[1.25,9.75,1.75,10],"texture":"#2"}}},{"to":[9.99064,4.03193,9.50685],"rotation":{"origin":[3.07626,1.9625,8],"angle":-22.5,"axis":"x"},"from":[8.84814,3.75027,8.09085],"faces":{"east":{"rotation":270,"uv":[11,7.5,11.5,8],"texture":"#2"},"north":{"rotation":180,"uv":[2.5,10,3,10.5],"texture":"#2"},"south":{"rotation":180,"uv":[5.5,11.5,6,11.75],"texture":"#2"}}},{"to":[9.99064,4.19083,8.708],"rotation":{"origin":[1.79554,-2.905,8],"angle":0,"axis":"y"},"from":[8.84814,3.90917,7.292],"faces":{"east":{"uv":[11,7.5,11.5,8],"texture":"#2"},"north":{"rotation":180,"uv":[5.5,11,6,11.25],"texture":"#2"},"south":{"rotation":180,"uv":[5.5,11,6,11.25],"texture":"#2"}}},{"to":[8.93664,4.82437,8.15404],"rotation":{"origin":[1.79554,-2.905,8],"angle":0,"axis":"y"},"from":[5.69914,3.27562,7.84597],"faces":{"down":{"rotation":180,"uv":[5.5,7.75,7.5,8.25],"texture":"#3"},"west":{"uv":[12.5,7.5,13,8],"texture":"#3"},"east":{"uv":[5.25,10.5,5.75,11],"texture":"#3"},"up":{"uv":[2,3.25,4,3.75],"texture":"#3"}}},{"to":[8.93664,4.66548,7.35518],"rotation":{"origin":[1.81514,1.9625,8],"angle":22.5,"axis":"x"},"from":[5.69914,3.11673,7.04711],"faces":{"down":{"rotation":180,"uv":[3,9,5,9.5],"texture":"#3"},"west":{"uv":[12.5,7.5,13,8],"texture":"#3"},"east":{"uv":[5.25,10.5,5.75,11],"texture":"#3"},"up":{"uv":[2,3.75,4,4.25],"texture":"#3"}}},{"to":[8.93664,4.66548,8.95289],"rotation":{"origin":[1.81514,1.9625,8],"angle":-22.5,"axis":"x"},"from":[5.69914,3.11673,8.64482],"faces":{"down":{"rotation":180,"uv":[3.5,8,5.5,8.5],"texture":"#3"},"west":{"uv":[12.5,7.5,13,8],"texture":"#3"},"east":{"uv":[5.25,10.5,5.75,11],"texture":"#3"},"up":{"uv":[0,3.25,2,3.75],"texture":"#3"}}},{"to":[8.93664,4.21296,6.67795],"rotation":{"origin":[1.81514,1.9625,8],"angle":45,"axis":"x"},"from":[5.69914,2.66421,6.36988],"faces":{"down":{"rotation":180,"uv":[5.75,5.5,7.75,6],"texture":"#3"},"west":{"uv":[12.5,7.5,13,8],"texture":"#3"},"east":{"uv":[5.25,10.5,5.75,11],"texture":"#3"},"up":{"uv":[5.25,4.25,7.25,4.75],"texture":"#3"}}},{"to":[8.93664,4.21296,9.63012],"rotation":{"origin":[1.81514,1.9625,8],"angle":-45,"axis":"x"},"from":[5.69914,2.66421,9.32205],"faces":{"down":{"uv":[4.5,5.5,6.5,6],"texture":"#3"},"west":{"uv":[12.5,7.5,13,8],"texture":"#3"},"east":{"uv":[5.25,10.5,5.75,11],"texture":"#3"},"up":{"rotation":180,"uv":[1.25,4.25,3.25,4.75],"texture":"#3"}}},{"to":[8.93664,4.04514,9.57323],"rotation":{"origin":[1.81514,1.9625,8],"angle":-22.5,"axis":"x"},"from":[5.69914,3.73707,8.02448],"faces":{"west":{"rotation":90,"uv":[12.5,7.5,13,8],"texture":"#3"},"east":{"uv":[5.25,10.5,5.75,11],"texture":"#3"},"north":{"uv":[6.25,5,8.25,5.5],"texture":"#3"},"south":{"uv":[5.25,4.75,7.25,5.25],"texture":"#3"}}},{"to":[8.93664,4.04514,7.97552],"rotation":{"origin":[1.81514,1.9625,8],"angle":22.5,"axis":"x"},"from":[5.69914,3.73707,6.42677],"faces":{"west":{"rotation":270,"uv":[12.5,7.5,13,8],"texture":"#3"},"east":{"uv":[5.25,10.5,5.75,11],"texture":"#3"},"north":{"uv":[5.25,4.75,7.25,5.25],"texture":"#3"},"south":{"uv":[6.25,5,8.25,5.5],"texture":"#3"}}},{"to":[8.93664,4.20403,8.77438],"rotation":{"origin":[1.79554,-2.905,8],"angle":0,"axis":"y"},"from":[5.69914,3.89596,7.22563],"faces":{"west":{"uv":[12.5,7.5,13,8],"texture":"#3"},"east":{"uv":[5.25,10.5,5.75,11],"texture":"#3"},"north":{"uv":[3,12.25,5,12.75],"texture":"#3"},"south":{"uv":[0,12,2,12.5],"texture":"#3"}}},{"to":[9.99064,6.308,8.14083],"rotation":{"origin":[1.79554,-2.905,8],"angle":0,"axis":"y"},"from":[8.84814,4.892,7.85917],"faces":{"down":{"rotation":180,"uv":[7.75,8,8.25,8.25],"texture":"#2"},"east":{"uv":[11,7.5,11.5,8],"texture":"#2"},"up":{"uv":[3.25,4,3.75,4.25],"texture":"#2"}}},{"to":[9.99064,6.03112,9.53284],"rotation":{"origin":[3.07626,1.9625,8],"angle":-22.5,"axis":"x"},"from":[8.84814,4.61512,9.25118],"faces":{"down":{"rotation":180,"uv":[4.25,8,4.75,8.25],"texture":"#2"},"east":{"uv":[11,7.5,11.5,8],"texture":"#2"},"up":{"uv":[7.5,4.25,8,4.5],"texture":"#2"}}},{"to":[9.99064,6.03112,6.74882],"rotation":{"origin":[3.07626,1.9625,8],"angle":22.5,"axis":"x"},"from":[8.84814,4.61512,6.46716],"faces":{"down":{"uv":[4.25,8,4.75,8.25],"texture":"#2"},"east":{"uv":[11,7.5,11.5,8],"texture":"#2"},"up":{"uv":[5.5,4.25,6,4.5],"texture":"#2"}}},{"to":[9.99064,5.2426,10.71293],"rotation":{"origin":[3.07626,1.9625,8],"angle":-45,"axis":"x"},"from":[8.84814,3.8266,10.43127],"faces":{"down":{"rotation":180,"uv":[2.75,9.25,3.25,9.5],"texture":"#2"},"east":{"uv":[11,7.5,11.5,8],"texture":"#2"},"up":{"rotation":180,"uv":[6.5,4.75,7,5],"texture":"#2"}}},{"to":[9.99064,5.2426,5.56873],"rotation":{"origin":[3.07626,1.9625,8],"angle":45,"axis":"x"},"from":[8.84814,3.8266,5.28707],"faces":{"down":{"rotation":180,"uv":[2.75,9.25,3.25,9.75],"texture":"#2"},"east":{"uv":[11,7.5,11.5,8],"texture":"#2"},"up":{"uv":[8.5,4.75,9,5],"texture":"#2"}}},{"to":[9.99064,5.46395,7.31599],"rotation":{"origin":[3.07626,1.9625,8],"angle":22.5,"axis":"x"},"from":[8.84814,5.18228,5.89999],"faces":{"east":{"rotation":90,"uv":[11,7.5,11.5,8],"texture":"#2"},"north":{"rotation":180,"uv":[5.5,11.5,6,11.75],"texture":"#2"},"south":{"rotation":180,"uv":[1.25,9.75,1.75,10],"texture":"#2"}}},{"to":[9.99064,5.46395,10.10001],"rotation":{"origin":[3.07626,1.9625,8],"angle":-22.5,"axis":"x"},"from":[8.84814,5.18228,8.68401],"faces":{"east":{"rotation":270,"uv":[11,7.5,11.5,8],"texture":"#2"},"north":{"rotation":180,"uv":[2.5,10,3,10.5],"texture":"#2"},"south":{"rotation":180,"uv":[5.5,11.5,6,11.75],"texture":"#2"}}},{"to":[9.99064,5.74083,8.708],"rotation":{"origin":[1.79554,-2.905,8],"angle":0,"axis":"y"},"from":[8.84814,5.45917,7.292],"faces":{"east":{"uv":[11,7.5,11.5,8],"texture":"#2"},"north":{"rotation":180,"uv":[5.5,11,6,11.25],"texture":"#2"},"south":{"rotation":180,"uv":[5.5,11,6,11.25],"texture":"#2"}}},{"to":[8.93664,6.37437,8.15404],"rotation":{"origin":[1.79554,-2.905,8],"angle":0,"axis":"y"},"from":[5.69914,4.82562,7.84597],"faces":{"down":{"rotation":180,"uv":[5.5,7.75,7.5,8.25],"texture":"#3"},"west":{"uv":[12.5,7.5,13,8],"texture":"#3"},"east":{"uv":[5.25,10.5,5.75,11],"texture":"#3"},"up":{"uv":[2,3.25,4,3.75],"texture":"#3"}}},{"to":[8.93664,6.09749,6.76203],"rotation":{"origin":[1.81514,1.9625,8],"angle":22.5,"axis":"x"},"from":[5.69914,4.54874,6.45396],"faces":{"down":{"rotation":180,"uv":[3,9,5,9.5],"texture":"#3"},"west":{"uv":[12.5,7.5,13,8],"texture":"#3"},"east":{"uv":[5.25,10.5,5.75,11],"texture":"#3"},"up":{"uv":[2,3.75,4,4.25],"texture":"#3"}}},{"to":[8.93664,6.09749,9.54604],"rotation":{"origin":[1.81514,1.9625,8],"angle":-22.5,"axis":"x"},"from":[5.69914,4.54874,9.23797],"faces":{"down":{"rotation":180,"uv":[3.5,8,5.5,8.5],"texture":"#3"},"west":{"uv":[12.5,7.5,13,8],"texture":"#3"},"east":{"uv":[5.25,10.5,5.75,11],"texture":"#3"},"up":{"uv":[0,3.25,2,3.75],"texture":"#3"}}},{"to":[8.93664,5.30898,5.58193],"rotation":{"origin":[1.81514,1.9625,8],"angle":45,"axis":"x"},"from":[5.69914,3.76023,5.27386],"faces":{"down":{"rotation":180,"uv":[5.75,5.5,7.75,6],"texture":"#3"},"west":{"uv":[12.5,7.5,13,8],"texture":"#3"},"east":{"uv":[5.25,10.5,5.75,11],"texture":"#3"},"up":{"uv":[5.25,4.25,7.25,4.75],"texture":"#3"}}},{"to":[8.93664,5.30898,10.72614],"rotation":{"origin":[1.81514,1.9625,8],"angle":-45,"axis":"x"},"from":[5.69914,3.76023,10.41807],"faces":{"down":{"uv":[4.5,5.5,6.5,6],"texture":"#3"},"west":{"uv":[12.5,7.5,13,8],"texture":"#3"},"east":{"uv":[5.25,10.5,5.75,11],"texture":"#3"},"up":{"rotation":180,"uv":[1.25,4.25,3.25,4.75],"texture":"#3"}}},{"to":[8.93664,5.47715,10.16638],"rotation":{"origin":[1.81514,1.9625,8],"angle":-22.5,"axis":"x"},"from":[5.69914,5.16908,8.61763],"faces":{"west":{"rotation":90,"uv":[12.5,7.5,13,8],"texture":"#3"},"east":{"uv":[5.25,10.5,5.75,11],"texture":"#3"},"north":{"uv":[6.25,5,8.25,5.5],"texture":"#3"},"south":{"uv":[5.25,4.75,7.25,5.25],"texture":"#3"}}},{"to":[8.93664,5.47715,7.38237],"rotation":{"origin":[1.81514,1.9625,8],"angle":22.5,"axis":"x"},"from":[5.69914,5.16908,5.83362],"faces":{"west":{"rotation":270,"uv":[12.5,7.5,13,8],"texture":"#3"},"east":{"uv":[5.25,10.5,5.75,11],"texture":"#3"},"north":{"uv":[5.25,4.75,7.25,5.25],"texture":"#3"},"south":{"uv":[6.25,5,8.25,5.5],"texture":"#3"}}},{"to":[8.93664,5.75403,8.77438],"rotation":{"origin":[1.79554,-2.905,8],"angle":0,"axis":"y"},"from":[5.69914,5.44596,7.22563],"faces":{"west":{"uv":[12.5,7.5,13,8],"texture":"#3"},"east":{"uv":[5.25,10.5,5.75,11],"texture":"#3"},"north":{"uv":[3,12.25,5,12.75],"texture":"#3"},"south":{"uv":[0,12,2,12.5],"texture":"#3"}}},{"to":[9.99064,3.208,8.14083],"rotation":{"origin":[1.79554,-2.905,8],"angle":0,"axis":"y"},"from":[8.84814,1.792,7.85917],"faces":{"down":{"rotation":180,"uv":[7.75,8,8.25,8.25],"texture":"#2"},"east":{"uv":[11,7.5,11.5,8],"texture":"#2"},"up":{"uv":[3.25,4,3.75,4.25],"texture":"#2"}}},{"to":[9.99064,3.16709,8.34652],"rotation":{"origin":[3.07626,1.9625,8],"angle":-22.5,"axis":"x"},"from":[8.84814,1.75109,8.06486],"faces":{"down":{"rotation":180,"uv":[4.25,8,4.75,8.25],"texture":"#2"},"east":{"uv":[11,7.5,11.5,8],"texture":"#2"},"up":{"uv":[7.5,4.25,8,4.5],"texture":"#2"}}},{"to":[9.99064,3.16709,7.93514],"rotation":{"origin":[3.07626,1.9625,8],"angle":22.5,"axis":"x"},"from":[8.84814,1.75109,7.65348],"faces":{"down":{"uv":[4.25,8,4.75,8.25],"texture":"#2"},"east":{"uv":[11,7.5,11.5,8],"texture":"#2"},"up":{"uv":[5.5,4.25,6,4.5],"texture":"#2"}}},{"to":[9.99064,3.05057,8.5209],"rotation":{"origin":[3.07626,1.9625,8],"angle":-45,"axis":"x"},"from":[8.84814,1.63457,8.23924],"faces":{"down":{"rotation":180,"uv":[2.75,9.25,3.25,9.5],"texture":"#2"},"east":{"uv":[11,7.5,11.5,8],"texture":"#2"},"up":{"rotation":180,"uv":[6.5,4.75,7,5],"texture":"#2"}}},{"to":[9.99064,3.05057,7.76076],"rotation":{"origin":[3.07626,1.9625,8],"angle":45,"axis":"x"},"from":[8.84814,1.63457,7.4791],"faces":{"down":{"rotation":180,"uv":[2.75,9.25,3.25,9.75],"texture":"#2"},"east":{"uv":[11,7.5,11.5,8],"texture":"#2"},"up":{"uv":[8.5,4.75,9,5],"texture":"#2"}}},{"to":[9.99064,2.59992,8.50231],"rotation":{"origin":[3.07626,1.9625,8],"angle":22.5,"axis":"x"},"from":[8.84814,2.31826,7.08631],"faces":{"east":{"rotation":90,"uv":[11,7.5,11.5,8],"texture":"#2"},"north":{"rotation":180,"uv":[5.5,11.5,6,11.75],"texture":"#2"},"south":{"rotation":180,"uv":[1.25,9.75,1.75,10],"texture":"#2"}}},{"to":[9.99064,2.59992,8.91369],"rotation":{"origin":[3.07626,1.9625,8],"angle":-22.5,"axis":"x"},"from":[8.84814,2.31826,7.49769],"faces":{"east":{"rotation":270,"uv":[11,7.5,11.5,8],"texture":"#2"},"north":{"rotation":180,"uv":[2.5,10,3,10.5],"texture":"#2"},"south":{"rotation":180,"uv":[5.5,11.5,6,11.75],"texture":"#2"}}},{"to":[9.99064,2.64083,8.708],"rotation":{"origin":[1.79554,-2.905,8],"angle":0,"axis":"y"},"from":[8.84814,2.35917,7.292],"faces":{"east":{"uv":[11,7.5,11.5,8],"texture":"#2"},"north":{"rotation":180,"uv":[5.5,11,6,11.25],"texture":"#2"},"south":{"rotation":180,"uv":[5.5,11,6,11.25],"texture":"#2"}}},{"to":[8.93664,3.27437,8.15404],"rotation":{"origin":[1.79554,-2.905,8],"angle":0,"axis":"y"},"from":[5.69914,1.72562,7.84597],"faces":{"down":{"rotation":180,"uv":[5.5,7.75,7.5,8.25],"texture":"#3"},"west":{"uv":[12.5,7.5,13,8],"texture":"#3"},"east":{"uv":[5.25,10.5,5.75,11],"texture":"#3"},"up":{"uv":[2,3.25,4,3.75],"texture":"#3"}}},{"to":[8.93664,3.23347,7.94834],"rotation":{"origin":[1.81514,1.9625,8],"angle":22.5,"axis":"x"},"from":[5.69914,1.68472,7.64027],"faces":{"down":{"rotation":180,"uv":[3,9,5,9.5],"texture":"#3"},"west":{"uv":[12.5,7.5,13,8],"texture":"#3"},"east":{"uv":[5.25,10.5,5.75,11],"texture":"#3"},"up":{"uv":[2,3.75,4,4.25],"texture":"#3"}}},{"to":[8.93664,3.23347,8.35973],"rotation":{"origin":[1.81514,1.9625,8],"angle":-22.5,"axis":"x"},"from":[5.69914,1.68472,8.05166],"faces":{"down":{"rotation":180,"uv":[3.5,8,5.5,8.5],"texture":"#3"},"west":{"uv":[12.5,7.5,13,8],"texture":"#3"},"east":{"uv":[5.25,10.5,5.75,11],"texture":"#3"},"up":{"uv":[0,3.25,2,3.75],"texture":"#3"}}},{"to":[8.93664,3.11695,7.77396],"rotation":{"origin":[1.81514,1.9625,8],"angle":45,"axis":"x"},"from":[5.69914,1.5682,7.46589],"faces":{"down":{"rotation":180,"uv":[5.75,5.5,7.75,6],"texture":"#3"},"west":{"uv":[12.5,7.5,13,8],"texture":"#3"},"east":{"uv":[5.25,10.5,5.75,11],"texture":"#3"},"up":{"uv":[5.25,4.25,7.25,4.75],"texture":"#3"}}},{"to":[8.93664,3.11695,8.53411],"rotation":{"origin":[1.81514,1.9625,8],"angle":-45,"axis":"x"},"from":[5.69914,1.5682,8.22604],"faces":{"down":{"uv":[4.5,5.5,6.5,6],"texture":"#3"},"west":{"uv":[12.5,7.5,13,8],"texture":"#3"},"east":{"uv":[5.25,10.5,5.75,11],"texture":"#3"},"up":{"rotation":180,"uv":[1.25,4.25,3.25,4.75],"texture":"#3"}}},{"to":[8.93664,2.61313,8.98007],"rotation":{"origin":[1.81514,1.9625,8],"angle":-22.5,"axis":"x"},"from":[5.69914,2.30506,7.43132],"faces":{"west":{"rotation":90,"uv":[12.5,7.5,13,8],"texture":"#3"},"east":{"uv":[5.25,10.5,5.75,11],"texture":"#3"},"north":{"uv":[6.25,5,8.25,5.5],"texture":"#3"},"south":{"uv":[5.25,4.75,7.25,5.25],"texture":"#3"}}},{"to":[8.93664,2.61313,8.56868],"rotation":{"origin":[1.81514,1.9625,8],"angle":22.5,"axis":"x"},"from":[5.69914,2.30506,7.01993],"faces":{"west":{"rotation":270,"uv":[12.5,7.5,13,8],"texture":"#3"},"east":{"uv":[5.25,10.5,5.75,11],"texture":"#3"},"north":{"uv":[5.25,4.75,7.25,5.25],"texture":"#3"},"south":{"uv":[6.25,5,8.25,5.5],"texture":"#3"}}},{"to":[8.93664,2.65403,8.77438],"rotation":{"origin":[1.79554,-2.905,8],"angle":0,"axis":"y"},"from":[5.69914,2.34596,7.22563],"faces":{"west":{"uv":[12.5,7.5,13,8],"texture":"#3"},"east":{"uv":[5.25,10.5,5.75,11],"texture":"#3"},"north":{"uv":[3,12.25,5,12.75],"texture":"#3"},"south":{"uv":[0,12,2,12.5],"texture":"#3"}}},{"to":[10.2211,1.6459,8.95],"rotation":{"origin":[13.9211,-11.9541,-2.35],"angle":0,"axis":"z"},"from":[5.5211,0.6459,7.05],"faces":{"down":{"rotation":180,"uv":[6,9.75,10.25,10.76],"texture":"#4"},"north":{"rotation":180,"uv":[0.25,11,4.5,12.01],"texture":"#4"},"up":{"rotation":180,"uv":[0,14.25,4.25,15.26],"texture":"#4"},"south":{"rotation":180,"uv":[0.25,11,4.5,12.01],"texture":"#4"}}},{"to":[10.2211,0.6459,8.85],"rotation":{"origin":[7.8711,-0.6541,8],"angle":0,"axis":"z"},"from":[5.5211,0.2459,7.15],"faces":{"north":{"uv":[0,2,3.5,2.51],"texture":"#3"},"south":{"uv":[0,2,3.5,2.51],"texture":"#3"}}},{"to":[10.60378,-0.43022,8.85],"rotation":{"origin":[7.8711,-1.5541,8],"angle":22.5,"axis":"z"},"from":[5.90378,-0.83022,7.15],"faces":{"north":{"uv":[1.25,2,4.75,2.51],"texture":"#3"},"south":{"uv":[1.5,2,5,2.51],"texture":"#3"}}},{"to":[10.56552,-1.52261,8.85],"rotation":{"origin":[7.8711,-2.5541,8],"angle":22.5,"axis":"z"},"from":[5.86552,-1.92261,7.15],"faces":{"north":{"uv":[1.75,2,5.25,2.51],"texture":"#3"},"south":{"uv":[3.5,2,7,2.51],"texture":"#3"}}},{"to":[10.52725,-2.615,8.85],"rotation":{"origin":[7.8711,-3.5541,8],"angle":22.5,"axis":"z"},"from":[5.82725,-3.015,7.15],"faces":{"north":{"uv":[5,2,8.5,2.51],"texture":"#3"},"south":{"uv":[0.5,2,4,2.51],"texture":"#3"}}},{"to":[10.48898,-3.70738,8.85],"rotation":{"origin":[7.8711,-4.5541,8],"angle":22.5,"axis":"z"},"from":[5.78898,-4.10738,7.15],"faces":{"north":{"uv":[0.5,2,4,2.51],"texture":"#3"},"south":{"uv":[4.5,2,8,2.51],"texture":"#3"}}},{"to":[10.45071,-4.79977,8.85],"rotation":{"origin":[7.8711,-5.5541,8],"angle":22.5,"axis":"z"},"from":[5.75071,-5.19977,7.15],"faces":{"north":{"uv":[0,2,3.5,2.51],"texture":"#3"},"south":{"uv":[0.5,2,4,2.51],"texture":"#3"}}},{"to":[10.41244,-5.89216,8.85],"rotation":{"origin":[7.8711,-6.5541,8],"angle":22.5,"axis":"z"},"from":[5.71244,-6.29216,7.15],"faces":{"north":{"uv":[2.25,2,5.75,2.51],"texture":"#3"},"south":{"uv":[2.5,2,6,2.51],"texture":"#3"}}}],"display":{"thirdperson_righthand":{"rotation":[25,111,-23],"scale":[0.2,0.2,0.2],"translation":[-0.5,1.25,0]},"head":{"scale":[0.4,0.4,0.4]},"thirdperson_lefthand":{"rotation":[69,-71,65],"scale":[0.2,0.2,0.2],"translation":[-0.25,0.5,0]},"gui":{"rotation":[0,180,30],"scale":[0.73,0.73,0.73],"translation":[2.75,5.25,0]},"firstperson_lefthand":{"rotation":[-40,-110,-27],"scale":[0.4,0.4,0.4],"translation":[3.25,2,0]},"firstperson_righthand":{"rotation":[-87,65,68],"scale":[0.4,0.4,0.4],"translation":[2,2.25,0]},"fixed":{"rotation":[0,180,0],"scale":[0.4,0.4,0.4],"translation":[0,2.25,-1]},"ground":{"translation":[0,2.75,0],"scale":[0.2,0.2,0.2]}},"credit":"thebradqq's guns"}