{"textures":{"particle":"mgs:gun/ppshwood","1":"mgs:gun/ppshdetails2","0":"mgs:gun/ppshdetails","3":"mgs:gun/metal_brighter","2":"mgs:gun/ppshwood","5":"mgs:gun/metal","4":"mgs:gun/metal_bright","6":"mgs:misc/reticles"},"credit":"thebradqq's guns","elements":[{"to":[12.5,7.575,8.4745],"rotation":{"origin":[4.9,14.8,15.9755],"angle":0,"axis":"y"},"from":[11.5,7.125,7.5255],"faces":{"down":{"rotation":180,"uv":[3.25,9.25,4.5,10.5],"texture":"#5"},"east":{"rotation":180,"uv":[1.5,11.75,1.75,12],"texture":"#5"},"north":{"rotation":180,"uv":[4.75,11.5,6,12.25],"texture":"#5"},"up":{"uv":[4.75,10.5,6,11.25],"texture":"#5"},"south":{"rotation":180,"uv":[5.25,11.5,6.5,12.25],"texture":"#5"}}},{"to":[11.5,7.875,8.525],"rotation":{"origin":[3.7,15.35,15.975],"angle":0,"axis":"y"},"from":[8.975,7.4,7.475],"faces":{"north":{"rotation":180,"uv":[7.75,11.625,11,12.25],"texture":"#4"},"up":{"rotation":180,"uv":[3.25,4,6.5,4.25],"texture":"#4"},"south":{"rotation":180,"uv":[4,11.625,7.25,12.25],"texture":"#4"}}},{"to":[11.5,8.175,8.375],"rotation":{"origin":[3.7,15.35,15.95],"angle":0,"axis":"y"},"from":[8.975,7.725,7.625],"faces":{"west":{"rotation":180,"uv":[15.75,15.75,16,16],"texture":"#5"},"east":{"rotation":180,"uv":[15.75,15.75,16,16],"texture":"#5"},"up":{"rotation":180,"uv":[5.75,3,10.25,1.75],"texture":"#3"}}},{"to":[11.3,7.4,8.525],"rotation":{"origin":[3.7,14.95,15.975],"angle":0,"axis":"y"},"from":[11.1,6.625,7.475],"faces":{"down":{"rotation":180,"uv":[9,9.75,9.25,11.25],"texture":"#5"},"north":{"rotation":180,"uv":[6,10.5,6.25,11.625],"texture":"#4"},"south":{"rotation":180,"uv":[6,10.5,6.25,11.625],"texture":"#4"}}},{"to":[11.4712,7.2857,8.525],"rotation":{"origin":[11.3587,7.0607,8],"angle":-22.5,"axis":"z"},"from":[11.2462,6.6357,7.475],"faces":{"east":{"rotation":180,"uv":[1,9.5,2.5,10.5],"texture":"#4"},"north":{"rotation":180,"uv":[6,10.5,6.25,11.5],"texture":"#4"},"south":{"rotation":180,"uv":[6,10.5,6.25,11.5],"texture":"#4"}}},{"to":[9.95,7.4,8.525],"rotation":{"origin":[3.7,14.95,15.975],"angle":0,"axis":"y"},"from":[8.975,6.625,7.475],"faces":{"down":{"rotation":180,"uv":[5.5,9.5,6.75,11],"texture":"#5"},"north":{"rotation":180,"uv":[7.75,10.5,9,11.625],"texture":"#4"},"south":{"rotation":180,"uv":[6,10.5,7.25,11.625],"texture":"#4"}}},{"to":[9.175,7.876,8.625],"rotation":{"origin":[3.7,14.95,15.975],"angle":0,"axis":"y"},"from":[8.975,6.575,7.375],"faces":{"north":{"rotation":180,"uv":[7.75,11,8,12.75],"texture":"#4"},"west":{"rotation":180,"uv":[1.25,8.75,1.5,10.5],"texture":"#4"},"up":{"rotation":180,"uv":[11.25,1.25,11.5,2.75],"texture":"#5"},"down":{"rotation":180,"uv":[4.25,9.75,4.5,11.25],"texture":"#5"},"east":{"rotation":180,"uv":[4.25,10,4.5,11.75],"texture":"#4"},"south":{"rotation":180,"uv":[4.25,11,4.5,12.75],"texture":"#4"}}},{"to":[8.975,7.875,8.6],"rotation":{"origin":[2.675,14.95,15.875],"angle":0,"axis":"y"},"from":[5.25,6.625,7.4],"faces":{"down":{"uv":[2.5,13,13,16],"texture":"#2"},"east":{"uv":[13.5,5.5,14.5,9],"texture":"#2"},"north":{"uv":[5.5,1,16,4.5],"texture":"#2"},"up":{"rotation":180,"uv":[5.5,0.5,16,1],"texture":"#2"},"south":{"uv":[5.5,1,16,4.5],"texture":"#2"}}},{"to":[5.575,6.625,8.2005],"rotation":{"origin":[2.675,13.7,16.2745],"angle":0,"axis":"y"},"from":[5.45,6.075,7.7995],"faces":{"west":{"uv":[11,11,11.75,12.25],"texture":"#5"},"east":{"uv":[11,10.5,11.75,11.75],"texture":"#5"},"north":{"uv":[3.25,11,3.5,9.75],"texture":"#4"},"south":{"uv":[3.25,9.75,3.5,11],"texture":"#4"}}},{"to":[9.825,6.625,8.2005],"rotation":{"origin":[6.875,13.7,16.2745],"angle":0,"axis":"y"},"from":[9.6,6.075,7.7995],"faces":{"down":{"rotation":90,"uv":[5.25,8.25,6,8.5],"texture":"#5"},"west":{"uv":[1.75,11.75,2.5,13],"texture":"#5"},"east":{"rotation":270,"uv":[1.75,10.25,3,11],"texture":"#5"},"north":{"rotation":270,"uv":[1.75,11.5,3,12],"texture":"#5"},"south":{"rotation":90,"uv":[1.75,11.5,3,12],"texture":"#5"}}},{"to":[9.54803,6.14501,8.2],"rotation":{"origin":[9.58553,5.79084,8],"angle":-22.5,"axis":"z"},"from":[9.47303,5.59501,7.8],"faces":{"down":{"rotation":90,"uv":[6.25,11.75,7,12],"texture":"#5"},"west":{"rotation":90,"uv":[5,15.25,6.25,16],"texture":"#5"},"east":{"rotation":90,"uv":[4.75,10.75,6,11.5],"texture":"#5"},"north":{"uv":[5.5,11.75,5.75,13],"texture":"#5"},"south":{"uv":[5.5,11.75,5.75,13],"texture":"#5"}}},{"to":[9.69803,6.14501,8.2],"rotation":{"origin":[9.58553,5.79084,8],"angle":-22.5,"axis":"z"},"from":[9.62303,5.59501,7.8],"faces":{"down":{"rotation":90,"uv":[6.25,11.5,7,11.75],"texture":"#5"},"west":{"rotation":90,"uv":[2.25,10.75,3.5,11.5],"texture":"#5"},"east":{"rotation":90,"uv":[4.75,10.75,6,11.5],"texture":"#5"},"north":{"uv":[5.75,11.5,6,12.75],"texture":"#5"},"south":{"uv":[5.75,11.5,6,12.75],"texture":"#5"}}},{"to":[9.62303,5.67001,8.2],"rotation":{"origin":[9.58553,5.79084,8],"angle":-22.5,"axis":"z"},"from":[9.54803,5.59501,7.8],"faces":{"down":{"rotation":90,"uv":[6.25,11.5,7,11.75],"texture":"#5"},"north":{"uv":[6.25,12.25,6.5,12.5],"texture":"#5"},"up":{"rotation":90,"uv":[6.25,11.75,7,12],"texture":"#5"},"south":{"uv":[6.25,12.25,6.5,12.5],"texture":"#5"}}},{"to":[6.1,6.625,8.063],"rotation":{"origin":[3.175,13.7,16.412],"angle":0,"axis":"y"},"from":[5.95,6.1,7.937],"faces":{"west":{"uv":[0.75,9.25,1,10.25],"texture":"#4"},"east":{"uv":[9.5,8.25,9.75,9.25],"texture":"#4"},"north":{"uv":[9.5,8.25,9.75,9.25],"texture":"#4"},"south":{"uv":[9.5,8.25,9.75,9.25],"texture":"#4"}}},{"to":[6.05,6.65,8.0625],"rotation":{"origin":[5.975,6.4875,8.1375],"angle":22.5,"axis":"z"},"from":[5.9,6.35,7.9375],"faces":{"west":{"uv":[1.75,9.75,2,10.25],"texture":"#4"},"north":{"uv":[9.5,8.25,9.75,8.75],"texture":"#4"},"south":{"uv":[9.5,8.25,9.75,8.75],"texture":"#4"}}},{"to":[6.2,6.65,8.0625],"rotation":{"origin":[6.125,6.4875,8.1375],"angle":-22.5,"axis":"z"},"from":[6.05,6.225,7.9375],"faces":{"east":{"uv":[2.5,9.75,2.75,10.5],"texture":"#4"},"north":{"uv":[9.5,8.25,9.75,9],"texture":"#4"},"south":{"uv":[9.5,8.25,9.75,9],"texture":"#4"}}},{"to":[5.67548,6.11985,8.2],"rotation":{"origin":[5.61298,5.84485,8.15],"angle":22.5,"axis":"z"},"from":[5.55048,5.91985,7.8],"faces":{"west":{"uv":[11,12,11.75,12.5],"texture":"#5"},"east":{"uv":[10.75,11.5,11.5,12],"texture":"#5"},"north":{"uv":[3.25,11,3.5,11.5],"texture":"#4"},"south":{"uv":[3.25,11,3.5,11.5],"texture":"#4"}}},{"to":[6.20048,6.14485,8.0625],"rotation":{"origin":[6.11298,5.86985,8.2875],"angle":22.5,"axis":"z"},"from":[6.05048,5.94485,7.9375],"faces":{"west":{"uv":[1.5,9.5,1.75,9.75],"texture":"#4"},"east":{"uv":[8.25,11,8.5,11.25],"texture":"#4"},"north":{"uv":[8.25,9.75,8.5,10],"texture":"#4"},"south":{"uv":[8.25,9.75,8.5,10],"texture":"#4"}}},{"to":[7.55499,6.71985,8.2],"rotation":{"origin":[7.49249,5.84485,8.15],"angle":-22.5,"axis":"z"},"from":[7.42999,5.91985,7.8],"faces":{"west":{"uv":[11.25,10,12,11.75],"texture":"#5"},"east":{"uv":[11.25,11,12,12.75],"texture":"#5"},"north":{"uv":[3.25,9.75,3.5,11.5],"texture":"#4"},"south":{"uv":[3.25,9.75,3.5,11.5],"texture":"#4"}}},{"to":[5.82769,6.01496,8.2005],"rotation":{"origin":[5.76519,5.73996,8.1495],"angle":45,"axis":"z"},"from":[5.70269,5.81496,7.7995],"faces":{"west":{"rotation":180,"uv":[11,11.75,11.75,12.25],"texture":"#5"},"east":{"uv":[0.25,11.75,1,12.25],"texture":"#5"},"north":{"uv":[7.25,12.5,7.5,12],"texture":"#5"},"south":{"uv":[7.25,12,7.5,12.5],"texture":"#5"}}},{"to":[6.35269,6.03996,8.063],"rotation":{"origin":[6.26519,5.76496,8.287],"angle":45,"axis":"z"},"from":[6.20269,5.91496,7.937],"faces":{"down":{"uv":[2.5,9.75,2.75,10],"texture":"#4"},"west":{"uv":[1.75,8,2,8.25],"texture":"#4"},"east":{"uv":[8.25,11.25,8.5,11.5],"texture":"#4"},"north":{"uv":[8.25,11,8.5,11.25],"texture":"#4"},"south":{"uv":[8.25,11,8.5,11.25],"texture":"#4"}}},{"to":[7.40278,6.01496,8.2005],"rotation":{"origin":[7.34028,5.73996,8.1495],"angle":-45,"axis":"z"},"from":[7.27778,5.81496,7.7995],"faces":{"west":{"uv":[0.25,11.75,1,12.25],"texture":"#5"},"east":{"rotation":180,"uv":[11,11.75,11.75,12.25],"texture":"#5"},"north":{"uv":[10,12.5,10.25,12],"texture":"#5"},"south":{"uv":[10,12,10.25,12.5],"texture":"#5"}}},{"to":[5.87094,5.76381,8.2],"rotation":{"origin":[5.94594,5.70131,8.15],"angle":-22.5,"axis":"z"},"from":[5.67094,5.63881,7.8],"faces":{"down":{"rotation":90,"uv":[10.75,11.5,11.5,12],"texture":"#5"},"north":{"rotation":90,"uv":[11.25,12.25,11.5,12.75],"texture":"#5"},"up":{"rotation":270,"uv":[0.5,12,1.25,12.5],"texture":"#5"},"south":{"rotation":90,"uv":[11.25,12.25,11.5,12.75],"texture":"#5"}}},{"to":[7.43453,5.76381,8.2],"rotation":{"origin":[7.15953,5.70131,8.15],"angle":22.5,"axis":"z"},"from":[7.23453,5.63881,7.8],"faces":{"down":{"rotation":270,"uv":[10.75,11.5,11.5,12],"texture":"#5"},"north":{"rotation":180,"uv":[11.5,12.25,12,12.5],"texture":"#5"},"up":{"rotation":90,"uv":[1,12,0.25,12.5],"texture":"#5"},"south":{"rotation":180,"uv":[11.5,12.25,12,12.5],"texture":"#5"}}},{"to":[7.25273,5.79727,8.2005],"rotation":{"origin":[6.12773,5.73477,8.1495],"angle":0,"axis":"z"},"from":[5.85273,5.67227,7.7995],"faces":{"down":{"rotation":180,"uv":[0.5,9.25,3.25,10],"texture":"#4"},"north":{"rotation":180,"uv":[12.25,12.75,15,12.5],"texture":"#5"},"up":{"uv":[7,11,9.75,11.75],"texture":"#4"},"south":{"rotation":180,"uv":[12.25,12.5,15,12.75],"texture":"#5"}}},{"to":[5.45,6.625,8.2],"rotation":{"origin":[2.55,13.7,16.275],"angle":0,"axis":"y"},"from":[5.025,6.5,7.8],"faces":{"down":{"uv":[0.75,9.25,1.75,10],"texture":"#4"},"west":{"rotation":180,"uv":[5.75,9,6.5,9.25],"texture":"#5"},"north":{"uv":[2,9.25,3,9.5],"texture":"#4"},"south":{"uv":[2,9.25,3,9.5],"texture":"#4"}}},{"to":[8.35,6.625,8.2],"rotation":{"origin":[5.35,13.7,16.275],"angle":0,"axis":"y"},"from":[7.825,6.5,7.8],"faces":{"down":{"uv":[1,9.25,2.25,10],"texture":"#4"},"east":{"rotation":180,"uv":[5.75,9,6.5,9.25],"texture":"#5"},"north":{"uv":[3.75,9.75,5,10],"texture":"#4"},"south":{"uv":[3.75,9.75,5,10],"texture":"#4"}}},{"to":[7.55,6.625,8.2],"rotation":{"origin":[4.15,13.7,16.275],"angle":0,"axis":"y"},"from":[6.625,6.425,7.8],"faces":{"down":{"rotation":270,"uv":[1.75,8.75,2.5,11],"texture":"#5"},"west":{"uv":[1.5,11.5,2.25,12],"texture":"#5"},"east":{"uv":[1.25,11.25,2,11.75],"texture":"#5"},"north":{"uv":[4.75,11.25,7,11.75],"texture":"#5"},"south":{"uv":[4.75,11.25,7,11.75],"texture":"#5"}}},{"to":[7.05,6.425,8.2],"rotation":{"origin":[4.15,13.475,16.275],"angle":0,"axis":"y"},"from":[6.85,6,7.8],"faces":{"down":{"uv":[6.5,11.25,7.25,11.75],"texture":"#5"},"west":{"uv":[1.75,11.75,2.5,12.75],"texture":"#5"},"east":{"uv":[0.5,11.75,1.25,12.75],"texture":"#5"},"north":{"rotation":90,"uv":[0.25,11.75,1.25,12.25],"texture":"#5"},"south":{"rotation":270,"uv":[0.25,11.75,1.25,12.25],"texture":"#5"}}},{"to":[9.05,6.725,8.3],"rotation":{"origin":[5.35,13.8,16.275],"angle":0,"axis":"y"},"from":[5.025,6.6,7.7],"faces":{"down":{"rotation":180,"uv":[5.75,8.25,9.75,9.25],"texture":"#5"},"north":{"rotation":180,"uv":[5,11.5,9,11.75],"texture":"#5"},"south":{"rotation":180,"uv":[5,11.5,9,11.75],"texture":"#5"}}},{"to":[5.25,7.875,8.4495],"rotation":{"origin":[2.275,14.95,15.8755],"angle":0,"axis":"y"},"from":[4.85,6.625,7.5505],"faces":{"down":{"uv":[2.5,15,3,16],"texture":"#2"},"north":{"rotation":270,"uv":[10,4.5,10.5,5],"texture":"#2"},"up":{"rotation":90,"uv":[12,0,15,1],"texture":"#2"},"south":{"rotation":270,"uv":[10,4.5,10.5,5],"texture":"#2"}}},{"to":[5.30349,7.874,8.53108],"rotation":{"origin":[5.10349,7.25,8.43108],"angle":-22.5,"axis":"y"},"from":[4.90349,6.625,8.33108],"faces":{"down":{"uv":[2.5,15,3,16],"texture":"#2"},"up":{"uv":[13,0.5,14,1],"texture":"#2"},"south":{"uv":[15,4.5,16,8],"texture":"#2"}}},{"to":[5.30349,7.874,7.66892],"rotation":{"origin":[5.10349,7.25,7.56892],"angle":22.5,"axis":"y"},"from":[4.90349,6.625,7.46892],"faces":{"down":{"uv":[2.5,15,3,16],"texture":"#2"},"north":{"uv":[13,5,14,8.5],"texture":"#2"},"up":{"uv":[13,0.5,14,1],"texture":"#2"}}},{"to":[5.275,7.35,8.4505],"rotation":{"origin":[4.3625,6.75,8.0495],"angle":22.5,"axis":"z"},"from":[3.925,6.3,7.5495],"faces":{"down":{"uv":[12.5,13,16,16],"texture":"#2"},"north":{"uv":[10,6.5,6.5,9.5],"texture":"#2"},"up":{"rotation":180,"uv":[0,0,3.5,3],"texture":"#2"},"south":{"uv":[8.5,6.5,12,9.5],"texture":"#2"}}},{"to":[0.14413,6.32624,8],"rotation":{"origin":[1.38163,5.17624,8.1],"angle":22.5,"axis":"z"},"from":[-2.03087,4.72624,7.501],"faces":{"north":{"uv":[2,6,9,11],"texture":"#2"}}},{"to":[2.35282,5.35124,8],"rotation":{"origin":[1.38163,5.17624,8.1],"angle":22.5,"axis":"z"},"from":[0.14413,4.72624,7.501],"faces":{"north":{"uv":[5.5,9,13,11],"texture":"#2"}}},{"to":[2.35282,6.32624,8.499],"rotation":{"origin":[1.38163,5.17624,8.1],"angle":22.5,"axis":"z"},"from":[-2.03087,4.72624,7.5],"faces":{"down":{"uv":[0,13,13,16],"texture":"#2"},"south":{"uv":[2,6,15,11],"texture":"#2"}}},{"to":[-1.5989,6.85715,8.5],"rotation":{"origin":[-4.4614,3.90459,8.1],"angle":0,"axis":"z"},"from":[-2.9739,3.45459,7.5],"faces":{"down":{"uv":[6,13,10,16],"texture":"#2"},"north":{"uv":[8.5,1,4.5,11],"texture":"#2"},"south":{"uv":[0.5,1,4.5,11],"texture":"#2"}}},{"to":[-2.9739,6.85715,8.5],"rotation":{"origin":[-4.4614,3.90459,8.1],"angle":0,"axis":"z"},"from":[-3.0739,3.45459,7.5],"faces":{"down":{"rotation":270,"uv":[5.25,8,6.75,8.25],"texture":"#5"},"west":{"rotation":270,"uv":[5,10,10,11.5],"texture":"#4"},"north":{"rotation":270,"uv":[0,12,5,12.25],"texture":"#5"},"south":{"rotation":270,"uv":[0,12,5,12.25],"texture":"#5"}}},{"to":[2.4511,6.85715,8.5],"rotation":{"origin":[-4.4614,3.90715,8.1],"angle":0,"axis":"z"},"from":[-1.5989,5.13215,7.6],"faces":{"north":{"uv":[9.75,8.25,5.25,10.75],"texture":"#5"},"south":{"uv":[16,3,4,8],"texture":"#2"}}},{"to":[0.8261,6.85715,7.7],"rotation":{"origin":[-4.4614,3.90715,8.1],"angle":0,"axis":"z"},"from":[-1.5989,4.80715,7.5],"faces":{"north":{"uv":[8,2,15,8],"texture":"#2"}}},{"to":[2.4511,6.85715,8.5],"rotation":{"origin":[-4.4614,3.90715,8.1],"angle":0,"axis":"z"},"from":[1.7011,5.13215,7.5],"faces":{"east":{"uv":[14,5,13.5,10],"texture":"#2"},"north":{"uv":[2.5,4.5,0,10],"texture":"#2"}}},{"to":[1.7011,6.85715,7.7],"rotation":{"origin":[-4.4614,3.90715,8.1],"angle":0,"axis":"z"},"from":[0.8261,5.90715,7.5],"faces":{"north":{"uv":[14,2.5,11.5,5.5],"texture":"#2"}}},{"to":[1.3511,5.38215,7.65],"rotation":{"origin":[-4.4614,3.90715,8.1],"angle":0,"axis":"z"},"from":[0.9511,5.28215,7.45],"faces":{"down":{"rotation":180,"uv":[5.25,8,5.5,8.25],"texture":"#5"},"north":{"rotation":180,"uv":[0.25,11.5,1,11.75],"texture":"#5"},"up":{"rotation":180,"uv":[9.75,11.75,10.5,12],"texture":"#5"}}},{"to":[1.7011,5.90715,7.65],"rotation":{"origin":[-4.4614,3.90715,8.1],"angle":0,"axis":"z"},"from":[1.3511,5.28215,7.45],"faces":{"down":{"rotation":180,"uv":[5.25,8,5.5,8.25],"texture":"#5"},"west":{"uv":[1,10.75,1.25,12],"texture":"#5"},"east":{"rotation":180,"uv":[1,10.75,1.25,12],"texture":"#5"},"north":{"rotation":180,"uv":[0.25,11.5,1,12.75],"texture":"#5"},"up":{"rotation":180,"uv":[7.75,4.5,8,4.75],"texture":"#5"}}},{"to":[0.9511,5.90715,7.65],"rotation":{"origin":[-4.4614,3.90715,8.1],"angle":0,"axis":"z"},"from":[0.6011,5.28215,7.45],"faces":{"down":{"rotation":180,"uv":[5.25,8,5.5,8.25],"texture":"#5"},"west":{"rotation":180,"uv":[1,10.75,1.25,12],"texture":"#5"},"east":{"uv":[1,10.75,1.25,12],"texture":"#5"},"north":{"rotation":180,"uv":[5.25,11.25,6,12.5],"texture":"#5"},"up":{"rotation":180,"uv":[7.75,4.5,8,4.75],"texture":"#5"}}},{"to":[1.2011,5.80715,7.55],"rotation":{"origin":[-4.4614,3.90715,8.1],"angle":0,"axis":"z"},"from":[1.1011,5.38215,7.45],"faces":{"west":{"rotation":180,"uv":[1,9,1.25,10],"texture":"#5"},"east":{"rotation":180,"uv":[1,9,1.25,10],"texture":"#5"},"north":{"rotation":180,"uv":[1.25,9.5,1.5,10.5],"texture":"#4"}}},{"to":[1.3511,5.90715,7.65],"rotation":{"origin":[-4.4614,3.90715,8.1],"angle":0,"axis":"z"},"from":[0.9511,5.80715,7.45],"faces":{"down":{"rotation":180,"uv":[8.5,7.75,9.25,8],"texture":"#5"},"north":{"rotation":180,"uv":[6.25,12.25,7,12.5],"texture":"#5"},"up":{"rotation":180,"uv":[7.75,4.5,8,4.75],"texture":"#5"}}},{"to":[1.7011,5.28215,7.7],"rotation":{"origin":[-4.4614,3.90715,8.1],"angle":0,"axis":"z"},"from":[0.8261,5.13215,7.5],"faces":{"north":{"uv":[2.5,9,0,9.5],"texture":"#2"}}},{"to":[3.4511,6.85715,8.45],"rotation":{"origin":[-0.9364,3.90715,8.1],"angle":0,"axis":"z"},"from":[1.9261,5.73215,7.55],"faces":{"north":{"uv":[12,5.5,16,8.5],"texture":"#2"},"south":{"uv":[0,3,4,6],"texture":"#2"}}},{"to":[4.37629,6.77347,8.451],"rotation":{"origin":[3.61379,6.17347,8.049],"angle":45,"axis":"z"},"from":[2.42629,5.67347,7.549],"faces":{"down":{"rotation":270,"uv":[3.5,8.5,6.5,14],"texture":"#2"},"north":{"uv":[12,6.5,6,9.5],"texture":"#2"},"up":{"rotation":180,"uv":[3,0,9,3],"texture":"#2"},"south":{"uv":[6,6.5,12,9.5],"texture":"#2"}}},{"to":[5.38932,7.79073,8.45],"rotation":{"origin":[5.01794,7.18185,8.2],"angle":45,"axis":"z"},"from":[4.50544,6.90685,7.55],"faces":{"north":{"rotation":270,"uv":[12,2,13,4.5],"texture":"#2"},"up":{"rotation":90,"uv":[12,0,15,2.5],"texture":"#2"},"south":{"rotation":270,"uv":[10,2.5,11,5],"texture":"#2"}}},{"to":[3.12765,5.65523,8.45],"rotation":{"origin":[2.99015,5.18023,8.05],"angle":0,"axis":"z"},"from":[2.02765,4.98023,7.55],"faces":{"down":{"uv":[3,13,6.5,16],"texture":"#2"},"north":{"uv":[4.5,8,8,10],"texture":"#2"},"south":{"uv":[4.5,8,8,10],"texture":"#2"}}},{"to":[12.94867,7.50873,8.474],"rotation":{"origin":[12.92367,7.40873,8.001],"angle":22.5,"axis":"z"},"from":[12.42367,7.30873,7.526],"faces":{"down":{"rotation":90,"uv":[6,11,7.25,11.75],"texture":"#5"},"east":{"rotation":180,"uv":[1.5,11.5,1.75,11.75],"texture":"#5"},"north":{"rotation":180,"uv":[4.75,11.5,5.5,11.875],"texture":"#5"},"up":{"rotation":180,"uv":[1.5,11.5,1.75,11.75],"texture":"#5"},"south":{"rotation":180,"uv":[4.75,11.5,5.5,11.875],"texture":"#5"}}},{"to":[6.8,8.55,8.075],"rotation":{"origin":[4.9,16.325,15.6],"angle":0,"axis":"y"},"from":[5.675,8.4,7.925],"faces":{"west":{"uv":[3,12.25,3.25,12.5],"texture":"#5"},"east":{"uv":[3,12.25,3.25,12.5],"texture":"#5"},"up":{"uv":[2.25,4,4,4.25],"texture":"#5"}}},{"to":[6.8,8.54136,7.96844],"rotation":{"origin":[6.2375,8.46636,7.93094],"angle":22.5,"axis":"x"},"from":[5.675,8.36636,7.89344],"faces":{"west":{"uv":[3,12.25,3.25,12.5],"texture":"#5"},"east":{"uv":[3,12.25,3.25,12.5],"texture":"#5"},"north":{"uv":[0.75,4.75,2.5,5],"texture":"#5"}}},{"to":[6.8,8.54136,8.10656],"rotation":{"origin":[6.2375,8.46636,8.06906],"angle":-22.5,"axis":"x"},"from":[5.675,8.36636,8.03156],"faces":{"west":{"uv":[3,12.25,3.25,12.5],"texture":"#5"},"east":{"uv":[3,12.25,3.25,12.5],"texture":"#5"},"up":{"uv":[2.25,4,4,4.25],"texture":"#5"},"south":{"uv":[0,4.75,1.75,5],"texture":"#5"}}},{"to":[8.275,8.5,7.725],"rotation":{"origin":[6.675,15.975,15.75],"angle":0,"axis":"y"},"from":[6.975,8.275,7.625],"faces":{"west":{"rotation":180,"uv":[2,11.75,2.25,12.25],"texture":"#5"},"east":{"rotation":180,"uv":[2,11.75,2.25,12.25],"texture":"#5"},"north":{"rotation":180,"uv":[2,11.75,3.75,12.25],"texture":"#5"},"up":{"uv":[5.75,4.5,7.5,5],"texture":"#5"},"south":{"rotation":180,"uv":[1.75,11.25,3.5,11.75],"texture":"#5"}}},{"to":[8.275,8.375,8.275],"rotation":{"origin":[6.675,15.975,15.75],"angle":0,"axis":"y"},"from":[6.975,8.275,7.725],"faces":{"west":{"rotation":180,"uv":[2,11.75,3,12],"texture":"#5"},"east":{"rotation":180,"uv":[2,11.75,3,12],"texture":"#5"},"up":{"uv":[11.75,7,13.5,7.75],"texture":"#4"}}},{"to":[7.725,8.55,8.275],"rotation":{"origin":[7.6625,8.4875,8],"angle":0,"axis":"y"},"from":[7.55,8.375,7.725],"faces":{"west":{"uv":[6.75,5.25,7.75,5.75],"texture":"#4"},"east":{"uv":[6.75,5.25,7.75,5.75],"texture":"#4"},"up":{"rotation":90,"uv":[6.75,5.25,7.75,5.75],"texture":"#4"}}},{"to":[7.625,8.675,8.275],"rotation":{"origin":[7.6375,8.60417,8],"angle":0,"axis":"y"},"from":[7.575,8.55,8.025],"faces":{"west":{"rotation":180,"uv":[4.75,11.75,5,12.25],"texture":"#5"},"east":{"rotation":180,"uv":[4.75,11.75,5,12.25],"texture":"#5"},"north":{"rotation":180,"uv":[0.75,11.75,1,12],"texture":"#5"},"up":{"rotation":180,"uv":[1.5,12.25,1.75,12.5],"texture":"#5"}}},{"to":[7.875,8.45,8.275],"rotation":{"origin":[7.80417,8.4375,8],"angle":0,"axis":"z"},"from":[7.725,8.4,8.025],"faces":{"east":{"rotation":180,"uv":[0.75,11.75,1,12],"texture":"#5"},"north":{"rotation":180,"uv":[0.75,11.75,1,12],"texture":"#5"},"up":{"rotation":180,"uv":[1,12.25,1.25,12.5],"texture":"#5"}}},{"to":[7.625,8.625,8.025],"rotation":{"origin":[7.6375,8.60417,8],"angle":0,"axis":"y"},"from":[7.575,8.55,7.975],"faces":{"west":{"rotation":180,"uv":[4.75,11.75,5,12],"texture":"#5"},"east":{"rotation":180,"uv":[4.75,11.75,5,12],"texture":"#5"},"up":{"rotation":180,"uv":[0.75,11.75,1,12],"texture":"#5"}}},{"to":[7.825,8.45,8.025],"rotation":{"origin":[7.80417,8.4375,8],"angle":0,"axis":"z"},"from":[7.725,8.4,7.975],"faces":{"east":{"rotation":180,"uv":[0.75,11.75,1,12],"texture":"#5"},"up":{"rotation":180,"uv":[1,12.25,1.25,12.5],"texture":"#5"}}},{"to":[7.625,8.675,7.975],"rotation":{"origin":[7.6375,8.60417,8],"angle":0,"axis":"y"},"from":[7.575,8.55,7.725],"faces":{"west":{"rotation":180,"uv":[4.75,11.75,5,12.25],"texture":"#5"},"east":{"rotation":180,"uv":[4.75,11.75,5,12.25],"texture":"#5"},"up":{"rotation":180,"uv":[1.25,12,1.5,12.25],"texture":"#5"},"south":{"rotation":180,"uv":[0.75,11.75,1,12],"texture":"#5"}}},{"to":[7.875,8.45,7.975],"rotation":{"origin":[7.80417,8.4375,8],"angle":0,"axis":"z"},"from":[7.725,8.4,7.725],"faces":{"east":{"rotation":180,"uv":[0.75,11.75,1,12],"texture":"#5"},"up":{"rotation":180,"uv":[1,12.25,1.25,12.5],"texture":"#5"},"south":{"rotation":180,"uv":[0.75,11.75,1,12],"texture":"#5"}}},{"to":[8.275,8.5,8.375],"rotation":{"origin":[6.675,15.975,15.75],"angle":0,"axis":"y"},"from":[6.975,8.275,8.275],"faces":{"west":{"rotation":180,"uv":[2,11.75,2.25,12.25],"texture":"#5"},"east":{"rotation":180,"uv":[2,11.75,2.25,12.25],"texture":"#5"},"north":{"rotation":180,"uv":[1.75,11.25,3.5,11.75],"texture":"#5"},"up":{"rotation":180,"uv":[5.75,4.5,7.5,5],"texture":"#5"},"south":{"rotation":180,"uv":[2,11.75,3.75,12.25],"texture":"#5"}}},{"to":[7.75,8.775,8.375],"rotation":{"origin":[6.7,16.2,15.75],"angle":0,"axis":"y"},"from":[7.525,8.5,8.275],"faces":{"north":{"uv":[9.5,5,9.75,5.5],"texture":"#5"},"up":{"rotation":180,"uv":[3.25,4.25,3.5,4.75],"texture":"#5"},"south":{"rotation":180,"uv":[12.5,12.25,12.75,12.75],"texture":"#5"}}},{"to":[7.81118,8.74241,8.3745],"rotation":{"origin":[7.69868,8.60491,8],"angle":22.5,"axis":"z"},"from":[7.68618,8.44241,8.2745],"faces":{"east":{"rotation":90,"uv":[8.75,2.5,8.25,2],"texture":"#5"},"north":{"uv":[9.5,5,9.75,5.5],"texture":"#5"},"south":{"rotation":180,"uv":[12.5,12.25,12.75,12.75],"texture":"#5"}}},{"to":[7.58882,8.74241,8.3745],"rotation":{"origin":[7.57632,8.60491,8],"angle":-22.5,"axis":"z"},"from":[7.46382,8.44241,8.2745],"faces":{"west":{"rotation":90,"uv":[8,2,8.5,2.5],"texture":"#5"},"north":{"uv":[9.5,5,9.75,5.5],"texture":"#5"},"south":{"rotation":180,"uv":[12.5,12.25,12.75,12.75],"texture":"#5"}}},{"to":[7.75,8.775,7.725],"rotation":{"origin":[6.7,16.2,15.75],"angle":0,"axis":"y"},"from":[7.525,8.5,7.625],"faces":{"north":{"rotation":180,"uv":[12.5,12.25,12.75,12.75],"texture":"#5"},"up":{"uv":[3,4.25,3.25,4.75],"texture":"#5"},"south":{"uv":[9.5,5,9.75,5.5],"texture":"#5"}}},{"to":[7.81118,8.74241,7.7255],"rotation":{"origin":[7.69868,8.60491,8],"angle":22.5,"axis":"z"},"from":[7.68618,8.44241,7.6255],"faces":{"east":{"rotation":90,"uv":[8.75,2,8.25,2.5],"texture":"#5"},"north":{"rotation":180,"uv":[12.5,12.25,12.75,12.75],"texture":"#5"},"south":{"uv":[9.5,5,9.75,5.5],"texture":"#5"}}},{"to":[7.58882,8.74241,7.7255],"rotation":{"origin":[7.57632,8.60491,8],"angle":-22.5,"axis":"z"},"from":[7.46382,8.44241,7.6255],"faces":{"west":{"rotation":270,"uv":[8.5,2,8,2.5],"texture":"#5"},"north":{"rotation":180,"uv":[12.5,12.25,12.75,12.75],"texture":"#5"},"south":{"uv":[9.5,5,9.75,5.5],"texture":"#5"}}},{"to":[2.4511,6.85715,7.9],"rotation":{"origin":[-2.5739,6.65005,8],"angle":45,"axis":"x"},"from":[-2.9739,6.44294,7.5],"faces":{"east":{"uv":[1.5,4,0,5.5],"texture":"#2"},"north":{"uv":[16,2.5,0,4],"texture":"#2"}}},{"to":[-2.973,6.85715,7.9],"rotation":{"origin":[-2.5739,6.65005,8],"angle":45,"axis":"x"},"from":[-3.073,6.44294,7.5],"faces":{"west":{"rotation":90,"uv":[5,10.5,5.75,11.25],"texture":"#4"},"north":{"uv":[10.5,4.5,10.75,5.25],"texture":"#5"}}},{"to":[2.4511,7.15005,8.20711],"rotation":{"origin":[-2.5739,6.65005,8],"angle":45,"axis":"x"},"from":[-2.9739,6.75005,7.79289],"faces":{"east":{"uv":[1.5,4,0,5.5],"texture":"#2"},"up":{"uv":[0,1,16,2.5],"texture":"#2"}}},{"to":[-2.973,7.15005,8.20711],"rotation":{"origin":[-2.5739,6.65005,8],"angle":45,"axis":"x"},"from":[-3.073,6.75005,7.79289],"faces":{"west":{"rotation":180,"uv":[6.25,10.75,7,11.5],"texture":"#4"},"up":{"uv":[10.5,4.5,10.75,5.25],"texture":"#5"}}},{"to":[2.4511,7.15005,8.20711],"rotation":{"origin":[-2.5739,6.65005,8],"angle":0,"axis":"x"},"from":[-2.9739,6.75005,7.79289],"faces":{"up":{"uv":[0,0,16,1.5],"texture":"#2"}}},{"to":[-2.9725,7.15005,8.20711],"rotation":{"origin":[-2.5739,6.65005,8],"angle":0,"axis":"x"},"from":[-3.0725,6.75005,7.79289],"faces":{"west":{"rotation":180,"uv":[6.25,10.5,7,11.25],"texture":"#4"},"up":{"uv":[9.75,4,10,4.75],"texture":"#5"}}},{"to":[2.86531,6.99306,8.20711],"rotation":{"origin":[2.79031,6.79306,8],"angle":-22.5,"axis":"z"},"from":[2.34031,6.71806,7.79289],"faces":{"north":{"uv":[14.5,1,12.5,2],"texture":"#2"},"up":{"uv":[14.5,0,12.5,1.5],"texture":"#2"},"south":{"uv":[14.5,1,12.5,2],"texture":"#2"}}},{"to":[3.81665,7.09473,8.20711],"rotation":{"origin":[3.66665,6.89473,8],"angle":22.5,"axis":"z"},"from":[3.31665,6.69473,7.79289],"faces":{"north":{"uv":[14.5,1,12.5,2],"texture":"#2"},"up":{"rotation":180,"uv":[12.5,0.5,10.5,2],"texture":"#2"},"south":{"uv":[14.5,1,12.5,2],"texture":"#2"}}},{"to":[3.5511,6.95776,8.2071],"rotation":{"origin":[3.2261,6.75776,7.99999],"angle":0,"axis":"z"},"from":[2.4511,6.55776,7.79288],"faces":{"up":{"uv":[15,0,11.5,1.5],"texture":"#2"}}},{"to":[3.5511,6.91126,8.44087],"rotation":{"origin":[3.1386,6.86126,8.30942],"angle":22.5,"axis":"x"},"from":[2.4511,6.81126,8.17796],"faces":{"up":{"uv":[14,1,10.5,2],"texture":"#2"}}},{"to":[3.5511,6.91126,7.82202],"rotation":{"origin":[3.1386,6.86126,7.69056],"angle":-22.5,"axis":"x"},"from":[2.4511,6.81126,7.55911],"faces":{"up":{"rotation":180,"uv":[14.5,1,11,2],"texture":"#2"}}},{"to":[11.77959,7.875,8.524],"rotation":{"origin":[11.6398,7.5375,8.001],"angle":45,"axis":"z"},"from":[11.5,7.2,7.476],"faces":{"down":{"rotation":180,"uv":[6.75,10.25,7,10.5],"texture":"#5"},"north":{"rotation":180,"uv":[6.25,11.25,6.5,12.25],"texture":"#4"},"south":{"rotation":180,"uv":[6.25,11.25,6.5,12.25],"texture":"#4"}}},{"to":[11.77959,7.875,8.525],"rotation":{"origin":[11.6398,7.5375,8],"angle":0,"axis":"z"},"from":[11.5,7.2,7.475],"faces":{"down":{"rotation":180,"uv":[6.75,10.25,7,10.5],"texture":"#5"},"north":{"rotation":180,"uv":[6.25,11.25,6.5,12.25],"texture":"#4"},"up":{"uv":[3.75,3.75,4,4.25],"texture":"#5"},"south":{"rotation":180,"uv":[6.25,11.25,6.5,12.25],"texture":"#4"}}},{"to":[11.77959,7.675,8.55],"rotation":{"origin":[11.6398,7.5375,8],"angle":0,"axis":"z"},"from":[11.5,7.4,7.45],"faces":{"north":{"rotation":270,"uv":[8.25,2,8.75,2.5],"texture":"#5"},"west":{"uv":[2.5,5,2.75,5.5],"texture":"#5"},"up":{"rotation":90,"uv":[2.5,4.5,2.75,5],"texture":"#5"},"down":{"uv":[2.25,8.5,2.5,9],"texture":"#5"},"east":{"uv":[8.25,2,8.5,2.5],"texture":"#5"},"south":{"uv":[8.25,2,8.75,2.5],"texture":"#5"}}},{"to":[11.9773,7.6773,8.524],"rotation":{"origin":[11.6398,7.5375,8.001],"angle":45,"axis":"z"},"from":[11.1523,7.3977,7.476],"faces":{"east":{"uv":[3.25,4.25,3.5,4.75],"texture":"#5"},"north":{"rotation":90,"uv":[6.25,11.25,6.5,12.25],"texture":"#4"},"south":{"rotation":270,"uv":[6.25,11.25,6.5,12.25],"texture":"#4"}}},{"to":[11.9773,7.6773,8.5245],"rotation":{"origin":[11.6398,7.5375,8.0005],"angle":0,"axis":"z"},"from":[11.2773,7.3977,7.4755],"faces":{"east":{"rotation":180,"uv":[7,11.5,7.25,12],"texture":"#5"},"north":{"rotation":180,"uv":[5.5,11.75,6.5,12],"texture":"#4"},"south":{"rotation":180,"uv":[5.5,11.75,6.5,12],"texture":"#4"}}},{"to":[9.3,8.025,8.425],"rotation":{"origin":[18.6,8.025,8.075],"angle":0,"axis":"x"},"from":[8.2,7.875,7.575],"faces":{"west":{"rotation":180,"uv":[2.25,7,3,7.5],"texture":"#5"},"south":{"rotation":180,"uv":[3,4,4.5,4.5],"texture":"#5"}}},{"to":[9.3,7.975,9.075],"rotation":{"origin":[18.6,8.025,8.225],"angle":0,"axis":"x"},"from":[8.975,7.875,8.375],"faces":{"down":{"rotation":90,"uv":[3,8.25,5,9],"texture":"#5"},"west":{"uv":[7.25,4.5,9.25,5],"texture":"#5"},"east":{"uv":[7,4.5,9,5],"texture":"#5"},"up":{"rotation":180,"uv":[13.25,4,14,4.5],"texture":"#3"},"south":{"uv":[9,4.25,9.75,4.75],"texture":"#5"}}},{"to":[9.3,8.1,9],"rotation":{"origin":[18.6,8.12473,8.225],"angle":0,"axis":"x"},"from":[8.975,7.975,8.6],"faces":{"west":{"uv":[8.25,4.25,9.5,4.75],"texture":"#5"},"east":{"uv":[13.75,4,15,4.5],"texture":"#5"},"south":{"uv":[9,4.25,9.75,4.75],"texture":"#4"}}},{"to":[9.3,8.025,8.6],"rotation":{"origin":[18.6,8.12473,8.225],"angle":0,"axis":"x"},"from":[8.975,7.975,8.375],"faces":{"west":{"uv":[12.5,4.5,12.75,4.75],"texture":"#5"},"east":{"uv":[12.75,4.25,13,4.5],"texture":"#5"}}},{"to":[9.2995,8.14688,8.98932],"rotation":{"origin":[9.1375,8.0966,8.87682],"angle":22.5,"axis":"x"},"from":[8.9755,8.04688,8.78932],"faces":{"west":{"rotation":180,"uv":[2.75,4,3.25,4.25],"texture":"#5"},"east":{"uv":[2.75,4,3.25,4.25],"texture":"#5"},"up":{"rotation":270,"uv":[13.5,16,14.5,14.5],"texture":"#0"}}},{"to":[9.2995,8.11171,8.68371],"rotation":{"origin":[9.1375,8.06144,8.57121],"angle":-45,"axis":"x"},"from":[8.9755,8.01171,8.45871],"faces":{"west":{"uv":[12.5,4.25,13,4.75],"texture":"#5"},"east":{"uv":[12.5,4,13,4.5],"texture":"#5"},"up":{"rotation":270,"uv":[11.5,16,12.5,14.5],"texture":"#0"}}},{"to":[9.3,8.17654,8.81522],"rotation":{"origin":[9.137,8.12127,8.70272],"angle":0,"axis":"x"},"from":[8.975,8.09654,8.61522],"faces":{"west":{"uv":[3.5,4,4.25,4.25],"texture":"#5"},"east":{"uv":[3.5,4,4.25,4.25],"texture":"#5"},"up":{"rotation":270,"uv":[12.5,16,13.5,14.5],"texture":"#0"}}},{"to":[8.2,7.95,8.425],"rotation":{"origin":[17.5,8.025,8.075],"angle":0,"axis":"x"},"from":[7.9,7.875,7.575],"faces":{"west":{"rotation":180,"uv":[4.25,4.75,5,5],"texture":"#5"},"up":{"rotation":180,"uv":[3.25,7.25,4,7.5],"texture":"#5"},"south":{"rotation":180,"uv":[12.25,1.25,12.75,1.5],"texture":"#5"}}},{"to":[9,7.876,8.45],"rotation":{"origin":[16.6,7.95,8.075],"angle":0,"axis":"x"},"from":[6.7,7.801,7.575],"faces":{"up":{"rotation":180,"uv":[4.75,8,5,8.25],"texture":"#5"}}},{"to":[5.87637,8.23162,7.575],"rotation":{"origin":[5.6382,8,8],"angle":45,"axis":"y"},"from":[5.40003,7.875,7.425],"faces":{"north":{"uv":[0,4,3,6],"texture":"#1"}}},{"to":[5.87634,8.4,8.40658],"rotation":{"origin":[5.63817,7.825,7.71843],"angle":45,"axis":"z"},"from":[5.4,8.25,7.59343],"faces":{"up":{"rotation":90,"uv":[11,0,16,3],"texture":"#1"}}},{"to":[5.77634,8.401,8.3],"rotation":{"origin":[5.63817,7.825,7.875],"angle":45,"axis":"z"},"from":[5.5,8.251,7.7],"faces":{"up":{"uv":[13,13,15.5,14.49],"texture":"#0"}}},{"to":[5.87634,8.4,8.23815],"rotation":{"origin":[5.63817,7.825,7.88685],"angle":45,"axis":"z"},"from":[5.4,8.05,7.76185],"faces":{"north":{"rotation":270,"uv":[3.25,4.5,3.75,5.25],"texture":"#5"},"south":{"rotation":90,"uv":[3.25,4.5,3.75,5.25],"texture":"#5"}}},{"to":[6.8,8.06321,8.575],"rotation":{"origin":[5.6382,8,8],"angle":0,"axis":"y"},"from":[5.4,7.875,7.425],"faces":{"east":{"uv":[3.25,11,3.5,11.25],"texture":"#5"},"north":{"rotation":180,"uv":[2.75,5,4.75,5.25],"texture":"#5"},"south":{"rotation":180,"uv":[2.75,5,4.75,5.25],"texture":"#5"}}},{"to":[5.2132,8.23162,8.23817],"rotation":{"origin":[5.6382,8,8],"angle":45,"axis":"y"},"from":[5.0632,7.875,7.76183],"faces":{"west":{"uv":[0,4,3,6],"texture":"#1"}}},{"to":[6.79943,8.06317,8.575],"rotation":{"origin":[5.30758,7.825,8],"angle":-45,"axis":"x"},"from":[5.231,7.58683,8.425],"faces":{"east":{"rotation":180,"uv":[3,11.75,3.25,12.25],"texture":"#5"},"south":{"uv":[0,0,9,3],"texture":"#1"}}},{"to":[6.79943,8.06317,7.575],"rotation":{"origin":[5.30758,7.825,8],"angle":45,"axis":"x"},"from":[5.231,7.58683,7.425],"faces":{"east":{"rotation":180,"uv":[3.25,11.75,3,12.25],"texture":"#5"},"north":{"uv":[1,0,10,3],"texture":"#1"}}},{"to":[5.2132,8.0632,8.23817],"rotation":{"origin":[5.6382,8,8],"angle":0,"axis":"y"},"from":[5.0632,7.875,7.76183],"faces":{"west":{"rotation":180,"uv":[3.25,5,4,5.25],"texture":"#5"}}},{"to":[5.5132,8.0632,8.23817],"rotation":{"origin":[5.6382,8,8],"angle":45,"axis":"y"},"from":[5.0632,7.875,7.76183],"faces":{"up":{"rotation":270,"uv":[4,5.5,4.5,6.25],"texture":"#5"}}},{"to":[5.5132,8.0632,8.23817],"rotation":{"origin":[5.6382,8,8],"angle":-45,"axis":"y"},"from":[5.0632,7.875,7.76183],"faces":{"up":{"rotation":270,"uv":[4.5,5.5,4,6.25],"texture":"#5"}}},{"to":[6.8,8.4,8.23817],"rotation":{"origin":[5.1382,7.825,8],"angle":0,"axis":"y"},"from":[5.4,8.25,7.76183],"faces":{"east":{"uv":[3,12.25,3.25,12.5],"texture":"#5"},"up":{"rotation":180,"uv":[3,4,5,4.75],"texture":"#5"}}},{"to":[5.8,8.4,8.23817],"rotation":{"origin":[5.1382,7.825,8],"angle":45,"axis":"x"},"from":[5.4,8.05,7.76183],"faces":{"west":{"rotation":270,"uv":[4.5,4.5,5,5.25],"texture":"#5"}}},{"to":[5.8,8.4,8.23817],"rotation":{"origin":[5.1382,7.825,8],"angle":-45,"axis":"x"},"from":[5.4,8.05,7.76183],"faces":{"west":{"rotation":270,"uv":[4.5,5.25,5,4.5],"texture":"#5"}}},{"to":[17.45,8.67473,7.8],"rotation":{"origin":[17.3,8.625,8],"angle":-22.5,"axis":"x"},"from":[16.8,8.55027,7.75],"faces":{"west":{"uv":[7.25,10.75,7.5,11],"texture":"#5"},"east":{"uv":[7.25,10.75,7.5,11],"texture":"#5"},"north":{"uv":[8.75,11.5,9.75,11.75],"texture":"#5"},"south":{"uv":[7.75,11.5,8.75,11.75],"texture":"#5"}}},{"to":[17.4505,8.67473,7.8],"rotation":{"origin":[17.3,8.625,8],"angle":0,"axis":"x"},"from":[16.8005,8.57527,7.75],"faces":{"west":{"uv":[7.25,11.5,7.5,11.75],"texture":"#5"},"east":{"uv":[7.25,11.5,7.5,11.75],"texture":"#5"},"north":{"uv":[8.75,11.75,9.75,12],"texture":"#5"},"south":{"uv":[0.25,11.5,1.25,11.75],"texture":"#5"}}},{"to":[17.45,8.67473,7.8],"rotation":{"origin":[17.3,8.625,8],"angle":22.5,"axis":"x"},"from":[16.8,8.57527,7.75],"faces":{"west":{"uv":[1,11.75,1.25,12],"texture":"#5"},"east":{"uv":[1,11.75,1.25,12],"texture":"#5"},"north":{"uv":[6.25,12,7.25,12.25],"texture":"#5"},"south":{"uv":[3.5,10.25,4.5,10.5],"texture":"#5"}}},{"to":[17.4505,8.67473,7.8],"rotation":{"origin":[17.3,8.625,8],"angle":45,"axis":"x"},"from":[16.8005,8.57527,7.75],"faces":{"west":{"uv":[0.75,12,1,12.25],"texture":"#5"},"east":{"uv":[0.75,12,1,12.25],"texture":"#5"},"north":{"uv":[3.25,12.25,4.25,12.5],"texture":"#5"},"south":{"uv":[4.75,9.25,5.75,9.5],"texture":"#5"}}},{"to":[17.4505,8.67473,8.25],"rotation":{"origin":[17.3,8.625,8],"angle":-45,"axis":"x"},"from":[16.8005,8.57527,8.2],"faces":{"west":{"uv":[0.75,12,1,12.25],"texture":"#5"},"east":{"uv":[0.75,12,1,12.25],"texture":"#5"},"north":{"uv":[4.75,9.25,5.75,9.5],"texture":"#5"},"south":{"uv":[3.25,12.25,4.25,12.5],"texture":"#5"}}},{"to":[17.45,8.67473,8.25],"rotation":{"origin":[17.3,8.625,8],"angle":-22.5,"axis":"x"},"from":[16.8,8.57527,8.2],"faces":{"west":{"uv":[1,11.75,1.25,12],"texture":"#5"},"east":{"uv":[1,11.75,1.25,12],"texture":"#5"},"north":{"uv":[3.5,10.25,4.5,10.5],"texture":"#5"},"south":{"uv":[6.25,12,7.25,12.25],"texture":"#5"}}},{"to":[17.4505,8.67473,8.25],"rotation":{"origin":[17.3,8.625,8],"angle":0,"axis":"x"},"from":[16.8005,8.57527,8.2],"faces":{"west":{"uv":[7.25,11.5,7.5,11.75],"texture":"#5"},"east":{"uv":[7.25,11.5,7.5,11.75],"texture":"#5"},"north":{"uv":[0.25,11.5,1.25,11.75],"texture":"#5"},"south":{"uv":[8.75,11.75,9.75,12],"texture":"#5"}}},{"to":[17.4505,8.47942,8.20618],"rotation":{"origin":[17.3,8.4297,7.95618],"angle":0,"axis":"x"},"from":[16.8005,8.40497,8.15618],"faces":{"west":{"uv":[7,11.5,7.25,11.75],"texture":"#5"},"east":{"uv":[7,11.5,7.25,11.75],"texture":"#5"},"north":{"uv":[7.75,11.5,8.75,11.75],"texture":"#5"},"south":{"uv":[7.75,11.5,8.75,11.75],"texture":"#5"}}},{"to":[17.4505,8.47942,7.84382],"rotation":{"origin":[17.3,8.4297,8.04382],"angle":0,"axis":"x"},"from":[16.8005,8.40497,7.79382],"faces":{"west":{"uv":[7,11.5,7.25,11.75],"texture":"#5"},"east":{"uv":[7,11.5,7.25,11.75],"texture":"#5"},"north":{"uv":[7.75,11.5,8.75,11.75],"texture":"#5"},"south":{"uv":[7.75,11.5,8.75,11.75],"texture":"#5"}}},{"to":[17.45,8.27811,8.29992],"rotation":{"origin":[17.3,8.22838,8.04992],"angle":-45,"axis":"x"},"from":[16.8,7.95365,8.24992],"faces":{"down":{"uv":[3.25,8,4.25,8.25],"texture":"#5"},"west":{"uv":[3.75,7.5,4,8],"texture":"#5"},"east":{"uv":[3.75,7.5,4,8],"texture":"#5"},"north":{"uv":[7.75,7.75,8.75,8.25],"texture":"#5"},"south":{"uv":[7.75,12,8.75,12.5],"texture":"#5"}}},{"to":[17.45,8.27811,7.75008],"rotation":{"origin":[17.3,8.22838,7.95008],"angle":45,"axis":"x"},"from":[16.8,7.95365,7.70008],"faces":{"down":{"uv":[3.25,8,4.25,8.25],"texture":"#5"},"west":{"uv":[3.75,7.5,4,8],"texture":"#5"},"east":{"uv":[3.75,7.5,4,8],"texture":"#5"},"north":{"uv":[7.75,12,8.75,12.5],"texture":"#5"},"south":{"uv":[7.75,7.75,8.75,8.25],"texture":"#5"}}},{"to":[17.45,8.67473,8.25],"rotation":{"origin":[17.3,8.625,8],"angle":22.5,"axis":"x"},"from":[16.8,8.55027,8.2],"faces":{"west":{"uv":[7.25,10.75,7.5,11],"texture":"#5"},"east":{"uv":[7.25,10.75,7.5,11],"texture":"#5"},"north":{"uv":[7.75,11.5,8.75,11.75],"texture":"#5"},"south":{"uv":[8.75,11.5,9.75,11.75],"texture":"#5"}}},{"to":[17.45,8.875,8.04973],"rotation":{"origin":[17.3,8.625,8],"angle":-22.5,"axis":"x"},"from":[16.8,8.825,7.95027],"faces":{"down":{"uv":[5.25,8,6.25,8.25],"texture":"#5"},"west":{"uv":[0.75,12.25,1,12.5],"texture":"#5"},"east":{"uv":[0.75,12.25,1,12.5],"texture":"#5"},"up":{"uv":[11.75,4.75,12.75,5],"texture":"#5"}}},{"to":[17.4505,8.875,8.04973],"rotation":{"origin":[17.3,8.625,8],"angle":0,"axis":"x"},"from":[16.8005,8.825,7.95027],"faces":{"down":{"uv":[15.75,15.75,16,16],"texture":"#5"},"west":{"uv":[11.25,12.5,11.5,12.75],"texture":"#5"},"east":{"uv":[11.25,12.5,11.5,12.75],"texture":"#5"},"up":{"uv":[7.75,4.5,8.75,4.75],"texture":"#5"}}},{"to":[17.45,8.875,8.04973],"rotation":{"origin":[17.3,8.625,8],"angle":22.5,"axis":"x"},"from":[16.8,8.825,7.95027],"faces":{"down":{"uv":[5.25,8,6.25,8.25],"texture":"#5"},"west":{"uv":[0.75,12.25,1,12.5],"texture":"#5"},"east":{"uv":[0.75,12.25,1,12.5],"texture":"#5"},"up":{"uv":[12,4.75,13,5],"texture":"#5"}}},{"to":[18.725,7.68467,7.625],"rotation":{"origin":[9.1,7.625,7.825],"angle":-45,"axis":"x"},"from":[12.5,7.56533,7.525],"faces":{"north":{"rotation":180,"uv":[0,11.5,8,11.75],"texture":"#5"},"south":{"rotation":180,"uv":[0,11.75,16,12],"texture":"#5"}}},{"to":[19.1185,7.68467,7.625],"rotation":{"origin":[16.825,7.625,7.825],"angle":-45,"axis":"x"},"from":[18.725,7.56533,7.525],"faces":{"north":{"uv":[2.75,14,0.09375,15],"texture":"#1"},"south":{"uv":[0.09375,14,2.75,15],"texture":"#1"}}},{"to":[18.725,7.68467,7.625],"rotation":{"origin":[9.1,7.625,7.825],"angle":-22.5,"axis":"x"},"from":[12.5,7.56533,7.525],"faces":{"north":{"rotation":180,"uv":[0,11.75,8,12],"texture":"#5"},"up":{"rotation":180,"uv":[1.75,4.5,9.75,4.75],"texture":"#5"},"south":{"rotation":180,"uv":[0,8,16,8.25],"texture":"#5"}}},{"to":[19.1185,7.68467,7.625],"rotation":{"origin":[16.825,7.625,7.825],"angle":-22.5,"axis":"x"},"from":[18.725,7.56533,7.525],"faces":{"north":{"uv":[2.09375,13,0.1875,14],"texture":"#1"},"south":{"uv":[0.1875,13,2.09375,14],"texture":"#1"}}},{"to":[18.725,8.03467,7.625],"rotation":{"origin":[9.1,7.975,7.825],"angle":22.5,"axis":"x"},"from":[6.1,7.91533,7.525],"faces":{"down":{"rotation":180,"uv":[0,11.5,16,11.75],"texture":"#5"},"north":{"rotation":180,"uv":[0,12.5,16,12.75],"texture":"#5"},"south":{"rotation":180,"uv":[0,11.75,16,12],"texture":"#5"}}},{"to":[19.1185,8.03467,7.625],"rotation":{"origin":[16.825,7.975,7.825],"angle":22.5,"axis":"x"},"from":[18.725,7.91533,7.525],"faces":{"north":{"uv":[1.8125,9,0,9.875],"texture":"#1"},"south":{"uv":[9.09375,12,10.4375,12.75],"texture":"#1"}}},{"to":[18.725,8.03467,7.625],"rotation":{"origin":[9.1,7.975,7.825],"angle":45,"axis":"x"},"from":[6.1,7.91533,7.525],"faces":{"north":{"rotation":180,"uv":[0,4.75,16,5],"texture":"#5"},"south":{"rotation":180,"uv":[0,7.75,16,8],"texture":"#5"}}},{"to":[19.1185,8.03467,7.625],"rotation":{"origin":[16.825,7.975,7.825],"angle":45,"axis":"x"},"from":[18.725,7.91533,7.525],"faces":{"north":{"uv":[1.875,8,0,8.75],"texture":"#1"},"south":{"rotation":270,"uv":[7.09375,14.1875,7.71875,15.21875],"texture":"#1"}}},{"to":[18.725,8.03467,8.475],"rotation":{"origin":[9.1,7.975,8.175],"angle":-45,"axis":"x"},"from":[6.1,7.91533,8.375],"faces":{"north":{"rotation":180,"uv":[0,11.5,16,11.75],"texture":"#5"},"south":{"rotation":180,"uv":[0,4.75,16,5],"texture":"#5"}}},{"to":[19.1185,8.03467,8.475],"rotation":{"origin":[16.825,7.975,8.175],"angle":-45,"axis":"x"},"from":[18.725,7.91533,8.375],"faces":{"north":{"rotation":90,"uv":[7.09375,14.1875,7.71875,15.21875],"texture":"#1"},"south":{"uv":[0,8,1.875,8.75],"texture":"#1"}}},{"to":[18.725,8.03467,8.475],"rotation":{"origin":[9.1,7.975,8.175],"angle":-22.5,"axis":"x"},"from":[6.1,7.91533,8.375],"faces":{"down":{"rotation":180,"uv":[0,11.5,16,11.75],"texture":"#5"},"north":{"rotation":180,"uv":[0,11.75,16,12],"texture":"#5"},"south":{"rotation":180,"uv":[0,12.5,16,12.75],"texture":"#5"}}},{"to":[19.1185,8.03467,8.475],"rotation":{"origin":[16.825,7.975,8.175],"angle":-22.5,"axis":"x"},"from":[18.725,7.91533,8.375],"faces":{"north":{"rotation":180,"uv":[9.09375,12,10.4375,12.75],"texture":"#1"},"south":{"uv":[0,9,1.8125,9.875],"texture":"#1"}}},{"to":[18.725,7.68467,8.475],"rotation":{"origin":[9.1,7.625,8.175],"angle":22.5,"axis":"x"},"from":[12.5,7.56533,8.375],"faces":{"north":{"rotation":180,"uv":[0,8,16,8.25],"texture":"#5"},"up":{"rotation":180,"uv":[1.75,4.5,9.75,4.75],"texture":"#5"},"south":{"rotation":180,"uv":[0,11.75,8,12],"texture":"#5"}}},{"to":[19.1185,7.68467,8.475],"rotation":{"origin":[16.825,7.625,8.175],"angle":22.5,"axis":"x"},"from":[18.725,7.56533,8.375],"faces":{"north":{"uv":[2.09375,13,0.1875,14],"texture":"#1"},"south":{"uv":[0.1875,13,2.09375,14],"texture":"#1"}}},{"to":[18.725,7.68467,8.475],"rotation":{"origin":[9.1,7.625,8.175],"angle":45,"axis":"x"},"from":[12.5,7.56533,8.375],"faces":{"north":{"rotation":180,"uv":[0,11.75,16,12],"texture":"#5"},"south":{"rotation":180,"uv":[0,11.5,8,11.75],"texture":"#5"}}},{"to":[19.1185,7.68467,8.475],"rotation":{"origin":[16.825,7.625,8.175],"angle":45,"axis":"x"},"from":[18.725,7.56533,8.375],"faces":{"north":{"uv":[2.75,14,0.09375,15],"texture":"#1"},"south":{"uv":[0.09375,14,2.75,15],"texture":"#1"}}},{"to":[18.725,7.425,8.23467],"rotation":{"origin":[9.1,7.625,8.175],"angle":-22.5,"axis":"x"},"from":[12.5,7.325,8.11533],"faces":{"down":{"rotation":180,"uv":[0,11.25,8,11.5],"texture":"#5"},"north":{"rotation":180,"uv":[0,8,16,8.25],"texture":"#5"},"up":{"rotation":180,"uv":[0,12.25,16,12.5],"texture":"#5"}}},{"to":[19.1185,7.425,8.23467],"rotation":{"origin":[16.825,7.625,8.175],"angle":-22.5,"axis":"x"},"from":[18.725,7.325,8.11533],"faces":{"down":{"uv":[0.125,15,2.125,15.375],"texture":"#1"}}},{"to":[18.725,7.425,7.88467],"rotation":{"origin":[9.1,7.625,7.825],"angle":22.5,"axis":"x"},"from":[12.5,7.325,7.76533],"faces":{"down":{"rotation":180,"uv":[0,11.25,8,11.5],"texture":"#5"},"up":{"rotation":180,"uv":[0,12.25,16,12.5],"texture":"#5"},"south":{"rotation":180,"uv":[0,8,16,8.25],"texture":"#5"}}},{"to":[19.1185,7.425,7.88467],"rotation":{"origin":[16.825,7.625,7.825],"angle":22.5,"axis":"x"},"from":[18.725,7.325,7.76533],"faces":{"down":{"uv":[0.125,15.375,2.125,15],"texture":"#1"}}},{"to":[18.725,8.275,7.88467],"rotation":{"origin":[9.1,7.975,7.825],"angle":-22.5,"axis":"x"},"from":[6.1,8.175,7.76533],"faces":{"down":{"rotation":180,"uv":[0,8,16,8.25],"texture":"#5"},"up":{"rotation":180,"uv":[0,4.5,16,4.75],"texture":"#5"},"south":{"rotation":180,"uv":[2.75,12.25,10.75,12.5],"texture":"#5"}}},{"to":[19.1185,8.275,7.88467],"rotation":{"origin":[16.825,7.975,7.825],"angle":-22.5,"axis":"x"},"from":[18.725,8.175,7.76533],"faces":{"down":{"uv":[4.46875,5.1875,6.46875,5.6875],"texture":"#1"},"up":{"uv":[0,7.5,2,7],"texture":"#1"},"south":{"uv":[8.375,11.21875,10.375,11.71875],"texture":"#1"}}},{"to":[12.5,8.275,8.23467],"rotation":{"origin":[9.1,7.975,8.175],"angle":0,"axis":"x"},"from":[11.1,8.175,7.76533],"faces":{"down":{"rotation":180,"uv":[15.75,15.75,16,16],"texture":"#5"},"west":{"rotation":180,"uv":[4.5,12,5.25,12.25],"texture":"#5"},"east":{"rotation":180,"uv":[4.5,12,5.25,12.25],"texture":"#5"},"up":{"rotation":180,"uv":[6,3.75,8,4.5],"texture":"#5"}}},{"to":[11.875,8.35,8.125],"rotation":{"origin":[9.1,8.075,8.28467],"angle":0,"axis":"x"},"from":[11.575,8.275,7.875],"faces":{"west":{"rotation":180,"uv":[0.75,12.25,1.25,12.5],"texture":"#5"},"east":{"rotation":180,"uv":[2.75,4.5,3.25,4.75],"texture":"#5"},"north":{"rotation":180,"uv":[0.75,12.25,1.25,12.5],"texture":"#5"},"up":{"rotation":90,"uv":[8.25,2,8.75,2.5],"texture":"#5"},"south":{"rotation":270,"uv":[2.25,12.5,2.5,13],"texture":"#5"}}},{"to":[12.5,8.03467,7.625],"rotation":{"origin":[9.1,7.975,7.825],"angle":0,"axis":"x"},"from":[6.1,7.56533,7.525],"faces":{"east":{"uv":[6,11.5,6.25,12.25],"texture":"#5"},"north":{"rotation":180,"uv":[8,12,16,12.75],"texture":"#5"},"south":{"rotation":180,"uv":[0,8,16,8.25],"texture":"#5"}}},{"to":[12.5,8.03467,8.475],"rotation":{"origin":[9.1,7.975,8.675],"angle":0,"axis":"x"},"from":[9.3,7.56533,8.375],"faces":{"east":{"uv":[6,11.5,6.25,12.25],"texture":"#5"},"north":{"rotation":180,"uv":[0,8,16,8.25],"texture":"#5"},"south":{"rotation":180,"uv":[12,12,16,12.75],"texture":"#5"}}},{"to":[13.925,8.275,8.23467],"rotation":{"origin":[11.625,7.975,8.175],"angle":0,"axis":"x"},"from":[13.625,8.175,7.76533],"faces":{"down":{"rotation":180,"uv":[15.75,15.75,16,16],"texture":"#5"},"west":{"rotation":180,"uv":[4.5,12,5.25,12.25],"texture":"#5"},"east":{"rotation":180,"uv":[4.5,12,5.25,12.25],"texture":"#5"},"up":{"rotation":180,"uv":[4.5,4,4.75,4.75],"texture":"#5"}}},{"to":[13.925,7.425,8.23467],"rotation":{"origin":[11.625,7.125,8.175],"angle":0,"axis":"x"},"from":[13.625,7.325,7.76533],"faces":{"down":{"rotation":180,"uv":[5.25,8,5.75,8.25],"texture":"#5"},"west":{"rotation":180,"uv":[8.75,10.75,9.5,11],"texture":"#5"},"east":{"rotation":180,"uv":[8.75,10.75,9.5,11],"texture":"#5"},"up":{"rotation":180,"uv":[6,12,6.5,12.75],"texture":"#5"}}},{"to":[13.925,8.03467,7.625],"rotation":{"origin":[11.625,7.975,7.825],"angle":0,"axis":"x"},"from":[13.625,7.56533,7.525],"faces":{"west":{"uv":[6,11.5,6.25,12.25],"texture":"#5"},"east":{"uv":[6,11.5,6.25,12.25],"texture":"#5"},"north":{"rotation":180,"uv":[7.25,12,7.75,12.75],"texture":"#5"},"south":{"rotation":180,"uv":[6.75,9.5,7.25,10.25],"texture":"#5"}}},{"to":[13.925,8.03467,8.475],"rotation":{"origin":[11.625,7.975,8.675],"angle":0,"axis":"x"},"from":[13.625,7.56533,8.375],"faces":{"west":{"uv":[6,11.5,6.25,12.25],"texture":"#5"},"east":{"uv":[6,11.5,6.25,12.25],"texture":"#5"},"north":{"rotation":180,"uv":[6.75,9.5,7.25,10.25],"texture":"#5"},"south":{"rotation":180,"uv":[7.25,12,7.75,12.75],"texture":"#5"}}},{"to":[13.625,7.5653,7.76533],"rotation":{"origin":[11.625,7.975,8.67503],"angle":0,"axis":"x"},"from":[12.5,7.325,7.52503],"faces":{"down":{"uv":[5.75,11.5,7.25,12],"texture":"#5"},"north":{"rotation":180,"uv":[9.5,11.825,11,12.25],"texture":"#5"},"up":{"rotation":180,"uv":[1.5,11.75,1.75,12],"texture":"#5"},"south":{"rotation":180,"uv":[1.5,11.75,1.75,12],"texture":"#5"}}},{"to":[13.625,7.5653,8.47497],"rotation":{"origin":[11.625,7.975,7.32467],"angle":0,"axis":"x"},"from":[12.5,7.325,8.23467],"faces":{"down":{"rotation":180,"uv":[5.75,11.5,7.25,12],"texture":"#5"},"north":{"rotation":180,"uv":[1.5,11.75,1.75,12],"texture":"#5"},"up":{"rotation":180,"uv":[1.5,11.75,1.75,12],"texture":"#5"},"south":{"rotation":180,"uv":[6,11.825,7.5,12.25],"texture":"#5"}}},{"to":[13.82684,7.5658,8.39136],"rotation":{"origin":[13.65693,7.44515,8.2666],"angle":45,"axis":"y"},"from":[13.48701,7.3255,8.22145],"faces":{"down":{"rotation":180,"uv":[5.75,11.5,6.25,11.75],"texture":"#5"},"east":{"rotation":180,"uv":[1.5,11.75,1.75,12],"texture":"#5"},"north":{"rotation":180,"uv":[1.5,11.75,1.75,12],"texture":"#5"},"up":{"rotation":180,"uv":[1.5,11.75,1.75,12],"texture":"#5"},"south":{"rotation":180,"uv":[8,11.575,8.5,12],"texture":"#5"}}},{"to":[13.82684,7.5658,7.77855],"rotation":{"origin":[13.65693,7.44515,7.7334],"angle":-45,"axis":"y"},"from":[13.48701,7.3255,7.60864],"faces":{"down":{"rotation":180,"uv":[5.75,11.5,6.25,11.75],"texture":"#5"},"east":{"rotation":180,"uv":[1.5,11.75,1.75,12],"texture":"#5"},"north":{"rotation":180,"uv":[8,11.575,8.5,12],"texture":"#5"},"up":{"rotation":180,"uv":[1.5,11.75,1.75,12],"texture":"#5"},"south":{"rotation":180,"uv":[1.5,11.75,1.75,12],"texture":"#5"}}},{"to":[15.35,8.275,8.23467],"rotation":{"origin":[13.05,7.975,8.175],"angle":0,"axis":"x"},"from":[15.05,8.175,7.76533],"faces":{"down":{"rotation":180,"uv":[15.75,15.75,16,16],"texture":"#5"},"west":{"rotation":180,"uv":[4.5,12,5.25,12.25],"texture":"#5"},"east":{"rotation":180,"uv":[4.5,12,5.25,12.25],"texture":"#5"},"up":{"rotation":180,"uv":[0.75,3.5,1,4.25],"texture":"#5"}}},{"to":[15.35,7.425,8.23467],"rotation":{"origin":[13.05,7.125,8.175],"angle":0,"axis":"x"},"from":[15.05,7.325,7.76533],"faces":{"down":{"rotation":180,"uv":[6,9.25,6.5,10],"texture":"#5"},"west":{"rotation":180,"uv":[8.75,10.75,9.5,11],"texture":"#5"},"east":{"rotation":180,"uv":[8.75,10.75,9.5,11],"texture":"#5"},"up":{"rotation":180,"uv":[6,12,6.5,12.75],"texture":"#5"}}},{"to":[15.35,8.03467,7.625],"rotation":{"origin":[13.05,7.975,7.825],"angle":0,"axis":"x"},"from":[15.05,7.56533,7.525],"faces":{"west":{"uv":[6,11.5,6.25,12.25],"texture":"#5"},"east":{"uv":[6,11.5,6.25,12.25],"texture":"#5"},"north":{"rotation":180,"uv":[8.75,12,9.25,12.75],"texture":"#5"},"south":{"rotation":180,"uv":[6.75,9.5,7.25,10.25],"texture":"#5"}}},{"to":[15.25,8.00967,7.425],"rotation":{"origin":[13.05,7.975,7.625],"angle":0,"axis":"x"},"from":[15.15,7.59033,7.325],"faces":{"west":{"rotation":180,"uv":[0.75,12,1,12.75],"texture":"#5"},"east":{"rotation":180,"uv":[0.75,12,1,12.75],"texture":"#5"},"north":{"rotation":180,"uv":[8.75,12.25,9,13],"texture":"#5"},"south":{"rotation":180,"uv":[8,10.25,8.25,11],"texture":"#5"}}},{"to":[15.25,8.10967,7.575],"rotation":{"origin":[13.05,8.41935,7.625],"angle":0,"axis":"x"},"from":[15.15,8.00967,7.325],"faces":{"west":{"rotation":180,"uv":[10.25,4.75,10.5,5],"texture":"#5"},"east":{"rotation":180,"uv":[10.25,4.75,10.5,5],"texture":"#5"},"north":{"rotation":180,"uv":[10.25,4.5,10.5,4.75],"texture":"#5"},"up":{"rotation":180,"uv":[3.25,4,3.5,4.25],"texture":"#5"}}},{"to":[15.25,7.59033,7.575],"rotation":{"origin":[13.05,7.9,7.625],"angle":0,"axis":"x"},"from":[15.15,7.49033,7.325],"faces":{"down":{"rotation":180,"uv":[6.25,11,6.5,11.25],"texture":"#5"},"west":{"rotation":180,"uv":[6.25,11.75,6.5,12],"texture":"#5"},"east":{"rotation":180,"uv":[6.25,11.75,6.5,12],"texture":"#5"},"north":{"rotation":180,"uv":[6.25,11.75,6.5,12],"texture":"#5"},"up":{"rotation":180,"uv":[10.25,4.75,10.5,5],"texture":"#5"}}},{"to":[15.35,8.03467,8.475],"rotation":{"origin":[13.05,7.975,8.675],"angle":0,"axis":"x"},"from":[15.05,7.56533,8.375],"faces":{"west":{"uv":[6,11.5,6.25,12.25],"texture":"#5"},"east":{"uv":[6,11.5,6.25,12.25],"texture":"#5"},"north":{"rotation":180,"uv":[6.75,9.5,7.25,10.25],"texture":"#5"},"south":{"rotation":180,"uv":[5,12,5.5,12.75],"texture":"#5"}}},{"to":[18.2,8.275,8.23467],"rotation":{"origin":[14.475,7.975,8.175],"angle":0,"axis":"x"},"from":[16.475,8.175,7.76533],"faces":{"down":{"rotation":180,"uv":[15.75,15.75,16,16],"texture":"#5"},"west":{"rotation":180,"uv":[4.5,12,5.25,12.25],"texture":"#5"},"east":{"rotation":180,"uv":[4.5,12,5.25,12.25],"texture":"#5"},"up":{"rotation":180,"uv":[6,3.75,8.25,4.5],"texture":"#5"}}},{"to":[18.2,7.675,8.375],"rotation":{"origin":[14.475,7.325,8.15967],"angle":0,"axis":"x"},"from":[17.9,7.425,7.625],"faces":{"west":{"rotation":180,"uv":[5.75,10.75,6,11.25],"texture":"#5"},"east":{"rotation":180,"uv":[5.75,10.75,6,11.25],"texture":"#5"}}},{"to":[18.2,8.175,8.375],"rotation":{"origin":[14.475,7.975,8.15967],"angle":0,"axis":"x"},"from":[17.9,7.925,7.625],"faces":{"west":{"uv":[6,11.5,6.25,12],"texture":"#5"},"east":{"uv":[6,11.5,6.25,12],"texture":"#5"}}},{"to":[18.2,7.925,8.375],"rotation":{"origin":[14.475,7.725,8.15967],"angle":0,"axis":"x"},"from":[17.9,7.675,8.125],"faces":{"west":{"rotation":180,"uv":[6,11.5,6.25,12],"texture":"#5"},"east":{"rotation":180,"uv":[6,11.5,6.25,12],"texture":"#5"}}},{"to":[18.2,7.925,7.875],"rotation":{"origin":[14.475,7.725,7.65967],"angle":0,"axis":"x"},"from":[17.9,7.675,7.625],"faces":{"west":{"rotation":180,"uv":[6,11.5,6.25,12],"texture":"#5"},"east":{"rotation":180,"uv":[6,11.5,6.25,12],"texture":"#5"}}},{"to":[17.4,8.4,8.2055],"rotation":{"origin":[14.475,8.1,8.17917],"angle":0,"axis":"x"},"from":[16.85,8.275,7.7945],"faces":{"north":{"rotation":180,"uv":[6.25,8.25,6.5,8.5],"texture":"#5"},"up":{"uv":[1,11.75,2,12.5],"texture":"#5"},"south":{"rotation":180,"uv":[6.25,8.25,6.5,8.5],"texture":"#5"}}},{"to":[17.2,8.6,8.0375],"rotation":{"origin":[14.775,8.175,8.19717],"angle":0,"axis":"x"},"from":[17.125,8.4,7.9625],"faces":{"west":{"uv":[5.25,7.5,5.5,8.25],"texture":"#5"},"east":{"uv":[5.25,7.5,5.5,8.25],"texture":"#5"},"north":{"uv":[5.25,7.5,5.5,8.25],"texture":"#5"},"up":{"uv":[5.5,12,5.75,12.25],"texture":"#5"},"south":{"uv":[5.25,7.5,5.5,8.25],"texture":"#5"}}},{"to":[17.1875,8.675,8.025],"rotation":{"origin":[14.775,8.35,8.20967],"angle":0,"axis":"x"},"from":[17.1375,8.6,7.975],"faces":{"west":{"rotation":180,"uv":[7.25,11.5,7.5,12],"texture":"#5"},"east":{"rotation":180,"uv":[7.25,11.5,7.5,12],"texture":"#5"},"north":{"rotation":180,"uv":[7.25,11.5,7.5,12],"texture":"#5"},"up":{"rotation":180,"uv":[7.25,11.25,7.5,11.5],"texture":"#5"},"south":{"rotation":180,"uv":[7.25,11.5,7.5,12],"texture":"#5"}}},{"to":[16.88531,8.32249,8.205],"rotation":{"origin":[16.67281,8.27249,8],"angle":22.5,"axis":"z"},"from":[16.61031,8.19749,7.795],"faces":{"west":{"rotation":180,"uv":[7,11.5,7.25,11.75],"texture":"#5"},"north":{"rotation":180,"uv":[7,11.5,7.5,11.75],"texture":"#5"},"up":{"rotation":270,"uv":[8.5,4.75,9.25,5.25],"texture":"#5"},"south":{"rotation":180,"uv":[7,11.5,7.5,11.75],"texture":"#5"}}},{"to":[17.63969,8.32249,8.205],"rotation":{"origin":[17.57719,8.27249,8],"angle":-22.5,"axis":"z"},"from":[17.36469,8.19749,7.795],"faces":{"east":{"rotation":180,"uv":[7,11.5,7.25,11.75],"texture":"#5"},"north":{"rotation":180,"uv":[7,11.5,7.5,11.75],"texture":"#5"},"up":{"rotation":90,"uv":[8.5,4.75,9.25,5.25],"texture":"#5"},"south":{"rotation":180,"uv":[7,11.5,7.5,11.75],"texture":"#5"}}},{"to":[16.775,7.425,8.23467],"rotation":{"origin":[14.475,7.125,8.175],"angle":0,"axis":"x"},"from":[16.475,7.325,7.76533],"faces":{"down":{"rotation":180,"uv":[8.75,9.5,9.25,10.25],"texture":"#5"},"west":{"rotation":180,"uv":[8.75,10.75,9.5,11],"texture":"#5"},"east":{"rotation":180,"uv":[8.75,10.75,9.5,11],"texture":"#5"},"up":{"rotation":180,"uv":[5,12,5.5,12.75],"texture":"#5"}}},{"to":[16.775,8.03467,7.625],"rotation":{"origin":[14.475,7.975,7.825],"angle":0,"axis":"x"},"from":[16.475,7.56533,7.525],"faces":{"west":{"uv":[6,11.5,6.25,12.25],"texture":"#5"},"east":{"uv":[6,11.5,6.25,12.25],"texture":"#5"},"north":{"rotation":180,"uv":[2.25,12,2.75,12.75],"texture":"#5"},"south":{"rotation":180,"uv":[6.75,9.5,7.25,10.25],"texture":"#5"}}},{"to":[16.775,8.03467,8.475],"rotation":{"origin":[14.475,7.975,8.675],"angle":0,"axis":"x"},"from":[16.475,7.56533,8.375],"faces":{"west":{"uv":[6,11.5,6.25,12.25],"texture":"#5"},"east":{"uv":[6,11.5,6.25,12.25],"texture":"#5"},"north":{"rotation":180,"uv":[6.75,9.5,7.25,10.25],"texture":"#5"},"south":{"rotation":180,"uv":[3.5,12,4,12.75],"texture":"#5"}}},{"to":[18.725,7.425,8.23467],"rotation":{"origin":[15.9,7.125,8.175],"angle":0,"axis":"x"},"from":[17.9,7.325,7.76533],"faces":{"down":{"rotation":180,"uv":[7.75,10.5,8.75,11.25],"texture":"#5"},"west":{"rotation":180,"uv":[8.75,10.75,9.5,11],"texture":"#5"},"up":{"rotation":180,"uv":[0.25,11.75,1.75,12.5],"texture":"#5"}}},{"to":[18.2,8.03467,7.625],"rotation":{"origin":[15.9,7.975,7.825],"angle":0,"axis":"x"},"from":[17.9,7.56533,7.525],"faces":{"west":{"uv":[6,11.5,6.25,12.25],"texture":"#5"},"east":{"uv":[6,11.5,6.25,12.25],"texture":"#5"},"north":{"rotation":180,"uv":[8.5,12,9,12.75],"texture":"#5"}}},{"to":[18.2,8.03467,8.475],"rotation":{"origin":[15.9,7.975,8.675],"angle":0,"axis":"x"},"from":[17.9,7.56533,8.375],"faces":{"west":{"uv":[6,11.5,6.25,12.25],"texture":"#5"},"east":{"uv":[6,11.5,6.25,12.25],"texture":"#5"},"south":{"rotation":180,"uv":[12.5,12,13,12.75],"texture":"#5"}}},{"to":[19.1185,8.275,8.23468],"rotation":{"origin":[16.7935,7.975,8.17501],"angle":0,"axis":"x"},"from":[18.9185,8.175,7.76534],"faces":{"down":{"rotation":270,"uv":[7.34375,14.71875,6,15.28125],"texture":"#1"},"west":{"rotation":180,"uv":[4.5,12,5.25,12.25],"texture":"#5"},"up":{"rotation":180,"uv":[8,3.75,8.25,4.5],"texture":"#5"}}},{"to":[19.1185,8.03467,7.625],"rotation":{"origin":[16.775,7.975,7.825],"angle":0,"axis":"x"},"from":[18.725,7.56533,7.525],"faces":{"west":{"uv":[6,11.5,6.25,12.25],"texture":"#5"},"north":{"uv":[1.6875,10,0.3125,13],"texture":"#1"},"south":{"uv":[0.34375,10,1.71875,13],"texture":"#1"}}},{"to":[19.1185,8.03467,8.475],"rotation":{"origin":[16.775,7.975,8.675],"angle":0,"axis":"x"},"from":[18.725,7.56533,8.375],"faces":{"west":{"uv":[6,11.5,6.25,12.25],"texture":"#5"},"north":{"uv":[1.71875,10,0.34375,13],"texture":"#1"},"south":{"uv":[0.3125,10,1.6875,13],"texture":"#1"}}},{"to":[18.93602,8.38589,8.47501],"rotation":{"origin":[18.74852,7.87175,8.00001],"angle":-22.5,"axis":"z"},"from":[18.88602,7.35762,7.52501],"faces":{"west":{"rotation":180,"uv":[2.75,7.75,10.25,15.25],"texture":"#1"},"east":{"uv":[3,8,10,15],"texture":"#1"}}},{"to":[9.6,8.275,8.23467],"rotation":{"origin":[9.1,7.975,8.175],"angle":0,"axis":"x"},"from":[6.1,8.175,7.76533],"faces":{"down":{"rotation":180,"uv":[0,8,16,8.25],"texture":"#5"},"east":{"rotation":180,"uv":[4.5,12,5.25,12.25],"texture":"#5"},"up":{"rotation":180,"uv":[0,3.75,4.5,4.5],"texture":"#5"}}},{"to":[18.725,8.275,8.23467],"rotation":{"origin":[9.1,7.975,8.175],"angle":22.5,"axis":"x"},"from":[6.1,8.175,8.11533],"faces":{"down":{"rotation":180,"uv":[0,8,16,8.25],"texture":"#5"},"north":{"rotation":180,"uv":[2.75,12.25,10.75,12.5],"texture":"#5"},"up":{"rotation":180,"uv":[0,4.5,16,4.75],"texture":"#5"}}},{"to":[19.1185,8.275,8.23467],"rotation":{"origin":[16.825,7.975,8.175],"angle":22.5,"axis":"x"},"from":[18.725,8.175,8.11533],"faces":{"down":{"uv":[4.46875,5.1875,6.46875,5.6875],"texture":"#1"},"north":{"rotation":180,"uv":[8.375,11.21875,10.375,11.71875],"texture":"#1"},"up":{"uv":[0,7,2,7.5],"texture":"#1"}}},{"to":[18.4,7.83978,7.9],"rotation":{"origin":[9.1,7.8,8],"angle":-45,"axis":"x"},"from":[10.1,7.76022,7.8],"faces":{"east":{"uv":[5,11.75,4.75,12],"texture":"#5"},"north":{"uv":[16,5,0,5.25],"texture":"#5"},"south":{"uv":[4,11.75,3.75,12],"texture":"#5"}}},{"to":[18.4,7.83978,7.9],"rotation":{"origin":[9.1,7.8,8],"angle":-22.5,"axis":"x"},"from":[10.1,7.76022,7.8],"faces":{"east":{"uv":[5,11.75,4.75,12],"texture":"#5"},"north":{"uv":[16,12.25,0,12.5],"texture":"#5"},"south":{"uv":[4,11.75,3.75,12],"texture":"#5"}}},{"to":[18.4,7.83978,7.9],"rotation":{"origin":[9.1,7.8,8],"angle":0,"axis":"x"},"from":[10.1,7.76022,7.8],"faces":{"east":{"uv":[1.5,12,1.25,12.25],"texture":"#5"},"north":{"uv":[0,4.75,16,5],"texture":"#5"},"south":{"uv":[4,11.75,3.75,12],"texture":"#5"}}},{"to":[18.4,7.83978,7.9],"rotation":{"origin":[9.1,7.8,8],"angle":22.5,"axis":"x"},"from":[10.1,7.76022,7.8],"faces":{"east":{"uv":[1.5,12,1.25,12.25],"texture":"#5"},"north":{"uv":[0,4.75,16,5],"texture":"#5"},"south":{"uv":[6.75,11.5,6.5,11.75],"texture":"#5"}}},{"to":[18.4,7.83978,7.9],"rotation":{"origin":[9.1,7.8,8],"angle":45,"axis":"x"},"from":[10.1,7.76022,7.8],"faces":{"east":{"rotation":270,"uv":[1.5,11.75,1.25,12.25],"texture":"#5"},"north":{"uv":[0,12.25,16,12.5],"texture":"#5"},"south":{"uv":[5.75,9.75,5.5,10],"texture":"#5"}}},{"to":[18.4,7.83978,8.2],"rotation":{"origin":[9.1,7.8,8],"angle":-45,"axis":"x"},"from":[10.1,7.76022,8.1],"faces":{"east":{"rotation":90,"uv":[1.5,11.75,1.25,12.25],"texture":"#5"},"north":{"uv":[5.75,9.75,5.5,10],"texture":"#5"},"south":{"uv":[0,12.25,16,12.5],"texture":"#5"}}},{"to":[18.4,7.83978,8.2],"rotation":{"origin":[9.1,7.8,8],"angle":-22.5,"axis":"x"},"from":[10.1,7.76022,8.1],"faces":{"east":{"uv":[1.5,12,1.25,12.25],"texture":"#5"},"north":{"uv":[6.75,11.5,6.5,11.75],"texture":"#5"},"south":{"uv":[0,4.75,16,5],"texture":"#5"}}},{"to":[18.4,7.83978,8.2],"rotation":{"origin":[9.1,7.8,8],"angle":0,"axis":"x"},"from":[10.1,7.76022,8.1],"faces":{"east":{"uv":[1.5,12,1.25,12.25],"texture":"#5"},"north":{"uv":[4,11.75,3.75,12],"texture":"#5"},"south":{"uv":[0,4.75,16,5],"texture":"#5"}}},{"to":[18.4,7.83978,8.2],"rotation":{"origin":[9.1,7.8,8],"angle":22.5,"axis":"x"},"from":[10.1,7.76022,8.1],"faces":{"east":{"uv":[5,11.75,4.75,12],"texture":"#5"},"north":{"uv":[4,11.75,3.75,12],"texture":"#5"},"south":{"uv":[16,12,0,12.25],"texture":"#5"}}},{"to":[18.4,7.83978,8.2],"rotation":{"origin":[9.1,7.8,8],"angle":45,"axis":"x"},"from":[10.1,7.76022,8.1],"faces":{"east":{"uv":[5,11.75,4.75,12],"texture":"#5"},"north":{"uv":[4,11.75,3.75,12],"texture":"#5"},"south":{"uv":[16,5,0,5.25],"texture":"#5"}}},{"to":[18.4,7.7,8.03978],"rotation":{"origin":[9.1,7.8,8],"angle":-22.5,"axis":"x"},"from":[10.1,7.6,7.96022],"faces":{"down":{"uv":[16,5.5,0,5.75],"texture":"#5"},"east":{"uv":[5,11.75,4.75,12],"texture":"#5"},"up":{"uv":[3.5,12,3.25,12.25],"texture":"#5"}}},{"to":[18.4,7.7,8.03978],"rotation":{"origin":[9.1,7.8,8],"angle":0,"axis":"x"},"from":[10.1,7.6,7.96022],"faces":{"down":{"uv":[16,8,0,8.25],"texture":"#5"},"east":{"uv":[5,11.75,4.75,12],"texture":"#5"},"up":{"uv":[4.75,12.25,4.5,12.5],"texture":"#5"}}},{"to":[18.4,7.7,8.03978],"rotation":{"origin":[9.1,7.8,8],"angle":22.5,"axis":"x"},"from":[10.1,7.6,7.96022],"faces":{"down":{"uv":[16,5.5,0,5.75],"texture":"#5"},"east":{"uv":[5,11.75,4.75,12],"texture":"#5"},"up":{"uv":[3.5,12,3.25,12.25],"texture":"#5"}}},{"to":[18.4,8,8.03978],"rotation":{"origin":[9.1,7.8,8],"angle":-22.5,"axis":"x"},"from":[10.1,7.9,7.96022],"faces":{"down":{"uv":[5.5,8.25,5.25,8.5],"texture":"#5"},"east":{"rotation":180,"uv":[2.75,11.75,2.5,12.25],"texture":"#5"},"up":{"uv":[0,4.75,16,5],"texture":"#5"}}},{"to":[18.4,8,8.03978],"rotation":{"origin":[9.1,7.8,8],"angle":0,"axis":"x"},"from":[10.1,7.9,7.96022],"faces":{"down":{"uv":[5.5,8.25,5.25,8.5],"texture":"#5"},"east":{"rotation":180,"uv":[2.75,11.75,2.5,12.25],"texture":"#5"},"up":{"uv":[0,3.75,16,4],"texture":"#5"}}},{"to":[18.4,8,8.03978],"rotation":{"origin":[9.1,7.8,8],"angle":22.5,"axis":"x"},"from":[10.1,7.9,7.96022],"faces":{"down":{"uv":[5.5,8.25,5.25,8.5],"texture":"#5"},"east":{"rotation":180,"uv":[2.75,11.75,2.5,12.25],"texture":"#5"},"up":{"uv":[0,4.75,16,5],"texture":"#5"}}},{"to":[10.75,7.625,8.14782],"rotation":{"origin":[10.55,5.4,8],"angle":-22.5,"axis":"x"},"from":[10.35,7.4,7.85218],"faces":{"west":{"uv":[4.25,5,4.75,5.5],"texture":"#5"},"east":{"uv":[4.25,4.75,4.75,5.25],"texture":"#5"},"north":{"rotation":270,"uv":[8.25,2,8.75,2.75],"texture":"#5"},"up":{"rotation":270,"uv":[4.75,11.5,5.25,12.25],"texture":"#4"},"south":{"rotation":270,"uv":[7.25,5.75,7.75,6.5],"texture":"#5"}}},{"to":[11.175,5.65,8.25],"rotation":{"origin":[10.475,7.15,8.14782],"angle":0,"axis":"x"},"from":[9.925,5.15,7.75],"faces":{"north":{"rotation":180,"uv":[7.75,7.75,8,8.75],"texture":"#5"},"west":{"rotation":90,"uv":[0,9,1,10],"texture":"#4"},"up":{"rotation":180,"uv":[1.25,4.25,1.5,5.25],"texture":"#5"},"down":{"rotation":180,"uv":[7.75,7.75,8.75,8],"texture":"#5"},"east":{"uv":[0,4.75,1,5.75],"texture":"#5"},"south":{"uv":[7.75,7.25,8,8.25],"texture":"#5"}}},{"to":[11.076,5.79782,10],"rotation":{"origin":[10.525,5.4,8],"angle":0,"axis":"x"},"from":[9.974,5.00218,6],"faces":{"west":{"rotation":180,"uv":[0,0,16,3],"texture":"#0"},"east":{"uv":[0,9.5,16,12.5],"texture":"#0"},"north":{"rotation":90,"uv":[4.5,12.5,1.5,16],"texture":"#0"},"south":{"rotation":90,"uv":[4.5,16,1.5,12.5],"texture":"#0"}}},{"to":[11.125,5.7,8.9],"rotation":{"origin":[10.475,7.15,8.09782],"angle":0,"axis":"x"},"from":[11.025,5.1,7.1],"faces":{"down":{"rotation":90,"uv":[6.5,8,10.25,8.25],"texture":"#5"},"east":{"uv":[3.25,4.75,7,6],"texture":"#5"},"north":{"rotation":180,"uv":[12.25,10,12.5,11.25],"texture":"#5"},"up":{"rotation":90,"uv":[10.5,4.75,14.25,5],"texture":"#5"},"south":{"rotation":180,"uv":[12.25,10,12.5,11.25],"texture":"#5"}}},{"to":[11.075,5.79782,10],"rotation":{"origin":[10.525,5.4,8],"angle":-22.5,"axis":"x"},"from":[9.975,5.00218,6],"faces":{"west":{"rotation":180,"uv":[0,6,16,3],"texture":"#0"},"east":{"uv":[0,6,16,9],"texture":"#0"},"north":{"rotation":90,"uv":[3,12.5,0,16],"texture":"#0"},"south":{"rotation":90,"uv":[7,16,4,12.5],"texture":"#0"}}},{"to":[11.0755,5.79782,10],"rotation":{"origin":[10.525,5.4,8],"angle":-45,"axis":"x"},"from":[9.9745,5.00218,6],"faces":{"west":{"rotation":180,"uv":[0,3,16,6],"texture":"#0"},"east":{"uv":[0,9.5,16,6.5],"texture":"#0"},"north":{"rotation":90,"uv":[1.5,12.5,0,16],"texture":"#0"},"south":{"rotation":90,"uv":[9.5,16,6.5,12.5],"texture":"#0"}}},{"to":[11.075,7.4,8.39782],"rotation":{"origin":[10.525,5.4,8],"angle":22.5,"axis":"x"},"from":[9.975,3.4,7.60218],"faces":{"down":{"rotation":90,"uv":[0,16,0.5,12.5],"texture":"#0"},"west":{"rotation":90,"uv":[0,6,16,3],"texture":"#0"},"east":{"rotation":90,"uv":[0,6,16,9],"texture":"#0"},"up":{"rotation":90,"uv":[12,16,9,12.5],"texture":"#0"}}},{"to":[11.1,7.4,8.625],"rotation":{"origin":[10.55,5.4,7.02282],"angle":0,"axis":"x"},"from":[9.95,6.3,7.375],"faces":{"north":{"rotation":180,"uv":[0.25,9,2,11],"texture":"#4"},"west":{"rotation":180,"uv":[0.25,9,2.5,11],"texture":"#4"},"up":{"rotation":180,"uv":[6.25,4.75,8,5],"texture":"#5"},"down":{"rotation":180,"uv":[6.75,10.25,7,10.5],"texture":"#5"},"east":{"rotation":180,"uv":[0.25,9,2.5,11],"texture":"#4"},"south":{"rotation":180,"uv":[0.25,9,2,11],"texture":"#4"}}},{"to":[11.0755,5.79782,10],"rotation":{"origin":[10.525,5.4,8],"angle":45,"axis":"x"},"from":[9.9745,5.00218,6],"faces":{"west":{"uv":[0,3,16,6],"texture":"#0"},"east":{"rotation":180,"uv":[0,6.5,16,9.5],"texture":"#0"},"north":{"rotation":90,"uv":[9.5,12.5,6.5,16],"texture":"#0"},"south":{"rotation":90,"uv":[1.5,16,0,12.5],"texture":"#0"}}},{"to":[11.075,7.4,8.39782],"rotation":{"origin":[10.525,5.4,8],"angle":-22.5,"axis":"x"},"from":[9.975,3.4,7.60218],"faces":{"down":{"rotation":90,"uv":[0,16,0.5,12.5],"texture":"#0"},"west":{"rotation":90,"uv":[0,6,16,3],"texture":"#0"},"east":{"rotation":90,"uv":[0,9,16,6],"texture":"#0"},"up":{"rotation":90,"uv":[9,16,12,12.5],"texture":"#0"}}},{"to":[11.075,5.79782,10],"rotation":{"origin":[10.525,5.4,8],"angle":22.5,"axis":"x"},"from":[9.975,5.00218,6],"faces":{"west":{"uv":[0,6,16,3],"texture":"#0"},"east":{"rotation":180,"uv":[0,9.5,16,6.5],"texture":"#0"},"north":{"rotation":90,"uv":[7,12.5,4,16],"texture":"#0"},"south":{"rotation":90,"uv":[3,16,0,12.5],"texture":"#0"}}},{"to":[11.07625,7.4,8.39782],"rotation":{"origin":[10.525,5.4,8],"angle":0,"axis":"x"},"from":[9.97475,3.4,7.60218],"faces":{"down":{"rotation":90,"uv":[0,16,0.5,12.5],"texture":"#0"},"west":{"rotation":90,"uv":[0,3,16,6],"texture":"#0"},"east":{"rotation":90,"uv":[0,6,16,9],"texture":"#0"}}}],"display":{"thirdperson_righthand":{"rotation":[0,100,0],"translation":[-0.5,1.25,-0.25]},"head":{"scale":[2,2,2]},"thirdperson_lefthand":{"rotation":[0,90,0],"translation":[-1,-3.5,9]},"gui":{"rotation":[0,0,45],"translation":[-0.75,1.75,0]},"firstperson_lefthand":{"scale":[0,0,0]},"firstperson_righthand":{"rotation":[0,90,0],"scale":[2,2,2],"translation":[0.5,1,-2.25]},"fixed":{"rotation":[0,-180,0],"scale":[2,2,2],"translation":[0,3.5,-4.25]},"ground":{"translation":[0,1,0]}}}