{"textures":{"particle":"mgs:gun/brass","1":"mgs:gun/metal_bright","0":"mgs:gun/ppshdetails","3":"mgs:gun/copper","2":"mgs:gun/metal","4":"mgs:gun/brass"},"gui_light":"front","elements":[{"to":[9.09285,23.28868,8.29351],"rotation":{"origin":[7.98314,8.95251,7.54182],"angle":-22.5,"axis":"x"},"from":[6.13285,21.62368,6.10577],"faces":{"west":{"uv":[4.25,4.75,4.75,5.25],"texture":"#2"},"east":{"uv":[4.25,4.5,4.75,5],"texture":"#2"},"north":{"rotation":270,"uv":[8.25,2,8.75,2.75],"texture":"#2"},"up":{"rotation":270,"uv":[4.75,11.5,5.25,12.25],"texture":"#1"},"south":{"rotation":270,"uv":[8.25,2,8.75,2.75],"texture":"#2"}}},{"to":[12.42285,8.70476,9.89036],"rotation":{"origin":[8,7.83023,8.04035],"angle":0,"axis":"x"},"from":[3.17285,5.00476,6.19036],"faces":{"north":{"rotation":180,"uv":[7.75,7.75,8,8.75],"texture":"#2"},"west":{"rotation":90,"uv":[0,9,1,10],"texture":"#1"},"up":{"rotation":180,"uv":[1.25,4.25,1.5,5.25],"texture":"#2"},"down":{"rotation":180,"uv":[7.75,7.75,8.75,8],"texture":"#2"},"east":{"uv":[0,4.75,1,5.75],"texture":"#2"},"south":{"uv":[7.75,7.25,8,8.25],"texture":"#2"}}},{"to":[11.69025,9.79862,22.84036],"rotation":{"origin":[8,7.83023,8.04035],"angle":0,"axis":"x"},"from":[3.53545,3.91089,-6.75964],"faces":{"west":{"rotation":180,"uv":[0,0,16,3],"texture":"#0"},"east":{"uv":[0,9.5,16,12.5],"texture":"#0"},"north":{"rotation":90,"uv":[4.5,12.5,1.5,16],"texture":"#0"},"south":{"rotation":90,"uv":[4.5,16,1.5,12.5],"texture":"#0"}}},{"to":[12.05285,9.07476,14.70036],"rotation":{"origin":[8,7.83023,8.04035],"angle":0,"axis":"x"},"from":[11.31285,4.63476,1.38036],"faces":{"down":{"rotation":90,"uv":[6.5,8,10.25,8.25],"texture":"#2"},"east":{"uv":[3.25,4.75,7,6],"texture":"#2"},"north":{"rotation":180,"uv":[12.25,10,12.5,11.25],"texture":"#2"},"up":{"rotation":90,"uv":[10.5,4.75,14.25,5],"texture":"#2"},"south":{"rotation":180,"uv":[12.25,10,12.5,11.25],"texture":"#2"}}},{"to":[11.68285,9.87289,22.46707],"rotation":{"origin":[8,7.83023,8.04035],"angle":-22.5,"axis":"x"},"from":[3.54285,3.98516,-7.13293],"faces":{"west":{"rotation":180,"uv":[0,6,16,3],"texture":"#0"},"east":{"uv":[0,6,16,9],"texture":"#0"},"north":{"rotation":90,"uv":[3,12.5,0,16],"texture":"#0"},"south":{"rotation":90,"uv":[7,16,4,12.5],"texture":"#0"}}},{"to":[11.68655,10.08439,22.15061],"rotation":{"origin":[8,7.83023,8.04035],"angle":-45,"axis":"x"},"from":[3.53915,4.19665,-7.44939],"faces":{"west":{"rotation":180,"uv":[0,3,16,6],"texture":"#0"},"east":{"uv":[0,9.5,16,6.5],"texture":"#0"},"north":{"rotation":90,"uv":[1.5,12.5,0,16],"texture":"#0"},"south":{"rotation":90,"uv":[9.5,16,6.5,12.5],"texture":"#0"}}},{"to":[11.68285,21.72901,11.35748],"rotation":{"origin":[8,7.83023,8.04035],"angle":22.5,"axis":"x"},"from":[3.54285,-7.87099,5.46975],"faces":{"down":{"rotation":90,"uv":[0,16,0.5,12.5],"texture":"#0"},"west":{"rotation":90,"uv":[0,6,16,3],"texture":"#0"},"east":{"rotation":90,"uv":[0,6,16,9],"texture":"#0"},"up":{"rotation":90,"uv":[12,16,9,12.5],"texture":"#0"}}},{"to":[11.86785,21.65476,12.66536],"rotation":{"origin":[8,7.83023,8.04035],"angle":0,"axis":"x"},"from":[3.35785,13.51476,3.41536],"faces":{"north":{"rotation":180,"uv":[0.25,9,2,11],"texture":"#1"},"west":{"rotation":180,"uv":[6.75,9.5,9,11.5],"texture":"#1"},"up":{"rotation":180,"uv":[6.25,4.75,8.25,7],"texture":"#1"},"down":{"rotation":180,"uv":[6.75,10.25,7,10.5],"texture":"#2"},"east":{"rotation":180,"uv":[5,9.5,7.25,11.5],"texture":"#1"},"south":{"rotation":180,"uv":[0.25,9,2,11],"texture":"#1"}}},{"to":[3.36785,20.65476,8.875],"rotation":{"origin":[8,7.83023,7.74999],"angle":0,"axis":"x"},"from":[2.65785,15.51476,7.125],"faces":{"down":{"rotation":180,"uv":[6.75,10.25,7,10.5],"texture":"#2"},"west":{"rotation":180,"uv":[6.75,10.25,7.5,11.75],"texture":"#1"},"north":{"rotation":180,"uv":[4,9.75,4.25,11.25],"texture":"#1"},"up":{"rotation":180,"uv":[11.75,12,12,12.75],"texture":"#1"},"south":{"rotation":180,"uv":[4,9.75,4.25,11.25],"texture":"#1"}}},{"to":[11.56785,21.656,9.16536],"rotation":{"origin":[8,7.83023,8.04035],"angle":0,"axis":"x"},"from":[3.65785,21.016,6.71536],"faces":{"up":{"rotation":180,"uv":[1.5,8,3.25,8.25],"texture":"#2"}}},{"to":[11.86785,22.65476,9.56536],"rotation":{"origin":[8,7.87023,7.94035],"angle":0,"axis":"x"},"from":[3.35785,21.65476,9.11536],"faces":{"west":{"rotation":180,"uv":[5.75,10.75,6,11],"texture":"#1"},"east":{"rotation":180,"uv":[5.75,10.75,6,11],"texture":"#1"},"north":{"rotation":180,"uv":[6,5.5,7.75,5.75],"texture":"#2"},"up":{"rotation":180,"uv":[6.25,4.75,8,5],"texture":"#2"},"south":{"rotation":180,"uv":[0.25,12,2,12.25],"texture":"#2"}}},{"to":[11.86785,22.65476,6.88464],"rotation":{"origin":[8,7.87023,8.05965],"angle":0,"axis":"x"},"from":[3.35785,21.65476,6.43464],"faces":{"west":{"rotation":180,"uv":[6,10.75,5.75,11],"texture":"#1"},"east":{"rotation":180,"uv":[6,10.75,5.75,11],"texture":"#1"},"north":{"rotation":180,"uv":[0.75,12,2.5,12.25],"texture":"#2"},"up":{"rotation":180,"uv":[6.25,5,8,4.75],"texture":"#2"},"south":{"rotation":180,"uv":[7.75,5.5,6,5.75],"texture":"#2"}}},{"to":[8.24285,23.53059,9.39114],"rotation":{"origin":[5.80035,23.03059,9.16614],"angle":-22.5,"axis":"x"},"from":[3.35785,22.53059,8.94114],"faces":{"west":{"rotation":180,"uv":[5.75,10.75,6,11],"texture":"#1"},"east":{"rotation":180,"uv":[5.75,10.75,6,11],"texture":"#1"},"north":{"rotation":180,"uv":[6,5.5,7.75,5.75],"texture":"#2"},"up":{"rotation":180,"uv":[6.25,4.75,8,5],"texture":"#2"},"south":{"rotation":180,"uv":[4.75,12,5.75,12.25],"texture":"#2"}}},{"to":[8.24285,24.1583,1.10315],"rotation":{"origin":[8,8.37377,2.27816],"angle":22.5,"axis":"x"},"from":[3.35785,23.1583,0.65315],"faces":{"west":{"rotation":180,"uv":[6,10.75,5.75,11],"texture":"#1"},"east":{"rotation":180,"uv":[6,10.75,5.75,11],"texture":"#1"},"north":{"rotation":180,"uv":[4.75,12,5.75,12.25],"texture":"#2"},"up":{"rotation":180,"uv":[6.25,5,8,4.75],"texture":"#2"},"south":{"rotation":180,"uv":[7.75,5.5,6,5.75],"texture":"#2"}}},{"to":[11.68655,10.08436,23.53005],"rotation":{"origin":[8,7.83023,8.04035],"angle":45,"axis":"x"},"from":[3.53915,4.19663,-6.06995],"faces":{"west":{"uv":[0,3,16,6],"texture":"#0"},"east":{"rotation":180,"uv":[0,6.5,16,9.5],"texture":"#0"},"north":{"rotation":90,"uv":[9.5,12.5,6.5,16],"texture":"#0"},"south":{"rotation":90,"uv":[1.5,16,0,12.5],"texture":"#0"}}},{"to":[11.68285,21.72903,10.61094],"rotation":{"origin":[8,7.83023,8.04035],"angle":-22.5,"axis":"x"},"from":[3.54285,-7.87097,4.7232],"faces":{"down":{"rotation":90,"uv":[0,16,0.5,12.5],"texture":"#0"},"west":{"rotation":90,"uv":[0,6,16,3],"texture":"#0"},"east":{"rotation":90,"uv":[0,9,16,6],"texture":"#0"},"up":{"rotation":90,"uv":[9,16,12,12.5],"texture":"#0"}}},{"to":[11.68285,9.87288,23.21362],"rotation":{"origin":[8,7.83023,8.04035],"angle":22.5,"axis":"x"},"from":[3.54285,3.98515,-6.38638],"faces":{"west":{"uv":[0,6,16,3],"texture":"#0"},"east":{"rotation":180,"uv":[0,9.5,16,6.5],"texture":"#0"},"north":{"rotation":90,"uv":[7,12.5,4,16],"texture":"#0"},"south":{"rotation":90,"uv":[3,16,0,12.5],"texture":"#0"}}},{"to":[11.6921,21.65476,10.98422],"rotation":{"origin":[8,7.83023,8.04035],"angle":0,"axis":"x"},"from":[3.541,-7.94524,5.09649],"faces":{"down":{"rotation":90,"uv":[0,16,0.5,12.5],"texture":"#0"},"west":{"rotation":90,"uv":[0,3,16,6],"texture":"#0"},"east":{"rotation":90,"uv":[0,6,16,9],"texture":"#0"}}},{"to":[3.9078,23.5575,8.20538],"rotation":{"origin":[3.81924,23.965,8],"angle":0,"axis":"y"},"from":[3.73068,21.4925,7.79462],"faces":{"down":{"rotation":180,"uv":[6.25,8,6.75,8.25],"texture":"#2"},"west":{"uv":[8.25,4,8.75,6],"texture":"#2"},"east":{"uv":[12.5,7.5,13,8],"texture":"#2"},"up":{"rotation":180,"uv":[3.5,3.75,4,4.25],"texture":"#2"}}},{"to":[3.81812,22.997,8.09389],"rotation":{"origin":[6.80205,7.445,8],"angle":0,"axis":"y"},"from":[3.70012,22.053,7.90612],"faces":{"down":{"uv":[9.5,8,9.75,8.25],"texture":"#4"},"west":{"uv":[6.25,4.5,6.75,5.25],"texture":"#4"},"up":{"uv":[3.25,4,3.5,4.5],"texture":"#4"}}},{"to":[8.00018,23.5575,8.20538],"rotation":{"origin":[5.99405,7.445,8],"angle":0,"axis":"y"},"from":[4.13218,21.4925,7.79462],"faces":{"down":{"rotation":180,"uv":[5.5,7.75,7.5,8.25],"texture":"#2"},"west":{"uv":[12.5,7.5,13,8],"texture":"#2"},"east":{"uv":[5.25,10.5,5.75,11],"texture":"#2"},"up":{"uv":[2,3.25,4,3.75],"texture":"#2"}}},{"to":[8.64998,23.42825,8.20538],"rotation":{"origin":[8.26598,23.19575,8],"angle":-22.5,"axis":"z"},"from":[7.88198,22.96325,7.79462],"faces":{"north":{"uv":[8,3.25,8.5,3.75],"texture":"#2"},"up":{"uv":[8,3.25,8.5,3.75],"texture":"#2"},"south":{"uv":[8,3.25,8.5,3.75],"texture":"#2"}}},{"to":[8.64998,22.08675,8.20538],"rotation":{"origin":[8.26598,21.85425,8],"angle":22.5,"axis":"z"},"from":[7.88198,21.62175,7.79462],"faces":{"down":{"uv":[8,3.75,8.5,3.25],"texture":"#2"},"north":{"uv":[8,3.75,8.5,3.25],"texture":"#2"},"south":{"uv":[8,3.75,8.5,3.25],"texture":"#2"}}},{"to":[8.64998,22.73038,8.90325],"rotation":{"origin":[8.26598,22.525,8.67075],"angle":22.5,"axis":"y"},"from":[7.88198,22.31962,8.43825],"faces":{"down":{"rotation":180,"uv":[8,3.75,8.5,3.25],"texture":"#2"},"up":{"uv":[8,3.75,8.5,3.25],"texture":"#2"},"south":{"uv":[8,3.75,8.5,3.25],"texture":"#2"}}},{"to":[8.64998,22.73038,7.56175],"rotation":{"origin":[8.26598,22.525,7.32925],"angle":-22.5,"axis":"y"},"from":[7.88198,22.31962,7.09675],"faces":{"down":{"rotation":180,"uv":[8,3.25,8.5,3.75],"texture":"#2"},"north":{"rotation":180,"uv":[8,3.25,8.5,3.75],"texture":"#2"},"up":{"uv":[8,3.25,8.5,3.75],"texture":"#2"}}},{"to":[8.00018,22.90363,4.91813],"rotation":{"origin":[6.02018,13.935,8],"angle":22.5,"axis":"x"},"from":[4.13218,20.83863,4.50737],"faces":{"down":{"rotation":180,"uv":[3,9,5,9.5],"texture":"#2"},"west":{"uv":[12.5,7.5,13,8],"texture":"#2"},"east":{"uv":[5.25,10.5,5.75,11],"texture":"#2"},"up":{"uv":[2,3.75,4,4.25],"texture":"#2"}}},{"to":[8.00018,22.90363,11.49263],"rotation":{"origin":[6.02018,13.935,8],"angle":-22.5,"axis":"x"},"from":[4.13218,20.83863,11.08187],"faces":{"down":{"rotation":180,"uv":[3.5,8,5.5,8.5],"texture":"#2"},"west":{"uv":[12.5,7.5,13,8],"texture":"#2"},"east":{"uv":[5.25,10.5,5.75,11],"texture":"#2"},"up":{"uv":[0,3.25,2,3.75],"texture":"#2"}}},{"to":[8.00018,21.04155,2.13133],"rotation":{"origin":[6.02018,13.935,8],"angle":45,"axis":"x"},"from":[4.13218,18.97655,1.72057],"faces":{"down":{"rotation":180,"uv":[5.75,5.5,7.75,6],"texture":"#2"},"west":{"uv":[12.5,7.5,13,8],"texture":"#2"},"east":{"uv":[5.25,10.5,5.75,11],"texture":"#2"},"up":{"uv":[5.25,4.25,7.25,4.75],"texture":"#2"}}},{"to":[8.00018,21.04155,14.27943],"rotation":{"origin":[6.02018,13.935,8],"angle":-45,"axis":"x"},"from":[4.13218,18.97655,13.86867],"faces":{"down":{"uv":[4.5,5.5,6.5,6],"texture":"#2"},"west":{"uv":[12.5,7.5,13,8],"texture":"#2"},"east":{"uv":[5.25,10.5,5.75,11],"texture":"#2"},"up":{"rotation":180,"uv":[1.25,4.25,3.25,4.75],"texture":"#2"}}},{"to":[8.00018,22.07651,12.31975],"rotation":{"origin":[6.02018,13.935,8],"angle":-22.5,"axis":"x"},"from":[4.13218,21.66575,10.25475],"faces":{"west":{"rotation":90,"uv":[12.5,7.5,13,8],"texture":"#2"},"east":{"uv":[5.25,10.5,5.75,11],"texture":"#2"},"north":{"uv":[6.25,5,8.25,5.5],"texture":"#2"},"south":{"uv":[5.25,4.75,7.25,5.25],"texture":"#2"}}},{"to":[8.00018,22.07651,5.74525],"rotation":{"origin":[6.02018,13.935,8],"angle":22.5,"axis":"x"},"from":[4.13218,21.66575,3.68025],"faces":{"west":{"rotation":270,"uv":[12.5,7.5,13,8],"texture":"#2"},"east":{"uv":[5.25,10.5,5.75,11],"texture":"#2"},"north":{"uv":[5.25,4.75,7.25,5.25],"texture":"#2"},"south":{"uv":[6.25,5,8.25,5.5],"texture":"#2"}}},{"to":[8.00018,22.73038,9.0325],"rotation":{"origin":[5.99405,7.445,8],"angle":0,"axis":"y"},"from":[4.13218,22.31962,6.9675],"faces":{"west":{"uv":[12.5,7.5,13,8],"texture":"#2"},"east":{"uv":[5.25,10.5,5.75,11],"texture":"#2"},"north":{"uv":[3,12.25,5,12.75],"texture":"#2"},"south":{"uv":[0,12,2,12.5],"texture":"#2"}}},{"to":[10.21135,23.3274,8.1596],"rotation":{"origin":[7.93494,9.707,8],"angle":0,"axis":"y"},"from":[9.28485,21.7226,7.8404],"faces":{"down":{"rotation":180,"uv":[7.75,8,8.25,8.25],"texture":"#3"},"east":{"uv":[11,7.5,11.5,8],"texture":"#3"},"up":{"uv":[3.25,4,3.75,4.25],"texture":"#3"}}},{"to":[10.21135,22.77161,10.95377],"rotation":{"origin":[9.38643,15.2235,8],"angle":-22.5,"axis":"x"},"from":[9.28485,21.16681,10.63456],"faces":{"down":{"rotation":180,"uv":[4.25,8,4.75,8.25],"texture":"#3"},"east":{"uv":[11,7.5,11.5,8],"texture":"#3"},"up":{"uv":[7.5,4.25,8,4.5],"texture":"#3"}}},{"to":[10.21135,22.77161,5.36544],"rotation":{"origin":[9.38643,15.2235,8],"angle":22.5,"axis":"x"},"from":[9.28485,21.16681,5.04623],"faces":{"down":{"uv":[4.25,8,4.75,8.25],"texture":"#3"},"east":{"uv":[11,7.5,11.5,8],"texture":"#3"},"up":{"uv":[5.5,4.25,6,4.5],"texture":"#3"}}},{"to":[10.21135,21.18884,13.32255],"rotation":{"origin":[9.38643,15.2235,8],"angle":-45,"axis":"x"},"from":[9.28485,19.58404,13.00333],"faces":{"down":{"rotation":180,"uv":[2.75,9.25,3.25,9.5],"texture":"#3"},"east":{"uv":[11,7.5,11.5,8],"texture":"#3"},"up":{"rotation":180,"uv":[6.5,4.75,7,5],"texture":"#3"}}},{"to":[10.21135,21.18884,2.99667],"rotation":{"origin":[9.38643,15.2235,8],"angle":45,"axis":"x"},"from":[9.28485,19.58404,2.67745],"faces":{"down":{"rotation":180,"uv":[2.75,9.25,3.25,9.75],"texture":"#3"},"east":{"uv":[11,7.5,11.5,8],"texture":"#3"},"up":{"uv":[8.5,4.75,9,5],"texture":"#3"}}},{"to":[10.21135,22.12882,6.00824],"rotation":{"origin":[9.38643,15.2235,8],"angle":22.5,"axis":"x"},"from":[9.28485,21.80961,4.40344],"faces":{"east":{"rotation":90,"uv":[11,7.5,11.5,8],"texture":"#3"},"north":{"rotation":180,"uv":[5.5,11.5,6,11.75],"texture":"#3"},"south":{"rotation":180,"uv":[1.25,9.75,1.75,10],"texture":"#3"}}},{"to":[10.21135,22.12882,11.59656],"rotation":{"origin":[9.38643,15.2235,8],"angle":-22.5,"axis":"x"},"from":[9.28485,21.80961,9.99176],"faces":{"east":{"rotation":270,"uv":[11,7.5,11.5,8],"texture":"#3"},"north":{"rotation":180,"uv":[2.5,10,3,10.5],"texture":"#3"},"south":{"rotation":180,"uv":[5.5,11.5,6,11.75],"texture":"#3"}}},{"to":[10.21135,22.6846,8.8024],"rotation":{"origin":[7.93494,9.707,8],"angle":0,"axis":"y"},"from":[9.28485,22.3654,7.1976],"faces":{"east":{"uv":[11,7.5,11.5,8],"texture":"#3"},"north":{"rotation":180,"uv":[5.5,11,6,11.25],"texture":"#3"},"south":{"rotation":180,"uv":[5.5,11,6,11.25],"texture":"#3"}}},{"to":[10.51225,23.27725,8.14963],"rotation":{"origin":[7.93494,9.707,8],"angle":0,"axis":"y"},"from":[10.21135,21.77275,7.85037],"faces":{"down":{"rotation":180,"uv":[7.75,8,8.25,8.25],"texture":"#3"},"east":{"uv":[11,7.5,11.5,8],"texture":"#3"},"up":{"uv":[3.25,4,3.75,4.25],"texture":"#3"}}},{"to":[10.51225,22.72146,5.35546],"rotation":{"origin":[10.1136,15.2235,8],"angle":22.5,"axis":"x"},"from":[10.21135,21.21696,5.05621],"faces":{"down":{"uv":[4.25,8,4.75,8.25],"texture":"#3"},"east":{"uv":[11,7.5,11.5,8],"texture":"#3"},"up":{"uv":[12.75,2.25,13.25,2.5],"texture":"#3"}}},{"to":[10.51225,22.72146,10.94379],"rotation":{"origin":[10.1136,15.2235,8],"angle":-22.5,"axis":"x"},"from":[10.21135,21.21696,10.64454],"faces":{"down":{"rotation":180,"uv":[4.25,8,4.75,8.25],"texture":"#3"},"east":{"uv":[11,7.5,11.5,8],"texture":"#3"},"up":{"uv":[8.5,4.25,9,4.5],"texture":"#3"}}},{"to":[10.51225,21.13869,2.98669],"rotation":{"origin":[10.1136,15.2235,8],"angle":45,"axis":"x"},"from":[10.21135,19.63419,2.68743],"faces":{"down":{"rotation":180,"uv":[2.75,9.25,3.25,9.75],"texture":"#3"},"east":{"uv":[11,7.5,11.5,8],"texture":"#3"},"up":{"uv":[9.25,4.75,9.75,5],"texture":"#3"}}},{"to":[10.51225,21.13869,13.31257],"rotation":{"origin":[10.1136,15.2235,8],"angle":-45,"axis":"x"},"from":[10.21135,19.63419,13.01331],"faces":{"down":{"rotation":180,"uv":[2.75,9.25,3.25,9.5],"texture":"#3"},"east":{"uv":[11,7.5,11.5,8],"texture":"#3"},"up":{"rotation":180,"uv":[5.75,4.75,6.25,5],"texture":"#3"}}},{"to":[10.51225,22.11884,11.54641],"rotation":{"origin":[10.1136,15.2235,8],"angle":-22.5,"axis":"x"},"from":[10.21135,21.81959,10.04191],"faces":{"east":{"rotation":270,"uv":[11,7.5,11.5,8],"texture":"#3"},"north":{"rotation":180,"uv":[2.5,10,3,10.5],"texture":"#3"},"south":{"rotation":180,"uv":[6.25,11.5,6.75,11.75],"texture":"#3"}}},{"to":[10.51225,22.11884,5.95809],"rotation":{"origin":[10.1136,15.2235,8],"angle":22.5,"axis":"x"},"from":[10.21135,21.81959,4.45359],"faces":{"east":{"rotation":90,"uv":[11,7.5,11.5,8],"texture":"#3"},"north":{"rotation":180,"uv":[4.75,11.5,5.25,11.75],"texture":"#3"},"south":{"rotation":180,"uv":[1.25,9.75,1.75,10],"texture":"#3"}}},{"to":[10.51225,22.67463,8.75225],"rotation":{"origin":[7.93494,9.707,8],"angle":0,"axis":"y"},"from":[10.21135,22.37537,7.24775],"faces":{"east":{"uv":[11,7.5,11.5,8],"texture":"#3"},"north":{"rotation":180,"uv":[5.5,11,6,11.25],"texture":"#3"},"south":{"rotation":180,"uv":[5.5,11,6,11.25],"texture":"#3"}}},{"to":[10.763,23.2271,8.13966],"rotation":{"origin":[7.93494,9.707,8],"angle":0,"axis":"y"},"from":[10.51225,21.8229,7.86035],"faces":{"down":{"rotation":180,"uv":[7.75,8,8.25,8.25],"texture":"#3"},"east":{"uv":[11,7.5,11.5,8],"texture":"#3"},"up":{"uv":[3.25,4,3.75,4.25],"texture":"#3"}}},{"to":[10.763,22.67131,10.93382],"rotation":{"origin":[10.5148,15.2235,8],"angle":-22.5,"axis":"x"},"from":[10.51225,21.26711,10.65451],"faces":{"down":{"rotation":180,"uv":[4.25,8,4.75,8.25],"texture":"#3"},"east":{"uv":[11,7.5,11.5,8],"texture":"#3"},"up":{"uv":[8.75,4.25,9.25,4.5],"texture":"#3"}}},{"to":[10.763,22.67131,5.34549],"rotation":{"origin":[10.5148,15.2235,8],"angle":22.5,"axis":"x"},"from":[10.51225,21.26711,5.06618],"faces":{"down":{"uv":[4.25,8,4.75,8.25],"texture":"#3"},"east":{"uv":[11,7.5,11.5,8],"texture":"#3"},"up":{"uv":[10.5,2.75,11,3],"texture":"#3"}}},{"to":[10.763,21.08854,13.3026],"rotation":{"origin":[10.5148,15.2235,8],"angle":-45,"axis":"x"},"from":[10.51225,19.68434,13.02328],"faces":{"down":{"rotation":180,"uv":[2.75,9.25,3.25,9.5],"texture":"#3"},"east":{"uv":[11,7.5,11.5,8],"texture":"#3"},"up":{"rotation":180,"uv":[5.75,4.75,6.25,5],"texture":"#3"}}},{"to":[10.763,22.10887,5.90794],"rotation":{"origin":[10.5148,15.2235,8],"angle":22.5,"axis":"x"},"from":[10.51225,21.82956,4.50374],"faces":{"east":{"rotation":90,"uv":[11,7.5,11.5,8],"texture":"#3"},"north":{"rotation":180,"uv":[6.75,11.5,7.25,11.75],"texture":"#3"},"south":{"rotation":180,"uv":[1.25,9.75,1.75,10],"texture":"#3"}}},{"to":[10.763,21.08854,2.97672],"rotation":{"origin":[10.5148,15.2235,8],"angle":45,"axis":"x"},"from":[10.51225,19.68434,2.6974],"faces":{"down":{"rotation":180,"uv":[2.75,9.25,3.25,9.75],"texture":"#3"},"east":{"uv":[11,7.5,11.5,8],"texture":"#3"},"up":{"uv":[9,4.75,9.5,5],"texture":"#3"}}},{"to":[10.763,22.10887,11.49626],"rotation":{"origin":[10.5148,15.2235,8],"angle":-22.5,"axis":"x"},"from":[10.51225,21.82956,10.09206],"faces":{"east":{"rotation":270,"uv":[11,7.5,11.5,8],"texture":"#3"},"north":{"rotation":180,"uv":[2.5,10,3,10.5],"texture":"#3"},"south":{"rotation":180,"uv":[6.25,11.5,6.75,11.75],"texture":"#3"}}},{"to":[10.763,22.66466,8.7021],"rotation":{"origin":[7.93494,9.707,8],"angle":0,"axis":"y"},"from":[10.51225,22.38535,7.2979],"faces":{"east":{"uv":[11,7.5,11.5,8],"texture":"#3"},"north":{"rotation":180,"uv":[5.5,11,6,11.25],"texture":"#3"},"south":{"rotation":180,"uv":[5.5,11,6,11.25],"texture":"#3"}}},{"to":[10.91345,23.17695,8.12968],"rotation":{"origin":[7.93494,9.707,8],"angle":0,"axis":"y"},"from":[10.763,21.87305,7.87032],"faces":{"down":{"rotation":180,"uv":[7.75,8,8.25,8.25],"texture":"#3"},"east":{"uv":[11,7.5,11.5,8],"texture":"#3"},"up":{"uv":[3.25,4,3.75,4.25],"texture":"#3"}}},{"to":[10.91345,22.62116,5.33551],"rotation":{"origin":[10.03838,15.2235,8],"angle":22.5,"axis":"x"},"from":[10.763,21.31726,5.07616],"faces":{"down":{"uv":[4.25,8,4.75,8.25],"texture":"#3"},"east":{"uv":[11,7.5,11.5,8],"texture":"#3"},"up":{"uv":[11.25,3.25,11.75,3.5],"texture":"#3"}}},{"to":[10.91345,22.62116,10.92384],"rotation":{"origin":[10.03838,15.2235,8],"angle":-22.5,"axis":"x"},"from":[10.763,21.31726,10.66449],"faces":{"down":{"rotation":180,"uv":[4.25,8,4.75,8.25],"texture":"#3"},"east":{"uv":[11,7.5,11.5,8],"texture":"#3"},"up":{"uv":[11,3,11.5,3.25],"texture":"#3"}}},{"to":[10.91345,21.03839,2.96674],"rotation":{"origin":[10.03838,15.2235,8],"angle":45,"axis":"x"},"from":[10.763,19.73449,2.70738],"faces":{"down":{"rotation":180,"uv":[2.75,9.25,3.25,9.75],"texture":"#3"},"east":{"uv":[11,7.5,11.5,8],"texture":"#3"},"up":{"uv":[6.5,4.75,7,5],"texture":"#3"}}},{"to":[10.91345,21.03839,13.29262],"rotation":{"origin":[10.03838,15.2235,8],"angle":-45,"axis":"x"},"from":[10.763,19.73449,13.03326],"faces":{"down":{"rotation":180,"uv":[2.75,9.25,3.25,9.5],"texture":"#3"},"east":{"uv":[11,7.5,11.5,8],"texture":"#3"},"up":{"rotation":180,"uv":[8,4.75,8.5,5],"texture":"#3"}}},{"to":[10.91345,22.09889,11.44611],"rotation":{"origin":[10.03838,15.2235,8],"angle":-22.5,"axis":"x"},"from":[10.763,21.83953,10.14221],"faces":{"east":{"rotation":270,"uv":[11,7.5,11.5,8],"texture":"#3"},"north":{"rotation":180,"uv":[2.5,10,3,10.5],"texture":"#3"},"south":{"rotation":180,"uv":[7.5,11.5,8,11.75],"texture":"#3"}}},{"to":[10.91345,22.09889,5.85779],"rotation":{"origin":[10.03838,15.2235,8],"angle":22.5,"axis":"x"},"from":[10.763,21.83953,4.55389],"faces":{"east":{"rotation":90,"uv":[11,7.5,11.5,8],"texture":"#3"},"north":{"rotation":180,"uv":[7,11.5,7.5,11.75],"texture":"#3"},"south":{"rotation":180,"uv":[1.25,9.75,1.75,10],"texture":"#3"}}},{"to":[10.91345,22.65468,8.65195],"rotation":{"origin":[7.93494,9.707,8],"angle":0,"axis":"y"},"from":[10.763,22.39532,7.34805],"faces":{"east":{"uv":[11,7.5,11.5,8],"texture":"#3"},"north":{"rotation":180,"uv":[5.5,11,6,11.25],"texture":"#3"},"south":{"rotation":180,"uv":[5.5,11,6,11.25],"texture":"#3"}}},{"to":[8.50594,22.89629,8.2006],"rotation":{"origin":[10.06345,15.8253,7.91911],"angle":-22.5,"axis":"z"},"from":[8.05459,22.39479,7.7994],"faces":{"east":{"uv":[7.5,2,8,2.5],"texture":"#3"},"north":{"uv":[6,4.5,6.5,5],"texture":"#3"},"up":{"uv":[4,4,4.5,4.5],"texture":"#3"},"south":{"uv":[5.75,4.5,6.25,5],"texture":"#3"}}},{"to":[14.09426,21.54363,8.2006],"rotation":{"origin":[10.06345,14.6217,7.91911],"angle":22.5,"axis":"z"},"from":[13.64291,21.04213,7.7994],"faces":{"down":{"rotation":180,"uv":[15,8,15.5,8.5],"texture":"#3"},"east":{"uv":[7.5,2,8,2.5],"texture":"#3"},"north":{"rotation":180,"uv":[5,8,5.5,8.5],"texture":"#3"},"south":{"rotation":180,"uv":[5,8,5.5,8.5],"texture":"#3"}}},{"to":[11.3001,22.7256,8.92708],"rotation":{"origin":[10.06345,15.2235,8.6018],"angle":22.5,"axis":"y"},"from":[10.84875,22.3244,8.37543],"faces":{"down":{"rotation":180,"uv":[9,10.25,9.5,10.75],"texture":"#3"},"east":{"uv":[7.5,2,8,2.5],"texture":"#3"},"up":{"uv":[6.5,4.75,7,5.25],"texture":"#3"},"south":{"rotation":180,"uv":[4.75,11.25,5.25,11.75],"texture":"#3"}}},{"to":[11.3001,22.7256,7.62457],"rotation":{"origin":[10.06345,15.2235,7.3982],"angle":-22.5,"axis":"y"},"from":[10.84875,22.3244,7.07292],"faces":{"down":{"rotation":180,"uv":[9,10.25,9.5,10.75],"texture":"#3"},"east":{"uv":[7.5,2,8,2.5],"texture":"#3"},"north":{"rotation":180,"uv":[4.75,11.25,5.25,11.75],"texture":"#3"},"up":{"rotation":180,"uv":[6.5,4.75,7,5.25],"texture":"#3"}}},{"to":[3.90792,22.90363,4.91813],"rotation":{"origin":[3.87812,13.935,8],"angle":22.5,"axis":"x"},"from":[3.7308,20.83863,4.50737],"faces":{"down":{"rotation":180,"uv":[6.25,8,6.75,8.25],"texture":"#2"},"west":{"uv":[7.25,4,7.75,6],"texture":"#2"},"east":{"uv":[12.5,7.5,13,8],"texture":"#2"},"up":{"uv":[3.5,4.25,4,4.75],"texture":"#2"}}},{"to":[3.90792,22.90363,11.49263],"rotation":{"origin":[3.87812,13.935,8],"angle":-22.5,"axis":"x"},"from":[3.7308,20.83863,11.08187],"faces":{"down":{"rotation":180,"uv":[6.25,8,6.75,8.25],"texture":"#2"},"west":{"uv":[7.25,4,7.75,6],"texture":"#2"},"east":{"uv":[12.5,7.5,13,8],"texture":"#2"},"up":{"rotation":180,"uv":[3.5,4.25,4,4.75],"texture":"#2"}}},{"to":[3.9078,21.04155,2.13133],"rotation":{"origin":[3.87812,13.935,8],"angle":45,"axis":"x"},"from":[3.73068,18.97655,1.72057],"faces":{"down":{"rotation":180,"uv":[6.25,8,6.75,8.25],"texture":"#2"},"west":{"uv":[10.75,4.5,11.25,6.5],"texture":"#2"},"east":{"uv":[12.5,7.5,13,8],"texture":"#2"},"up":{"uv":[3.75,4.75,4.25,5.25],"texture":"#2"}}},{"to":[3.9078,21.04155,14.27943],"rotation":{"origin":[3.87812,13.935,8],"angle":-45,"axis":"x"},"from":[3.73068,18.97655,13.86867],"faces":{"down":{"rotation":180,"uv":[6.25,8,6.75,8.25],"texture":"#2"},"west":{"uv":[6.75,4.5,7.25,6.5],"texture":"#2"},"east":{"uv":[12.5,7.5,13,8],"texture":"#2"},"up":{"rotation":180,"uv":[7.75,4.75,8.25,5.25],"texture":"#2"}}},{"to":[3.90792,22.07651,12.31975],"rotation":{"origin":[3.87812,13.935,8],"angle":-22.5,"axis":"x"},"from":[3.7308,21.66575,10.25475],"faces":{"west":{"rotation":90,"uv":[0.5,4.75,1,6.75],"texture":"#2"},"east":{"rotation":270,"uv":[12.5,7.5,13,8],"texture":"#2"},"north":{"rotation":180,"uv":[6.75,8,7.25,8.5],"texture":"#2"},"south":{"uv":[5.25,5.5,5.75,6],"texture":"#2"}}},{"to":[3.90792,22.07651,5.74525],"rotation":{"origin":[3.87812,13.935,8],"angle":22.5,"axis":"x"},"from":[3.7308,21.66575,3.68025],"faces":{"west":{"rotation":270,"uv":[0.75,4.75,1.25,6.75],"texture":"#2"},"east":{"rotation":90,"uv":[12.5,7.5,13,8],"texture":"#2"},"north":{"uv":[6.75,5.5,7.25,6],"texture":"#2"},"south":{"rotation":180,"uv":[6,8,6.5,8.5],"texture":"#2"}}},{"to":[3.9078,22.73038,9.0325],"rotation":{"origin":[6.80205,7.445,8],"angle":0,"axis":"y"},"from":[3.73068,22.31962,6.9675],"faces":{"west":{"rotation":90,"uv":[7.25,9.5,7.75,11.5],"texture":"#2"},"east":{"uv":[12.5,7.5,13,8],"texture":"#2"},"north":{"rotation":180,"uv":[4.25,8.25,4.75,8.75],"texture":"#2"},"south":{"rotation":180,"uv":[6.25,8.25,6.75,8.75],"texture":"#2"}}},{"to":[3.818,22.34313,11.38114],"rotation":{"origin":[3.76018,13.935,8],"angle":-22.5,"axis":"x"},"from":[3.7,21.39913,11.19337],"faces":{"down":{"rotation":180,"uv":[9,8,9.25,8.5],"texture":"#4"},"west":{"uv":[5.25,4.5,5.75,5.25],"texture":"#4"},"up":{"rotation":180,"uv":[7.25,4.25,7.5,4.75],"texture":"#4"}}},{"to":[3.818,22.34313,4.80664],"rotation":{"origin":[3.76018,13.935,8],"angle":22.5,"axis":"x"},"from":[3.7,21.39913,4.61887],"faces":{"down":{"uv":[9,8,9.25,8.5],"texture":"#4"},"west":{"uv":[5.25,4.5,5.75,5.25],"texture":"#4"},"up":{"uv":[3.25,4,3.5,4.5],"texture":"#4"}}},{"to":[3.81812,20.48105,14.16794],"rotation":{"origin":[3.76018,13.935,8],"angle":-45,"axis":"x"},"from":[3.70012,19.53705,13.98017],"faces":{"down":{"uv":[6,5.5,6.25,6],"texture":"#4"},"west":{"uv":[6.25,4.5,6.75,5.25],"texture":"#4"},"up":{"rotation":180,"uv":[7.25,4.25,7.5,4.75],"texture":"#4"}}},{"to":[3.81812,20.48105,2.01985],"rotation":{"origin":[3.76018,13.935,8],"angle":45,"axis":"x"},"from":[3.70012,19.53705,1.83207],"faces":{"down":{"uv":[6,5.5,6.25,6],"texture":"#4"},"west":{"uv":[6.25,4.5,6.75,5.25],"texture":"#4"},"up":{"uv":[3.75,4,4,4.5],"texture":"#4"}}},{"to":[3.818,21.96502,5.18475],"rotation":{"origin":[3.76018,13.935,8],"angle":22.5,"axis":"x"},"from":[3.7,21.77725,4.24075],"faces":{"west":{"rotation":270,"uv":[9.25,4.5,9.75,5.25],"texture":"#4"},"north":{"uv":[7.25,4.25,7.5,4.75],"texture":"#4"},"south":{"uv":[6.25,5,6.5,5.5],"texture":"#4"}}},{"to":[3.818,21.96502,11.75925],"rotation":{"origin":[3.76018,13.935,8],"angle":-22.5,"axis":"x"},"from":[3.7,21.77725,10.81525],"faces":{"west":{"rotation":90,"uv":[9,4.5,9.5,5.25],"texture":"#4"},"north":{"uv":[6.25,5,6.5,5.5],"texture":"#4"},"south":{"uv":[7.25,4.25,7.5,4.75],"texture":"#4"}}},{"to":[3.81812,22.61889,8.472],"rotation":{"origin":[6.80205,7.445,8],"angle":0,"axis":"y"},"from":[3.70012,22.43112,7.528],"faces":{"west":{"uv":[6.25,4.5,6.75,5],"texture":"#4"},"north":{"uv":[6.25,4.5,6.5,5],"texture":"#4"},"south":{"uv":[6.25,4.5,6.5,5],"texture":"#4"}}},{"to":[9.28618,23.4395,8.18191],"rotation":{"origin":[4.23218,23.965,8],"angle":0,"axis":"y"},"from":[3.87818,21.6105,7.81809],"faces":{"down":{"uv":[5.75,8,6.25,8.25],"texture":"#2"},"east":{"uv":[5.25,10.5,5.75,11],"texture":"#2"},"up":{"rotation":180,"uv":[8.5,4,9,4.5],"texture":"#2"}}},{"to":[9.28618,22.78563,4.89466],"rotation":{"origin":[4.23218,13.935,8],"angle":22.5,"axis":"x"},"from":[3.87818,20.95663,4.53084],"faces":{"down":{"uv":[5.75,8,6.25,8.25],"texture":"#2"},"east":{"uv":[5.25,10.5,5.75,11],"texture":"#2"},"up":{"rotation":180,"uv":[11,2.5,11.5,3],"texture":"#2"}}},{"to":[9.28618,22.78563,11.46916],"rotation":{"origin":[4.23218,13.935,8],"angle":-22.5,"axis":"x"},"from":[3.87818,20.95663,11.10534],"faces":{"down":{"uv":[5.75,8,6.25,8.25],"texture":"#2"},"east":{"uv":[5.25,10.5,5.75,11],"texture":"#2"},"up":{"rotation":180,"uv":[8.5,4,9,4.5],"texture":"#2"}}},{"to":[9.28618,20.92355,2.10786],"rotation":{"origin":[4.23218,13.935,8],"angle":45,"axis":"x"},"from":[3.87818,19.09455,1.74404],"faces":{"down":{"uv":[5.75,8,6.25,8.25],"texture":"#2"},"east":{"uv":[5.25,10.5,5.75,11],"texture":"#2"},"up":{"uv":[3.25,4.25,3.75,4.75],"texture":"#2"}}},{"to":[9.28618,20.92355,14.25596],"rotation":{"origin":[4.23218,13.935,8],"angle":-45,"axis":"x"},"from":[3.87818,19.09455,13.89214],"faces":{"down":{"uv":[5.75,8,6.25,8.25],"texture":"#2"},"east":{"uv":[5.25,10.5,5.75,11],"texture":"#2"},"up":{"rotation":180,"uv":[3.25,4.25,3.75,4.75],"texture":"#2"}}},{"to":[9.28618,22.05304,12.20175],"rotation":{"origin":[4.23218,13.935,8],"angle":-22.5,"axis":"x"},"from":[3.87818,21.68922,10.37275],"faces":{"east":{"uv":[5.25,10.5,5.75,11],"texture":"#2"},"north":{"rotation":180,"uv":[3,8,3.5,8.5],"texture":"#2"},"south":{"uv":[3.25,4.75,3.75,5.25],"texture":"#2"}}},{"to":[9.28618,22.05304,5.62725],"rotation":{"origin":[4.23218,13.935,8],"angle":22.5,"axis":"x"},"from":[3.87818,21.68922,3.79825],"faces":{"east":{"uv":[5.25,10.5,5.75,11],"texture":"#2"},"north":{"uv":[3.25,4.75,3.75,5.25],"texture":"#2"},"south":{"rotation":180,"uv":[3,8,3.5,8.5],"texture":"#2"}}},{"to":[9.28618,22.70691,8.9145],"rotation":{"origin":[6.80205,7.445,8],"angle":0,"axis":"y"},"from":[3.87818,22.34309,7.0855],"faces":{"east":{"uv":[5.25,10.5,5.75,11],"texture":"#2"},"north":{"uv":[3.25,5.25,3.75,5.75],"texture":"#2"},"south":{"uv":[3.25,5.25,3.75,5.75],"texture":"#2"}}},{"to":[11.36785,21.657,8.825],"rotation":{"origin":[8,7.83023,8.09999],"angle":0,"axis":"x"},"from":[9.05785,21.017,7.175],"faces":{"up":{"rotation":90,"uv":[1.5,8,3.25,8.25],"texture":"#3"}}},{"to":[9.16785,21.657,9.075],"rotation":{"origin":[8,7.83023,8.04999],"angle":0,"axis":"x"},"from":[3.75785,21.017,6.925],"faces":{"up":{"rotation":180,"uv":[1.5,4.75,3.25,6],"texture":"#2"}}}],"display":{"thirdperson_righthand":{"rotation":[25,111,-23],"scale":[0.13,0.13,0.13],"translation":[-1,-0.75,0]},"head":{"scale":[0.26,0.26,0.26]},"thirdperson_lefthand":{"rotation":[69,-71,65],"scale":[0.13,0.13,0.13],"translation":[-1,-0.75,0]},"gui":{"rotation":[0,-150,20],"scale":[0.52,0.52,0.52]},"firstperson_lefthand":{"rotation":[93,-82,90],"scale":[0.26,0.26,0.26],"translation":[-1.25,2,3.5]},"firstperson_righthand":{"rotation":[-93,82,90],"scale":[0.26,0.26,0.26],"translation":[-1.25,2,3.5]},"fixed":{"rotation":[0,180,0],"scale":[0.26,0.26,0.26],"translation":[0,0,-3.75]},"ground":{"translation":[0,2,0],"scale":[0.13,0.13,0.13]}},"credit":"thebradqq's guns"}