{"textures":{"1":"mgs:gun/metal","0":"mgs:gun/rpg7details","particle":"mgs:gun/metal"},"credit":"thebradqq's guns","elements":[{"to":[16.81,9.8,8.74557],"rotation":{"origin":[13.6737,6,7.99832],"angle":0,"axis":"y"},"from":[12.85,6.2,7.25443],"faces":{"down":{"rotation":90,"uv":[0,0,1.5,5.49],"texture":"#0"},"west":{"uv":[4.5,0,6,0.989],"texture":"#0"},"east":{"uv":[4.5,0,6,0.989],"texture":"#0"},"up":{"rotation":90,"uv":[6,0,7.5,5.49],"texture":"#0"}}},{"to":[21.535,7.7979,6.96779],"rotation":{"origin":[13.6737,6,7.99832],"angle":45,"axis":"x"},"from":[20.41,7.0329,6.20279],"faces":{"down":{"rotation":180,"uv":[11.5,14,13.5,16],"texture":"#0"},"east":{"rotation":90,"uv":[13,12.5,15,14.5],"texture":"#0"},"north":{"rotation":180,"uv":[12.5,12.5,14.5,14.5],"texture":"#0"},"up":{"uv":[11.5,12.5,13.5,14.5],"texture":"#0"},"south":{"uv":[11.5,14,13.5,16],"texture":"#0"}}},{"to":[13.60089,8.675,7.36923],"rotation":{"origin":[13.6737,6,7.99832],"angle":22.5,"axis":"y"},"from":[10.27089,7.325,6.01923],"faces":{"down":{"rotation":90,"uv":[1,1.5,2.5,5.49],"texture":"#0"},"north":{"rotation":270,"uv":[3,2,4.5,5.49],"texture":"#0"},"up":{"rotation":270,"uv":[6,2,7.5,5.49],"texture":"#0"}}},{"to":[13.60217,8.675,9.98052],"rotation":{"origin":[13.6737,6,7.99832],"angle":-22.5,"axis":"y"},"from":[10.27217,7.325,8.63052],"faces":{"down":{"rotation":270,"uv":[1,1.5,2.5,5.49],"texture":"#0"},"up":{"rotation":90,"uv":[6,2,7.5,5.49],"texture":"#0"},"south":{"rotation":270,"uv":[3,2,4.5,5.49],"texture":"#0"}}},{"to":[14.3669,9.82841,8.675],"rotation":{"origin":[13.6737,6,7.99832],"angle":22.5,"axis":"z"},"from":[11.0369,8.47841,7.325],"faces":{"north":{"rotation":270,"uv":[2.5,1.5,4,5.49],"texture":"#0"},"up":{"rotation":90,"uv":[6,2,7.5,5.49],"texture":"#0"},"south":{"rotation":270,"uv":[2.5,1.5,4,5.49],"texture":"#0"}}},{"to":[12.83616,7.21711,8.675],"rotation":{"origin":[13.6737,6,7.99832],"angle":-22.5,"axis":"z"},"from":[9.50616,5.86711,7.325],"faces":{"down":{"rotation":270,"uv":[0,2,1.5,5.49],"texture":"#0"},"north":{"rotation":90,"uv":[1,1.5,2.5,5.49],"texture":"#0"},"south":{"rotation":90,"uv":[1,1.5,2.5,5.49],"texture":"#0"}}},{"to":[18.1,8.945,8.39143],"rotation":{"origin":[13.6737,6,7.99832],"angle":0,"axis":"y"},"from":[6.82,7.055,7.60857],"faces":{"down":{"rotation":90,"uv":[0,0,1.5,5.49],"texture":"#0"},"west":{"rotation":90,"uv":[0,3,0.5,3.49],"texture":"#0"},"up":{"rotation":90,"uv":[6,0,7.5,5.49],"texture":"#0"}}},{"to":[18.1,8.3604,6.97672],"rotation":{"origin":[13.6737,6,7.99832],"angle":45,"axis":"x"},"from":[6.82,6.4704,6.19387],"faces":{"down":{"rotation":90,"uv":[1.5,0,3,5.49],"texture":"#0"},"west":{"rotation":90,"uv":[0,3,0.5,3.49],"texture":"#0"},"east":{"rotation":180,"uv":[6,0.5,4.5,2.49],"texture":"#0"},"up":{"rotation":90,"uv":[6,0,4.5,5.49],"texture":"#0"}}},{"to":[18.1,8.35803,9.80515],"rotation":{"origin":[13.6737,6,7.99832],"angle":-45,"axis":"x"},"from":[6.82,6.46803,9.02229],"faces":{"down":{"rotation":90,"uv":[3,0,1.5,5.49],"texture":"#0"},"west":{"rotation":90,"uv":[0,3,0.5,3.49],"texture":"#0"},"east":{"rotation":180,"uv":[4.5,0.5,6,2.49],"texture":"#0"},"up":{"rotation":90,"uv":[4.5,0,6,5.49],"texture":"#0"}}},{"to":[18.1,8.39143,8.945],"rotation":{"origin":[13.6737,6,7.99832],"angle":0,"axis":"y"},"from":[6.82,7.60857,7.055],"faces":{"west":{"rotation":90,"uv":[0,3,0.5,3.49],"texture":"#0"},"north":{"rotation":270,"uv":[3,0,4.5,5.489],"texture":"#0"},"south":{"rotation":90,"uv":[4.5,0,3,5.49],"texture":"#0"}}},{"to":[14.3669,9.55841,8.9],"rotation":{"origin":[13.6737,6,7.99832],"angle":22.5,"axis":"z"},"from":[11.9369,8.20841,7.1],"faces":{"north":{"rotation":270,"uv":[2.5,1.5,4,5.49],"texture":"#0"},"up":{"rotation":90,"uv":[6,2,7.5,5.49],"texture":"#0"},"south":{"rotation":270,"uv":[2.5,1.5,4,5.49],"texture":"#0"}}},{"to":[12.83616,7.48711,8.9],"rotation":{"origin":[13.6737,6,7.99832],"angle":-22.5,"axis":"z"},"from":[10.40616,6.13711,7.1],"faces":{"down":{"rotation":270,"uv":[0,2,1.5,5.49],"texture":"#0"},"north":{"rotation":90,"uv":[1,1.5,2.5,5.49],"texture":"#0"},"south":{"rotation":90,"uv":[1,1.5,2.5,5.49],"texture":"#0"}}},{"to":[13.60217,8.9,9.71052],"rotation":{"origin":[13.6737,6,7.99832],"angle":-22.5,"axis":"y"},"from":[11.26217,7.1,8.36052],"faces":{"down":{"rotation":270,"uv":[1,1.5,2.5,5.49],"texture":"#0"},"up":{"rotation":90,"uv":[6,2,7.5,5.49],"texture":"#0"},"south":{"rotation":270,"uv":[3,2,4.5,5.49],"texture":"#0"}}},{"to":[13.60089,8.9,7.63923],"rotation":{"origin":[13.6737,6,7.99832],"angle":22.5,"axis":"y"},"from":[11.26089,7.1,6.28923],"faces":{"down":{"rotation":90,"uv":[1,1.5,2.5,5.49],"texture":"#0"},"north":{"rotation":270,"uv":[3,2,4.5,5.49],"texture":"#0"},"up":{"rotation":270,"uv":[6,2,7.5,5.49],"texture":"#0"}}},{"to":[14.3669,9.28841,9.125],"rotation":{"origin":[13.6737,6,7.99832],"angle":22.5,"axis":"z"},"from":[13.2869,8.47841,6.875],"faces":{"north":{"rotation":270,"uv":[2.5,1.5,4,5.49],"texture":"#0"},"up":{"rotation":90,"uv":[6,2,7.5,5.49],"texture":"#0"},"south":{"rotation":270,"uv":[2.5,1.5,4,5.49],"texture":"#0"}}},{"to":[12.83616,7.21711,9.125],"rotation":{"origin":[13.6737,6,7.99832],"angle":-22.5,"axis":"z"},"from":[11.75616,6.40711,6.875],"faces":{"down":{"rotation":270,"uv":[0,2,1.5,5.49],"texture":"#0"},"north":{"rotation":90,"uv":[1,1.5,2.5,5.49],"texture":"#0"},"south":{"rotation":90,"uv":[1,1.5,2.5,5.49],"texture":"#0"}}},{"to":[13.60089,9.125,7.09923],"rotation":{"origin":[13.6737,6,7.99832],"angle":22.5,"axis":"y"},"from":[12.43089,6.875,6.55923],"faces":{"down":{"rotation":90,"uv":[1,1.5,2.5,5.49],"texture":"#0"},"north":{"rotation":270,"uv":[3,2,4.5,5.49],"texture":"#0"},"up":{"rotation":270,"uv":[6,2,7.5,5.49],"texture":"#0"}}},{"to":[13.60217,9.125,9.44052],"rotation":{"origin":[13.6737,6,7.99832],"angle":-22.5,"axis":"y"},"from":[12.43217,6.875,8.90052],"faces":{"down":{"rotation":270,"uv":[1,1.5,2.5,5.49],"texture":"#0"},"up":{"rotation":90,"uv":[6,2,7.5,5.49],"texture":"#0"},"south":{"rotation":270,"uv":[3,2,4.5,5.49],"texture":"#0"}}},{"to":[19.30308,8.45,6.03423],"rotation":{"origin":[13.6737,6,7.99832],"angle":-22.5,"axis":"y"},"from":[15.88308,7.55,5.13423],"faces":{"down":{"rotation":90,"uv":[1,1.5,2.5,5.49],"texture":"#0"},"east":{"rotation":270,"uv":[0.5,3,1,3.489],"texture":"#0"},"north":{"rotation":270,"uv":[3,2,4.5,5.49],"texture":"#0"},"up":{"rotation":270,"uv":[6,2,7.5,5.49],"texture":"#0"}}},{"to":[18.53707,10.7134,8.45],"rotation":{"origin":[13.6737,6,7.99832],"angle":-22.5,"axis":"z"},"from":[15.11707,9.6934,7.55],"faces":{"east":{"rotation":270,"uv":[0.5,3,1,3.489],"texture":"#0"},"north":{"rotation":270,"uv":[2.5,1.5,4,5.49],"texture":"#0"},"up":{"rotation":90,"uv":[6,2,7.5,5.49],"texture":"#0"},"south":{"rotation":270,"uv":[2.5,1.5,4,5.49],"texture":"#0"}}},{"to":[8.02,9.10712,8.85524],"rotation":{"origin":[13.6737,6,7.99832],"angle":-22.5,"axis":"x"},"from":[6.82,6.58712,8.67524],"faces":{"north":{"rotation":90,"uv":[0,3,0.5,3.49],"texture":"#0"},"west":{"rotation":90,"uv":[0,3,0.5,3.49],"texture":"#0"},"up":{"rotation":270,"uv":[7,2,7.5,2.49],"texture":"#0"},"down":{"rotation":90,"uv":[0,3.5,0.5,3.99],"texture":"#0"},"east":{"rotation":90,"uv":[5,3,5.5,3.49],"texture":"#0"},"south":{"rotation":90,"uv":[3,3.5,3.5,3.99],"texture":"#0"}}},{"to":[8.02,7.9384,8.49451],"rotation":{"origin":[13.6737,6,7.99832],"angle":22.5,"axis":"x"},"from":[6.82,7.7584,5.97451],"faces":{"north":{"rotation":270,"uv":[6,1.5,7,1.99],"texture":"#0"},"west":{"rotation":90,"uv":[0,3,0.5,3.49],"texture":"#0"},"up":{"rotation":90,"uv":[5,3.5,5.5,3.99],"texture":"#0"},"down":{"rotation":90,"uv":[2,3,2.5,3.49],"texture":"#0"},"east":{"rotation":90,"uv":[5,3,5.5,3.49],"texture":"#0"},"south":{"rotation":270,"uv":[4,3,5,3.49],"texture":"#0"}}},{"to":[8.02,7.93712,10.02524],"rotation":{"origin":[13.6737,6,7.99832],"angle":-22.5,"axis":"x"},"from":[6.82,7.75712,7.50524],"faces":{"north":{"rotation":270,"uv":[4,3,5,3.49],"texture":"#0"},"west":{"rotation":90,"uv":[0,3,0.5,3.49],"texture":"#0"},"up":{"rotation":90,"uv":[5,3.5,5.5,3.99],"texture":"#0"},"down":{"rotation":90,"uv":[2,3,2.5,3.49],"texture":"#0"},"east":{"rotation":90,"uv":[5,3,5.5,3.49],"texture":"#0"},"south":{"rotation":270,"uv":[6,1.5,7,1.99],"texture":"#0"}}},{"to":[8.02,9.1084,7.32451],"rotation":{"origin":[13.6737,6,7.99832],"angle":22.5,"axis":"x"},"from":[6.82,6.5884,7.14451],"faces":{"north":{"rotation":90,"uv":[3,3.5,3.5,3.99],"texture":"#0"},"west":{"rotation":90,"uv":[0,3,0.5,3.49],"texture":"#0"},"up":{"rotation":270,"uv":[7,2,7.5,2.49],"texture":"#0"},"down":{"rotation":90,"uv":[0,3.5,0.5,3.99],"texture":"#0"},"east":{"rotation":90,"uv":[5,3,5.5,3.49],"texture":"#0"},"south":{"rotation":90,"uv":[0,3,0.5,3.49],"texture":"#0"}}},{"to":[20.86,8.5625,8.23299],"rotation":{"origin":[13.6737,6,7.99832],"angle":0,"axis":"y"},"from":[19.06,7.4375,7.76701],"faces":{"down":{"rotation":270,"uv":[0,1.5,1.5,4.99],"texture":"#0"},"east":{"rotation":270,"uv":[0.5,3,1,3.489],"texture":"#0"},"up":{"rotation":90,"uv":[6,1.5,7.5,4.99],"texture":"#0"}}},{"to":[19.30179,8.45,10.86551],"rotation":{"origin":[13.6737,6,7.99832],"angle":22.5,"axis":"y"},"from":[15.88179,7.55,9.84551],"faces":{"down":{"rotation":270,"uv":[1,1.5,2.5,5.49],"texture":"#0"},"east":{"rotation":270,"uv":[0.5,3,1,3.489],"texture":"#0"},"up":{"rotation":90,"uv":[6,2,7.5,5.49],"texture":"#0"},"south":{"rotation":270,"uv":[3,2,4.5,5.49],"texture":"#0"}}},{"to":[20.0678,6.00212,8.4494],"rotation":{"origin":[13.6737,6,7.99832],"angle":22.5,"axis":"z"},"from":[16.6478,4.98212,7.5506],"faces":{"down":{"rotation":270,"uv":[0,2,1.5,5.49],"texture":"#0"},"east":{"rotation":270,"uv":[0.5,3,1,3.489],"texture":"#0"},"north":{"rotation":90,"uv":[1,1.5,2.5,5.49],"texture":"#0"},"south":{"rotation":90,"uv":[1,1.5,2.5,5.49],"texture":"#0"}}},{"to":[20.86,7.9779,6.81829],"rotation":{"origin":[13.6737,6,7.99832],"angle":45,"axis":"x"},"from":[19.06,6.8529,6.3523],"faces":{"down":{"rotation":90,"uv":[1.5,1.5,3,4.99],"texture":"#0"},"east":{"rotation":270,"uv":[0.5,3,1,3.489],"texture":"#0"},"up":{"rotation":270,"uv":[4.5,1.5,6,4.99],"texture":"#0"}}},{"to":[20.86,7.97553,9.64671],"rotation":{"origin":[13.6737,6,7.99832],"angle":-45,"axis":"x"},"from":[19.06,6.85053,9.18073],"faces":{"down":{"rotation":270,"uv":[1.5,1.5,3,4.99],"texture":"#0"},"east":{"rotation":270,"uv":[0.5,3,1,3.489],"texture":"#0"},"up":{"rotation":90,"uv":[4.5,1.5,6,4.99],"texture":"#0"}}},{"to":[20.86,8.23299,8.5625],"rotation":{"origin":[13.6737,6,7.99832],"angle":0,"axis":"y"},"from":[19.06,7.76701,7.4375],"faces":{"east":{"rotation":270,"uv":[0.5,3,1,3.489],"texture":"#0"},"north":{"rotation":270,"uv":[3,1.5,4.5,4.99],"texture":"#0"},"south":{"rotation":270,"uv":[3,1.5,4.5,4.99],"texture":"#0"}}},{"to":[16.8112,9.2154,7.33087],"rotation":{"origin":[13.6737,6,7.99832],"angle":45,"axis":"x"},"from":[12.85,5.6154,5.83972],"faces":{"down":{"rotation":90,"uv":[1.5,0,3,5.49],"texture":"#0"},"west":{"rotation":180,"uv":[4.5,0.5,6,2.49],"texture":"#0"},"east":{"rotation":180,"uv":[6,0.5,4.5,2.49],"texture":"#0"},"up":{"rotation":90,"uv":[6,0,4.5,5.49],"texture":"#0"}}},{"to":[16.8112,9.21303,10.15929],"rotation":{"origin":[13.6737,6,7.99832],"angle":-45,"axis":"x"},"from":[12.85,5.61303,8.66815],"faces":{"down":{"rotation":90,"uv":[3,0,1.5,5.49],"texture":"#0"},"west":{"rotation":180,"uv":[6,0.5,4.5,2.49],"texture":"#0"},"east":{"rotation":180,"uv":[4.5,0.5,6,2.49],"texture":"#0"},"up":{"rotation":90,"uv":[4.5,0,6,5.49],"texture":"#0"}}},{"to":[16.81,8.74557,9.8],"rotation":{"origin":[13.6737,6,7.99832],"angle":0,"axis":"y"},"from":[12.85,7.25443,6.2],"faces":{"west":{"rotation":180,"uv":[4.5,1.5,3,2.489],"texture":"#0"},"east":{"rotation":180,"uv":[4.5,1.5,3,2.489],"texture":"#0"},"north":{"rotation":270,"uv":[3,0,4.5,5.49],"texture":"#0"},"south":{"rotation":90,"uv":[4.5,0,3,5.49],"texture":"#0"}}},{"to":[7.83112,8.625,8.25888],"rotation":{"origin":[-2.16888,8,8],"angle":0,"axis":"y"},"from":[-11.66888,7.375,7.74112],"faces":{"down":{"rotation":270,"uv":[1.5,1.5,0,5.488],"texture":"#0"},"west":{"uv":[0,2,1,3],"texture":"#0"},"up":{"rotation":90,"uv":[6,1.5,7.5,5.488],"texture":"#0"}}},{"to":[6.83112,8.65,8.26924],"rotation":{"origin":[6.5811,8,8],"angle":0,"axis":"y"},"from":[6.33112,7.35,7.73076],"faces":{"down":{"rotation":90,"uv":[5.5,4.75,6.5,5.5],"texture":"#1"},"west":{"uv":[0,15.5,0.5,16],"texture":"#1"},"up":{"rotation":90,"uv":[10.75,4,11.75,4.75],"texture":"#1"}}},{"to":[-1.16888,8.65,8.26924],"rotation":{"origin":[-1.4189,8,8],"angle":0,"axis":"y"},"from":[-1.96888,7.35,7.73076],"faces":{"down":{"rotation":90,"uv":[5.5,4.75,6.5,5.75],"texture":"#1"},"west":{"rotation":180,"uv":[0,15.5,0.5,16],"texture":"#1"},"east":{"rotation":180,"uv":[0,15.5,0.5,16],"texture":"#1"},"up":{"rotation":90,"uv":[10.75,4,11.75,5],"texture":"#1"}}},{"to":[0.03112,8.65,8.26924],"rotation":{"origin":[0.0811,8,8],"angle":0,"axis":"y"},"from":[-0.16888,7.35,7.73076],"faces":{"down":{"rotation":180,"uv":[1.25,15.5,1.75,16],"texture":"#1"},"west":{"rotation":180,"uv":[0,15.5,0.5,16],"texture":"#1"},"east":{"rotation":180,"uv":[0,15.5,0.5,16],"texture":"#1"},"up":{"rotation":90,"uv":[13.75,0.75,14.25,1.25],"texture":"#1"}}},{"to":[1.13112,8.65,8.26924],"rotation":{"origin":[1.1811,8,8],"angle":0,"axis":"y"},"from":[0.93112,7.35,7.73076],"faces":{"down":{"rotation":180,"uv":[1.25,15.5,1.75,16],"texture":"#1"},"west":{"rotation":180,"uv":[0,15.5,0.5,16],"texture":"#1"},"east":{"rotation":180,"uv":[0,15.5,0.5,16],"texture":"#1"},"up":{"rotation":90,"uv":[12,1,12.5,1.5],"texture":"#1"}}},{"to":[6.83112,8.26924,8.65],"rotation":{"origin":[6.5811,8,8],"angle":0,"axis":"x"},"from":[6.33112,7.73076,7.35],"faces":{"west":{"uv":[0,15.5,0.5,16],"texture":"#1"},"north":{"rotation":270,"uv":[7,4.25,8,5],"texture":"#1"},"south":{"rotation":90,"uv":[7,4.25,8,5],"texture":"#1"}}},{"to":[-1.16888,8.26924,8.65],"rotation":{"origin":[-1.4189,8,8],"angle":0,"axis":"x"},"from":[-1.96888,7.73076,7.35],"faces":{"west":{"rotation":180,"uv":[0,15.5,0.5,16],"texture":"#1"},"east":{"rotation":180,"uv":[0,15.5,0.5,16],"texture":"#1"},"north":{"rotation":270,"uv":[7,4.25,8,5.25],"texture":"#1"},"south":{"rotation":90,"uv":[7,4.25,8,5.25],"texture":"#1"}}},{"to":[0.03112,8.26924,8.65],"rotation":{"origin":[0.0811,8,8],"angle":0,"axis":"x"},"from":[-0.16888,7.73076,7.35],"faces":{"west":{"rotation":180,"uv":[0,15.5,0.5,16],"texture":"#1"},"east":{"rotation":180,"uv":[0,15.5,0.5,16],"texture":"#1"},"north":{"uv":[11.5,4,12,4.5],"texture":"#1"},"south":{"uv":[13,4,13.5,4.5],"texture":"#1"}}},{"to":[1.13112,8.26924,8.65],"rotation":{"origin":[1.1811,8,8],"angle":0,"axis":"x"},"from":[0.93112,7.73076,7.35],"faces":{"west":{"rotation":180,"uv":[0,15.5,0.5,16],"texture":"#1"},"east":{"rotation":180,"uv":[0,15.5,0.5,16],"texture":"#1"},"north":{"uv":[11,4,11.5,4.5],"texture":"#1"},"south":{"uv":[11,4,11.5,4.5],"texture":"#1"}}},{"to":[6.83112,8.65,8.26924],"rotation":{"origin":[6.5811,8,8],"angle":-45,"axis":"x"},"from":[6.33112,7.35,7.73076],"faces":{"down":{"rotation":90,"uv":[6.75,4.5,7.75,5.25],"texture":"#1"},"west":{"uv":[0,15.5,0.5,16],"texture":"#1"},"up":{"rotation":90,"uv":[8.75,4.25,9.75,5],"texture":"#1"}}},{"to":[-1.16888,8.65,8.26924],"rotation":{"origin":[-1.4189,8,8],"angle":-45,"axis":"x"},"from":[-1.96888,7.35,7.73076],"faces":{"down":{"rotation":90,"uv":[6.75,4.5,7.75,5.5],"texture":"#1"},"west":{"rotation":180,"uv":[0,15.5,0.5,16],"texture":"#1"},"east":{"rotation":180,"uv":[0,15.5,0.5,16],"texture":"#1"},"up":{"rotation":90,"uv":[8.75,4.25,9.75,5.25],"texture":"#1"}}},{"to":[0.03112,8.65,8.26924],"rotation":{"origin":[0.0811,8,8],"angle":-45,"axis":"x"},"from":[-0.16888,7.35,7.73076],"faces":{"down":{"uv":[10.5,4.5,11,5],"texture":"#1"},"west":{"rotation":180,"uv":[0,15.5,0.5,16],"texture":"#1"},"east":{"rotation":180,"uv":[0,15.5,0.5,16],"texture":"#1"},"up":{"rotation":90,"uv":[14.25,2.75,14.75,3.25],"texture":"#1"}}},{"to":[1.13112,8.65,8.26924],"rotation":{"origin":[1.1811,8,8],"angle":-45,"axis":"x"},"from":[0.93112,7.35,7.73076],"faces":{"down":{"uv":[11,4.5,11.5,5],"texture":"#1"},"west":{"rotation":180,"uv":[0,15.5,0.5,16],"texture":"#1"},"east":{"rotation":180,"uv":[0,15.5,0.5,16],"texture":"#1"},"up":{"rotation":90,"uv":[12,1,12.5,1.5],"texture":"#1"}}},{"to":[6.83112,8.65,8.26924],"rotation":{"origin":[6.5811,8,8],"angle":45,"axis":"x"},"from":[6.33112,7.35,7.73076],"faces":{"down":{"rotation":90,"uv":[6.75,4.5,7.75,5.25],"texture":"#1"},"west":{"uv":[0,15.5,0.5,16],"texture":"#1"},"up":{"rotation":90,"uv":[8.75,4.25,9.75,5],"texture":"#1"}}},{"to":[-1.16888,8.65,8.26924],"rotation":{"origin":[-1.4189,8,8],"angle":45,"axis":"x"},"from":[-1.96888,7.35,7.73076],"faces":{"down":{"rotation":90,"uv":[6.75,4.5,7.75,5.5],"texture":"#1"},"west":{"rotation":180,"uv":[0,15.5,0.5,16],"texture":"#1"},"east":{"rotation":180,"uv":[0,15.5,0.5,16],"texture":"#1"},"up":{"rotation":90,"uv":[8.75,4.25,9.75,5.25],"texture":"#1"}}},{"to":[0.03112,8.65,8.26924],"rotation":{"origin":[0.0811,8,8],"angle":45,"axis":"x"},"from":[-0.16888,7.35,7.73076],"faces":{"down":{"rotation":180,"uv":[11.5,4.5,12,5],"texture":"#1"},"west":{"rotation":180,"uv":[0,15.5,0.5,16],"texture":"#1"},"east":{"rotation":180,"uv":[0,15.5,0.5,16],"texture":"#1"},"up":{"rotation":90,"uv":[10.25,3.5,10.75,4],"texture":"#1"}}},{"to":[1.13112,8.65,8.26924],"rotation":{"origin":[1.1811,8,8],"angle":45,"axis":"x"},"from":[0.93112,7.35,7.73076],"faces":{"down":{"rotation":180,"uv":[11,4.5,11.5,5],"texture":"#1"},"west":{"rotation":180,"uv":[0,15.5,0.5,16],"texture":"#1"},"east":{"rotation":180,"uv":[0,15.5,0.5,16],"texture":"#1"},"up":{"rotation":90,"uv":[12,1,12.5,1.5],"texture":"#1"}}},{"to":[7.83112,8.625,8.25888],"rotation":{"origin":[19.83112,8,8],"angle":45,"axis":"x"},"from":[-11.66888,7.375,7.74112],"faces":{"down":{"rotation":270,"uv":[3,1.5,1.5,5.488],"texture":"#0"},"west":{"uv":[0,2,1,3],"texture":"#0"},"up":{"rotation":270,"uv":[4.5,1.5,6,5.488],"texture":"#0"}}},{"to":[7.83112,8.625,8.25888],"rotation":{"origin":[19.83112,8,8],"angle":-45,"axis":"x"},"from":[-11.66888,7.375,7.74112],"faces":{"down":{"rotation":90,"uv":[3,1.5,1.5,5.488],"texture":"#0"},"west":{"uv":[0,2,1,3],"texture":"#0"},"up":{"rotation":90,"uv":[4.5,1.5,6,5.488],"texture":"#0"}}},{"to":[7.83112,8.25888,8.625],"rotation":{"origin":[-2.16888,8,8],"angle":0,"axis":"y"},"from":[-11.66888,7.74112,7.375],"faces":{"west":{"uv":[0,2,1,3],"texture":"#0"},"north":{"rotation":270,"uv":[3,1.5,4.5,5.488],"texture":"#0"},"south":{"rotation":270,"uv":[3,1.5,4.5,5.488],"texture":"#0"}}}],"display":{"thirdperson_righthand":{"rotation":[0,-50,109],"scale":[0.75,0.75,0.75],"translation":[-0.5,1.25,1.25]},"head":{"scale":[1.4,1.4,1.4]},"thirdperson_lefthand":{"rotation":[0,-35,-68],"scale":[0.75,0.75,0.75],"translation":[-0.5,1.25,1]},"gui":{"rotation":[0,0,45],"scale":[0.8,0.8,0.8],"translation":[0.5,1.25,0]},"firstperson_righthand":{"rotation":[0,124,39],"translation":[5.25,0.5,-2]},"firstperson_lefthand":{"rotation":[-18,-67,-63],"translation":[6.5,1,-2]},"fixed":{"rotation":[0,-180,1],"scale":[1.4,1.4,1.4],"translation":[0,0,-3.25]},"ground":{"translation":[0,2.2,0],"scale":[0.75,0.75,0.75]}}}