{"textures":{"particle":"mgs:misc/reticles","1":"mgs:gun/metal_brighter","0":"mgs:gun/spas12details","3":"mgs:gun/metal","2":"mgs:gun/metal_bright","5":"mgs:gun/holodetails","4":"mgs:gun/metal_dark","7":"mgs:gun/acogdetails","6":"mgs:gun/kobradetails","8":"mgs:misc/reticles"},"gui_light":"front","elements":[{"to":[3.5,5.25,8.5],"rotation":{"origin":[2.75,3,8.25],"angle":-22.5,"axis":"z"},"from":[1.5,1.75,7.5],"faces":{"down":{"rotation":90,"uv":[8,10.25,9.25,12.25],"texture":"#4"},"west":{"uv":[6.75,7.5,8.25,12],"texture":"#2"},"east":{"uv":[6.25,8,7.75,12.5],"texture":"#3"},"north":{"rotation":90,"uv":[10,4.75,16,7],"texture":"#3"},"south":{"rotation":90,"uv":[10,7,16,4.75],"texture":"#3"}}},{"to":[4.9,6.2,8.375],"from":[4.15,4.85,7.625],"faces":{"east":{"rotation":270,"uv":[9,7.5,12.25,8.75],"texture":"#4"},"north":{"uv":[7.75,7.75,9.25,9.5],"texture":"#3"},"south":{"uv":[7.75,7.75,9.25,9.5],"texture":"#3"}}},{"to":[3.5,8.23065,8.601],"rotation":{"origin":[3.5,8.23065,7.399],"angle":22.5,"axis":"z"},"from":[1,6.48065,7.399],"faces":{"north":{"rotation":180,"uv":[4.25,10.25,7,12],"texture":"#3"},"west":{"rotation":180,"uv":[7,10.75,8.5,12.5],"texture":"#4"},"up":{"uv":[0,6.25,3.75,8.25],"texture":"#3"},"down":{"uv":[6.25,8,7.75,8.25],"texture":"#3"},"east":{"rotation":90,"uv":[0,6.25,0.75,8.25],"texture":"#2"},"south":{"rotation":180,"uv":[4.25,10.25,7,12],"texture":"#3"}}},{"to":[21.25,7.75,7.4],"from":[11,7.625,7.3],"faces":{"down":{"uv":[0.75,11,11.5,11.25],"texture":"#4"},"west":{"uv":[0.25,7.125,0.5,7.375],"texture":"#4"},"north":{"uv":[1.75,15.5,12.5,15.75],"texture":"#4"},"up":{"rotation":180,"uv":[7,3.5,16,4],"texture":"#4"},"south":{"rotation":180,"uv":[0,13,9,13.5],"texture":"#4"}}},{"to":[5.20381,5.25586,8.09975],"rotation":{"origin":[5.20381,5.23086,8.05025],"angle":22.5,"axis":"z"},"from":[5.10381,4.85586,7.90025],"faces":{"down":{"uv":[8.25,8,8.5,8.25],"texture":"#4"},"west":{"uv":[8.25,8,8.5,8.25],"texture":"#4"},"east":{"rotation":180,"uv":[8.5,4.25,9,5],"texture":"#4"},"north":{"rotation":180,"uv":[1,15,1.5,16],"texture":"#4"},"south":{"rotation":180,"uv":[1,15,1.5,16],"texture":"#4"}}},{"to":[10.55,7.8,8.45],"from":[5.3,7.2,7.95],"faces":{"up":{"uv":[8,4.5,12,4.75],"texture":"#3"},"south":{"uv":[6,4,10,5.25],"texture":"#4"}}},{"to":[9.95,7.55,9.2],"from":[9.75,7.25,8.45],"faces":{"down":{"rotation":90,"uv":[2.25,7.75,3.75,8.25],"texture":"#3"},"west":{"uv":[5.5,5.25,7,6],"texture":"#3"},"east":{"uv":[5.5,7.5,7,8.25],"texture":"#3"},"up":{"rotation":90,"uv":[5.75,4.5,7.25,5],"texture":"#3"},"south":{"uv":[7.5,4.5,8,5.25],"texture":"#3"}}},{"to":[11.5,8,8.7],"from":[11,7.75,7.3],"faces":{"west":{"uv":[0.25,7.125,0.5,7.375],"texture":"#4"},"east":{"rotation":180,"uv":[8.5,7.5,8.75,8.25],"texture":"#4"},"north":{"uv":[13.25,15.5,13.75,16],"texture":"#4"},"south":{"uv":[13.25,15.5,13.75,16],"texture":"#4"}}},{"to":[21.25,8.2,7.5],"from":[11,8,7.3],"faces":{"down":{"rotation":180,"uv":[1.5,10,10.5,10.5],"texture":"#4"},"west":{"uv":[0.25,7.125,0.5,7.375],"texture":"#4"},"north":{"uv":[1.25,15,12,15.5],"texture":"#4"},"up":{"rotation":180,"uv":[1,4.25,11.75,4.75],"texture":"#4"},"south":{"rotation":180,"uv":[0,13,9,13.5],"texture":"#4"}}},{"to":[13.25,8.4,8.7],"from":[11,8.2,7.3],"faces":{"north":{"uv":[1.25,15,3.75,15.25],"texture":"#4"},"west":{"rotation":180,"uv":[4.25,12.5,4.5,13],"texture":"#4"},"up":{"rotation":180,"uv":[11.25,0.75,13.5,4.25],"texture":"#4"},"down":{"rotation":180,"uv":[15.75,15.75,16,16],"texture":"#4"},"east":{"rotation":180,"uv":[12.25,14.5,12.75,15],"texture":"#4"},"south":{"uv":[1.25,15,3.75,15.25],"texture":"#4"}}},{"to":[26.6,8.85,8.075],"from":[26.1,8.05,7.925],"faces":{"west":{"uv":[12.75,3.5,13.25,5.25],"texture":"#4"},"east":{"uv":[15.25,3,15.75,4.75],"texture":"#3"},"north":{"uv":[12.5,2.5,13.25,4.75],"texture":"#4"},"up":{"rotation":180,"uv":[5.75,1.75,6.5,2.25],"texture":"#2"},"south":{"uv":[12.5,2.5,13.25,4.75],"texture":"#4"}}},{"to":[17.35,7.6,8.85],"from":[13.75,5.85,7.15],"faces":{"west":{"uv":[1,3,2,9.5],"texture":"#0"},"north":{"uv":[4,2.5,16,9],"texture":"#0"},"up":{"rotation":180,"uv":[4,7,16,8],"texture":"#0"},"south":{"uv":[16,2.5,4,9],"texture":"#0"}}},{"to":[13.8,7.15,9],"from":[13.55,5.8,7],"faces":{"west":{"rotation":90,"uv":[4.5,10.25,5,10.75],"texture":"#4"},"east":{"rotation":90,"uv":[4.5,10.25,6.5,10.75],"texture":"#4"},"north":{"rotation":90,"uv":[3.5,2.25,5.5,2.75],"texture":"#4"},"up":{"rotation":90,"uv":[5,1.75,7,2.25],"texture":"#4"},"south":{"rotation":270,"uv":[3.5,2.25,5.5,2.75],"texture":"#4"}}},{"to":[21.75,8.2,8.701],"from":[21.25,7.625,7.299],"faces":{"north":{"uv":[8.25,15,8.75,16],"texture":"#4"},"west":{"rotation":180,"uv":[8.5,7.5,8.75,8.25],"texture":"#4"},"up":{"rotation":90,"uv":[1.75,3.75,5,4.25],"texture":"#4"},"down":{"uv":[15.75,15.75,16,16],"texture":"#4"},"east":{"rotation":180,"uv":[7.5,11.25,8.75,12.25],"texture":"#4"},"south":{"uv":[8.25,15,8.75,16],"texture":"#4"}}},{"to":[14.9908,8.30237,7.5005],"rotation":{"origin":[14.7158,8.20237,8.55],"angle":-22.5,"axis":"z"},"from":[14.4408,8.10237,7.3005],"faces":{"north":{"uv":[1.25,15,1.75,15.25],"texture":"#4"},"up":{"rotation":180,"uv":[1,4.25,1.5,4.75],"texture":"#4"},"south":{"rotation":180,"uv":[0,13,1,13.5],"texture":"#4"}}},{"to":[11.25,7.625,8.7],"from":[11,7.125,7.3],"faces":{"west":{"uv":[0.25,7.125,0.5,7.375],"texture":"#4"},"east":{"rotation":180,"uv":[11.5,4.5,11.75,5.25],"texture":"#4"},"north":{"uv":[10.25,15.25,10.5,16],"texture":"#4"},"south":{"uv":[10.25,15.25,10.5,16],"texture":"#4"}}},{"to":[21.75,7.625,8.6],"from":[11.25,7.125,7.4],"faces":{"down":{"uv":[8.25,8,8.5,8.25],"texture":"#4"},"east":{"rotation":180,"uv":[7.5,10.5,8.5,11.5],"texture":"#4"},"north":{"uv":[0.75,11.75,11.5,12.75],"texture":"#4"},"up":{"uv":[8.25,8,8.5,8.25],"texture":"#4"},"south":{"uv":[0.75,11.75,11.5,12.75],"texture":"#4"}}},{"to":[21.75,7.125,7.5],"from":[11,7,7.3],"faces":{"down":{"uv":[8.25,8,8.5,8.25],"texture":"#4"},"west":{"uv":[0.25,7.125,0.5,7.375],"texture":"#4"},"north":{"uv":[0,15.75,10.75,16],"texture":"#4"},"up":{"uv":[3.5,4.5,14.25,4.75],"texture":"#4"},"south":{"uv":[15.75,15.75,16,16],"texture":"#4"}}},{"to":[21.75,6.75,7.5],"from":[11,6.625,7.3],"faces":{"down":{"uv":[8.25,8,8.5,8.25],"texture":"#4"},"west":{"uv":[0.25,7.125,0.5,7.375],"texture":"#4"},"north":{"uv":[0,15.75,10.75,16],"texture":"#4"},"up":{"uv":[8.25,8,8.5,8.25],"texture":"#4"},"south":{"uv":[15.75,15.75,16,16],"texture":"#4"}}},{"to":[12,7,8.7],"from":[11,6.75,7.3],"faces":{"west":{"uv":[0.25,7.125,0.5,7.375],"texture":"#4"},"east":{"uv":[8.25,8,8.5,8.25],"texture":"#4"},"north":{"uv":[9.25,15.5,10.25,16],"texture":"#4"},"south":{"uv":[9.25,15.5,10.25,16],"texture":"#4"}}},{"to":[13.25,7,7.35],"from":[13,6.75,7.3],"faces":{"west":{"rotation":180,"uv":[8,7.25,8.25,8],"texture":"#4"},"east":{"rotation":180,"uv":[8,7.25,8.25,8],"texture":"#4"},"north":{"uv":[5.5,15.5,5.75,16],"texture":"#4"},"south":{"uv":[15.75,15.75,16,16],"texture":"#4"}}},{"to":[11.5,6.625,8.7],"from":[11,6.375,7.3],"faces":{"west":{"uv":[0.25,7.125,0.5,7.375],"texture":"#4"},"east":{"uv":[8.25,8,8.5,8.25],"texture":"#4"},"north":{"uv":[7.75,15.5,8.25,16],"texture":"#4"},"south":{"uv":[7.75,15.5,8.25,16],"texture":"#4"}}},{"to":[12.75,6.625,7.35],"from":[12.5,6.375,7.3],"faces":{"west":{"rotation":180,"uv":[8,7.25,8.25,8],"texture":"#4"},"east":{"rotation":180,"uv":[8,7.25,8.25,8],"texture":"#4"},"north":{"uv":[3,15.5,3.25,16],"texture":"#4"},"south":{"uv":[15.75,15.75,16,16],"texture":"#4"}}},{"to":[21.75,6.375,8.7],"from":[11,6.25,7.3],"faces":{"down":{"uv":[8.25,8,8.5,8.25],"texture":"#4"},"west":{"uv":[0.25,7.125,0.5,7.375],"texture":"#4"},"north":{"uv":[4,15.5,14.75,15.75],"texture":"#4"},"up":{"uv":[8.25,8,8.5,8.25],"texture":"#4"},"south":{"uv":[4,15.5,14.75,15.75],"texture":"#4"}}},{"to":[21.75,6.1,8.13924],"from":[11,5.7,7.86076],"faces":{"down":{"rotation":180,"uv":[0,10.75,10.75,11.25],"texture":"#4"},"west":{"uv":[0.25,7.125,0.5,7.375],"texture":"#4"},"east":{"rotation":180,"uv":[8,8,9,8.25],"texture":"#4"}}},{"to":[21.75,6.1,8.13924],"rotation":{"origin":[16.375,6.4,8],"angle":22.5,"axis":"x"},"from":[11,5.7,7.86076],"faces":{"down":{"uv":[1.75,11.25,12.5,11.75],"texture":"#4"},"west":{"uv":[0.25,7.125,0.5,7.375],"texture":"#4"},"east":{"rotation":180,"uv":[8,8,9,8.25],"texture":"#4"}}},{"to":[21.75,6.1,8.13924],"rotation":{"origin":[16.375,6.4,8],"angle":-22.5,"axis":"x"},"from":[11,5.7,7.86076],"faces":{"down":{"rotation":180,"uv":[1.75,11.25,12.5,11.75],"texture":"#4"},"west":{"uv":[0.25,7.125,0.5,7.375],"texture":"#4"},"east":{"rotation":180,"uv":[8,8,9,8.25],"texture":"#4"}}},{"to":[21.75,6.1,8.13924],"rotation":{"origin":[16.375,6.4,8],"angle":45,"axis":"x"},"from":[11,5.7,7.86076],"faces":{"down":{"uv":[2.25,11.75,13,12.25],"texture":"#4"},"east":{"rotation":180,"uv":[8,8,9,8.25],"texture":"#4"},"north":{"uv":[8.25,8,8.5,8.25],"texture":"#4"}}},{"to":[21.75,6.1,8.13924],"rotation":{"origin":[16.375,6.4,8],"angle":-45,"axis":"x"},"from":[11,5.7,7.86076],"faces":{"down":{"rotation":180,"uv":[1.75,11.75,12.5,12.25],"texture":"#4"},"east":{"rotation":180,"uv":[8,8,9,8.25],"texture":"#4"},"south":{"uv":[8.25,8,8.5,8.25],"texture":"#4"}}},{"to":[21.75,6.28926,7.9],"rotation":{"origin":[16.375,6.4,8],"angle":-22.5,"axis":"x"},"from":[11,6.26076,7.3],"faces":{"west":{"uv":[0.25,7.125,0.5,7.375],"texture":"#4"},"east":{"rotation":180,"uv":[8,8,9,8.25],"texture":"#4"},"north":{"uv":[2.25,12.5,13,12.75],"texture":"#4"},"up":{"uv":[8,7.25,8.25,8],"texture":"#4"}}},{"to":[21.75,6.28926,8.7],"rotation":{"origin":[16.375,6.4,8],"angle":22.5,"axis":"x"},"from":[11,6.26076,8.1],"faces":{"west":{"uv":[0.25,7.125,0.5,7.375],"texture":"#4"},"east":{"rotation":180,"uv":[8,8,9,8.25],"texture":"#4"},"up":{"rotation":180,"uv":[8,7.25,8.25,8],"texture":"#4"},"south":{"uv":[2.25,12.5,13,12.75],"texture":"#4"}}},{"to":[12,6.5393,8.7],"rotation":{"origin":[16.375,6.4,8],"angle":22.5,"axis":"x"},"from":[11,6.2893,8.3],"faces":{"west":{"uv":[0.25,7.125,0.5,7.375],"texture":"#4"},"east":{"uv":[8.25,8,8.5,8.25],"texture":"#4"},"south":{"uv":[7.75,15.5,8.75,16],"texture":"#4"}}},{"to":[12,6.5393,7.7],"rotation":{"origin":[16.375,6.4,8],"angle":-22.5,"axis":"x"},"from":[11,6.2893,7.3],"faces":{"west":{"uv":[0.25,7.125,0.5,7.375],"texture":"#4"},"east":{"uv":[8.25,8,8.5,8.25],"texture":"#4"},"north":{"uv":[7.75,15.5,8.75,16],"texture":"#4"}}},{"to":[13.25,6.5393,8.7],"rotation":{"origin":[18.375,6.4,8],"angle":22.5,"axis":"x"},"from":[13,6.2893,8.65],"faces":{"west":{"rotation":180,"uv":[8,7.25,8.25,8],"texture":"#4"},"east":{"rotation":180,"uv":[8,7.25,8.25,8],"texture":"#4"},"south":{"uv":[0,15.5,0.25,16],"texture":"#4"}}},{"to":[13.25,6.5393,7.35],"rotation":{"origin":[18.375,6.4,8],"angle":-22.5,"axis":"x"},"from":[13,6.2893,7.3],"faces":{"west":{"rotation":180,"uv":[8,7.25,8.25,8],"texture":"#4"},"east":{"rotation":180,"uv":[8,7.25,8.25,8],"texture":"#4"},"north":{"uv":[0,15.5,0.25,16],"texture":"#4"}}},{"to":[14.5,8.4,7.5],"from":[13.25,8.2,7.3],"faces":{"north":{"uv":[1.25,15,2.5,15.25],"texture":"#4"},"up":{"rotation":180,"uv":[1,4.25,2.25,4.75],"texture":"#4"},"south":{"rotation":180,"uv":[0,13,7,13.5],"texture":"#4"}}},{"to":[14.5,8.4,8.7],"from":[13.25,8.2,8.5],"faces":{"north":{"rotation":180,"uv":[0,13,7,13.5],"texture":"#4"},"up":{"uv":[1,4.25,2.25,4.75],"texture":"#4"},"south":{"uv":[1.25,15,2.5,15.25],"texture":"#4"}}},{"to":[14.9908,8.30237,8.6995],"rotation":{"origin":[14.7158,8.20237,9.75],"angle":-22.5,"axis":"z"},"from":[14.4408,8.10237,8.4995],"faces":{"north":{"rotation":180,"uv":[0,13,1,13.5],"texture":"#4"},"up":{"uv":[1,4.25,1.5,4.75],"texture":"#4"},"south":{"uv":[1.25,15,1.75,15.25],"texture":"#4"}}},{"to":[21.25,8.2,8.7],"from":[11,8,8.5],"faces":{"down":{"rotation":180,"uv":[1.5,10,10.5,10.5],"texture":"#4"},"west":{"uv":[0.25,7.125,0.5,7.375],"texture":"#4"},"north":{"rotation":180,"uv":[0,13,9,13.5],"texture":"#4"},"up":{"uv":[1,4.25,11.75,4.75],"texture":"#4"},"south":{"uv":[1.25,15,12,15.5],"texture":"#4"}}},{"to":[14.5,8.4,7.875],"from":[13.25,8.35,7.75],"faces":{"down":{"uv":[15.75,15.75,16,16],"texture":"#4"},"north":{"rotation":180,"uv":[0,15.75,9,16],"texture":"#4"},"up":{"rotation":180,"uv":[4.75,4.75,6,5],"texture":"#2"},"south":{"rotation":180,"uv":[0,15.75,9,16],"texture":"#4"}}},{"to":[14.9908,8.30237,7.875],"rotation":{"origin":[14.7158,8.20237,8.9],"angle":-22.5,"axis":"z"},"from":[14.4408,8.25237,7.75],"faces":{"down":{"uv":[15.75,15.75,16,16],"texture":"#4"},"north":{"rotation":180,"uv":[0,15.75,9,16],"texture":"#4"},"up":{"rotation":180,"uv":[4.75,4.75,5.25,5],"texture":"#2"},"south":{"rotation":180,"uv":[0,15.75,9,16],"texture":"#4"}}},{"to":[21.25,8.2,7.875],"from":[14.975,8.15,7.75],"faces":{"down":{"uv":[15.75,15.75,16,16],"texture":"#4"},"north":{"rotation":180,"uv":[0,15.75,9,16],"texture":"#4"},"up":{"rotation":180,"uv":[8.5,4.75,15,5],"texture":"#2"},"south":{"rotation":180,"uv":[0,15.75,9,16],"texture":"#4"}}},{"to":[14.5,8.4,8.25],"from":[13.25,8.35,8.125],"faces":{"down":{"uv":[15.75,15.75,16,16],"texture":"#4"},"north":{"rotation":180,"uv":[0,15.75,9,16],"texture":"#4"},"up":{"rotation":180,"uv":[4.75,4.75,6,5],"texture":"#2"},"south":{"rotation":180,"uv":[0,15.75,9,16],"texture":"#4"}}},{"to":[14.9908,8.30237,8.25],"rotation":{"origin":[14.7158,8.20237,9.25],"angle":-22.5,"axis":"z"},"from":[14.4408,8.25237,8.125],"faces":{"down":{"uv":[15.75,15.75,16,16],"texture":"#4"},"north":{"rotation":180,"uv":[0,15.75,9,16],"texture":"#4"},"up":{"rotation":180,"uv":[4.75,4.75,5.25,5],"texture":"#2"},"south":{"rotation":180,"uv":[0,15.75,9,16],"texture":"#4"}}},{"to":[21.25,8.2,8.25],"from":[14.975,8.15,8.125],"faces":{"down":{"uv":[15.75,15.75,16,16],"texture":"#4"},"north":{"rotation":180,"uv":[0,15.75,9,16],"texture":"#4"},"up":{"rotation":180,"uv":[4.75,4.75,11.25,5],"texture":"#2"},"south":{"rotation":180,"uv":[0,15.75,9,16],"texture":"#4"}}},{"to":[14.5,8.4,8.125],"from":[14.25,8.35,7.875],"faces":{"down":{"uv":[15.75,15.75,16,16],"texture":"#4"},"west":{"rotation":180,"uv":[0,11.75,0.5,12.25],"texture":"#4"},"east":{"rotation":180,"uv":[14,15.5,14.5,16],"texture":"#4"},"up":{"rotation":90,"uv":[11.75,4.5,12.25,4.75],"texture":"#2"}}},{"to":[14,8.4,7.75],"from":[13.25,8.35,7.5],"faces":{"down":{"uv":[15.75,15.75,16,16],"texture":"#4"},"east":{"rotation":180,"uv":[14,15.5,14.5,16],"texture":"#4"},"up":{"rotation":180,"uv":[14,4,14.75,4.5],"texture":"#4"}}},{"to":[14,8.4,8.5],"from":[13.25,8.35,8.25],"faces":{"down":{"uv":[15.75,15.75,16,16],"texture":"#4"},"east":{"rotation":180,"uv":[14,15.5,14.5,16],"texture":"#4"},"up":{"uv":[14,4,14.75,4.5],"texture":"#4"}}},{"to":[15.25,8.2,8.5],"from":[15,8.15,8.25],"faces":{"down":{"uv":[15.75,15.75,16,16],"texture":"#4"},"west":{"rotation":180,"uv":[0,11.75,0.5,12.25],"texture":"#4"},"east":{"rotation":180,"uv":[14,15.5,14.5,16],"texture":"#4"},"up":{"uv":[14,4,14.5,4.5],"texture":"#4"}}},{"to":[16.5,8.2,8.5],"from":[16.25,8.15,8.25],"faces":{"down":{"uv":[15.75,15.75,16,16],"texture":"#4"},"west":{"rotation":180,"uv":[0,11.75,0.5,12.25],"texture":"#4"},"east":{"rotation":180,"uv":[14,15.5,14.5,16],"texture":"#4"},"up":{"uv":[4.25,3,4.75,3.5],"texture":"#4"}}},{"to":[17.75,8.2,8.5],"from":[17.5,8.15,8.25],"faces":{"down":{"uv":[15.75,15.75,16,16],"texture":"#4"},"west":{"rotation":180,"uv":[0,11.75,0.5,12.25],"texture":"#4"},"east":{"rotation":180,"uv":[14,15.5,14.5,16],"texture":"#4"},"up":{"uv":[3,4,3.5,4.5],"texture":"#4"}}},{"to":[19,8.2,8.5],"from":[18.75,8.15,8.25],"faces":{"down":{"uv":[15.75,15.75,16,16],"texture":"#4"},"west":{"rotation":180,"uv":[0,11.75,0.5,12.25],"texture":"#4"},"east":{"rotation":180,"uv":[14,15.5,14.5,16],"texture":"#4"},"up":{"uv":[3.25,4,3.75,4.5],"texture":"#4"}}},{"to":[20.25,8.2,8.5],"from":[20,8.15,8.25],"faces":{"down":{"uv":[15.75,15.75,16,16],"texture":"#4"},"west":{"rotation":180,"uv":[0,11.75,0.5,12.25],"texture":"#4"},"east":{"rotation":180,"uv":[14,15.5,14.5,16],"texture":"#4"},"up":{"uv":[4,3.75,4.5,4.25],"texture":"#4"}}},{"to":[15.75,8.2,8.125],"from":[15.5,8.15,7.875],"faces":{"down":{"uv":[15.75,15.75,16,16],"texture":"#4"},"west":{"rotation":180,"uv":[0,11.75,0.5,12.25],"texture":"#4"},"east":{"rotation":180,"uv":[14,15.5,14.5,16],"texture":"#4"},"up":{"rotation":90,"uv":[11.75,4.5,12.25,4.75],"texture":"#2"}}},{"to":[17,8.2,8.125],"from":[16.75,8.15,7.875],"faces":{"down":{"uv":[15.75,15.75,16,16],"texture":"#4"},"west":{"rotation":180,"uv":[0,11.75,0.5,12.25],"texture":"#4"},"east":{"rotation":180,"uv":[14,15.5,14.5,16],"texture":"#4"},"up":{"rotation":90,"uv":[11.75,4.5,12.25,4.75],"texture":"#2"}}},{"to":[18.25,8.2,8.125],"from":[18,8.15,7.875],"faces":{"down":{"uv":[15.75,15.75,16,16],"texture":"#4"},"west":{"rotation":180,"uv":[0,11.75,0.5,12.25],"texture":"#4"},"east":{"rotation":180,"uv":[14,15.5,14.5,16],"texture":"#4"},"up":{"rotation":90,"uv":[12,4.5,12.5,4.75],"texture":"#2"}}},{"to":[19.5,8.2,8.125],"from":[19.25,8.15,7.875],"faces":{"down":{"uv":[15.75,15.75,16,16],"texture":"#4"},"west":{"rotation":180,"uv":[0,11.75,0.5,12.25],"texture":"#4"},"east":{"rotation":180,"uv":[14,15.5,14.5,16],"texture":"#4"},"up":{"rotation":90,"uv":[11.5,4.5,12,4.75],"texture":"#2"}}},{"to":[21.25,8.2,8.125],"from":[20.5,8.15,7.875],"faces":{"down":{"uv":[15.75,15.75,16,16],"texture":"#4"},"west":{"rotation":180,"uv":[0,11.75,0.5,12.25],"texture":"#4"},"up":{"uv":[9.5,4.25,10.5,4.75],"texture":"#2"}}},{"to":[27,7.95,8.07459],"rotation":{"origin":[13.125,7.575,8],"angle":-22.5,"axis":"x"},"from":[10.75,7.2,7.92541],"faces":{"down":{"rotation":180,"uv":[5.25,8,12.5,8.5],"texture":"#4"},"east":{"uv":[15.75,15.75,16,16],"texture":"#4"},"up":{"rotation":180,"uv":[0,4.75,7.25,5.25],"texture":"#2"}}},{"to":[27,7.95,8.07459],"rotation":{"origin":[13.125,7.575,8],"angle":-45,"axis":"x"},"from":[10.75,7.2,7.92541],"faces":{"down":{"rotation":180,"uv":[5,11.25,12.25,11.75],"texture":"#4"},"east":{"uv":[15.75,15.75,16,16],"texture":"#4"},"up":{"rotation":180,"uv":[5.5,4.5,12.75,5],"texture":"#4"}}},{"to":[27,7.95,8.07459],"from":[10.75,7.2,7.92541],"faces":{"down":{"uv":[15.75,15.75,16,16],"texture":"#4"},"east":{"uv":[15.75,15.75,16,16],"texture":"#4"},"up":{"rotation":180,"uv":[8.75,1.75,16,2.25],"texture":"#2"}}},{"to":[27,7.95,8.07459],"rotation":{"origin":[13.125,7.575,8],"angle":22.5,"axis":"x"},"from":[10.75,7.2,7.92541],"faces":{"down":{"uv":[15.75,15.75,16,16],"texture":"#4"},"east":{"uv":[15.75,15.75,16,16],"texture":"#4"},"up":{"uv":[0,4.75,7.25,5.25],"texture":"#2"}}},{"to":[27,7.95,8.07459],"rotation":{"origin":[13.125,7.575,8],"angle":45,"axis":"x"},"from":[10.75,7.2,7.92541],"faces":{"down":{"uv":[5.25,8,12.5,8.5],"texture":"#4"},"east":{"uv":[15.75,15.75,16,16],"texture":"#4"},"up":{"uv":[5.5,4.5,12.75,5],"texture":"#4"}}},{"to":[27,7.64959,8.375],"rotation":{"origin":[13.125,7.575,8],"angle":-22.5,"axis":"x"},"from":[10.75,7.50041,7.625],"faces":{"east":{"uv":[15.75,15.75,16,16],"texture":"#4"},"north":{"rotation":180,"uv":[5,11.25,12.25,11.75],"texture":"#4"},"south":{"uv":[1.5,12.25,8.75,12.75],"texture":"#4"}}},{"to":[27,7.64959,8.375],"from":[10.75,7.50041,7.625],"faces":{"east":{"uv":[15.75,15.75,16,16],"texture":"#4"},"north":{"rotation":180,"uv":[5,11.75,12.25,12.25],"texture":"#4"},"south":{"rotation":180,"uv":[5,12.25,12.25,12.75],"texture":"#4"}}},{"to":[27,7.64959,8.375],"rotation":{"origin":[13.125,7.575,8],"angle":22.5,"axis":"x"},"from":[10.75,7.50041,7.625],"faces":{"east":{"uv":[15.75,15.75,16,16],"texture":"#4"},"north":{"rotation":180,"uv":[4,12.25,11.25,12.75],"texture":"#4"},"south":{"rotation":180,"uv":[5,12,12.25,12.5],"texture":"#4"}}},{"to":[26.59619,8.68087,8.0749],"rotation":{"origin":[26.55,8.7,8.0241],"angle":22.5,"axis":"z"},"from":[26.19619,7.95587,7.9251],"faces":{"east":{"uv":[15.25,3,15.75,4.75],"texture":"#3"},"north":{"uv":[11.5,3.25,12,5],"texture":"#4"},"south":{"uv":[11.5,3.25,12,5],"texture":"#4"}}},{"to":[28.5,8.025,8.08951],"rotation":{"origin":[27.2,7.575,8],"angle":-45,"axis":"x"},"from":[27,7.875,7.91049],"faces":{"down":{"rotation":180,"uv":[15.75,15.75,16,16],"texture":"#4"},"west":{"rotation":180,"uv":[10,12,10.25,12.25],"texture":"#4"},"east":{"uv":[0,7.5,0.5,8],"texture":"#4"},"up":{"rotation":270,"uv":[1,10,2,14.99],"texture":"#0"}}},{"to":[28.5,8.025,8.08951],"from":[27,7.875,7.91049],"faces":{"down":{"rotation":180,"uv":[15.75,15.75,16,16],"texture":"#4"},"west":{"rotation":180,"uv":[9.75,10.25,10,10.5],"texture":"#4"},"east":{"uv":[15.5,7.5,16,8],"texture":"#4"},"up":{"rotation":270,"uv":[0,10,1,14.99],"texture":"#0"}}},{"to":[28.5,8.025,8.08951],"rotation":{"origin":[27.2,7.575,8],"angle":-22.5,"axis":"x"},"from":[27,7.875,7.91049],"faces":{"down":{"rotation":180,"uv":[15.75,15.75,16,16],"texture":"#4"},"west":{"rotation":180,"uv":[10,11.5,10.25,11.75],"texture":"#4"},"east":{"uv":[1,7.5,1.5,8],"texture":"#4"},"up":{"rotation":270,"uv":[0,10,1,14.99],"texture":"#0"}}},{"to":[28.5,8.025,8.08951],"rotation":{"origin":[27.2,7.575,8],"angle":22.5,"axis":"x"},"from":[27,7.875,7.91049],"faces":{"down":{"rotation":180,"uv":[15.75,15.75,16,16],"texture":"#4"},"west":{"rotation":180,"uv":[10,11.5,10.25,11.75],"texture":"#4"},"east":{"uv":[1.25,7.5,1.75,8],"texture":"#4"},"up":{"rotation":270,"uv":[1.5,10,0.5,14.99],"texture":"#0"}}},{"to":[28.5,8.025,8.08951],"rotation":{"origin":[27.2,7.575,8],"angle":45,"axis":"x"},"from":[27,7.875,7.91049],"faces":{"down":{"rotation":180,"uv":[15.75,15.75,16,16],"texture":"#4"},"west":{"rotation":180,"uv":[10,12,10.25,12.25],"texture":"#4"},"east":{"uv":[0.25,7.5,0.75,8],"texture":"#4"},"up":{"rotation":270,"uv":[2.5,10,1.5,14.99],"texture":"#0"},"south":{"rotation":270,"uv":[3,10,1.5,14.99],"texture":"#0"}}},{"to":[28.5,7.66451,8.45],"rotation":{"origin":[27.2,7.575,8],"angle":22.5,"axis":"x"},"from":[27,7.48549,8.3],"faces":{"west":{"rotation":180,"uv":[10,11.5,10.25,11.75],"texture":"#4"},"east":{"rotation":270,"uv":[9,7.75,9.5,8.25],"texture":"#4"},"north":{"rotation":180,"uv":[9.5,8,9.75,8.25],"texture":"#4"},"south":{"rotation":270,"uv":[5.5,10,4.5,14.99],"texture":"#0"}}},{"to":[28.5,7.66451,8.45],"from":[27,7.48549,8.3],"faces":{"west":{"rotation":180,"uv":[10,12,10.25,12.25],"texture":"#4"},"east":{"rotation":270,"uv":[9,7.75,9.5,8.25],"texture":"#4"},"north":{"rotation":180,"uv":[9.5,8,9.75,8.25],"texture":"#4"},"south":{"rotation":270,"uv":[4.5,10,3.5,14.99],"texture":"#0"}}},{"to":[28.5,7.66451,8.45],"rotation":{"origin":[27.2,7.575,8],"angle":-22.5,"axis":"x"},"from":[27,7.48549,8.3],"faces":{"west":{"rotation":180,"uv":[8.5,4.25,8.75,4.5],"texture":"#4"},"east":{"rotation":270,"uv":[15.5,7.75,16,8.25],"texture":"#4"},"north":{"rotation":180,"uv":[9.5,8,9.75,8.25],"texture":"#4"},"south":{"rotation":270,"uv":[3.5,10,2.5,14.99],"texture":"#0"}}},{"to":[28.5,7.66451,7.7],"from":[27,7.48549,7.55],"faces":{"west":{"rotation":180,"uv":[10,12,10.25,12.25],"texture":"#4"},"east":{"rotation":90,"uv":[9,7.75,9.5,8.25],"texture":"#4"},"north":{"rotation":90,"uv":[3,10,4,14.99],"texture":"#0"},"south":{"rotation":180,"uv":[9.5,8,9.75,8.25],"texture":"#4"}}},{"to":[28.5,7.66451,7.7],"rotation":{"origin":[27.2,7.575,8],"angle":-22.5,"axis":"x"},"from":[27,7.48549,7.55],"faces":{"west":{"rotation":180,"uv":[10,11.5,10.25,11.75],"texture":"#4"},"east":{"rotation":90,"uv":[9,7.75,9.5,8.25],"texture":"#4"},"north":{"rotation":90,"uv":[4,10,5,14.99],"texture":"#0"},"south":{"rotation":180,"uv":[9.5,8,9.75,8.25],"texture":"#4"}}},{"to":[28.5,7.66451,7.7],"rotation":{"origin":[27.2,7.575,8],"angle":22.5,"axis":"x"},"from":[27,7.48549,7.55],"faces":{"west":{"rotation":180,"uv":[8.5,4.25,8.75,4.5],"texture":"#4"},"east":{"uv":[15.5,7.75,16,8.25],"texture":"#4"},"north":{"rotation":90,"uv":[1,10,2,14.99],"texture":"#0"},"south":{"rotation":180,"uv":[9.5,8,9.75,8.25],"texture":"#4"}}},{"to":[28.5,7.275,8.08951],"rotation":{"origin":[27.2,7.575,8],"angle":45,"axis":"x"},"from":[27,7.125,7.91049],"faces":{"down":{"rotation":270,"uv":[6,10,6.99,14.99],"texture":"#0"},"west":{"rotation":180,"uv":[9.75,10.25,10,10.5],"texture":"#4"},"east":{"uv":[10.25,8,10.75,8.5],"texture":"#4"},"up":{"rotation":180,"uv":[8.25,8.25,8.5,8.5],"texture":"#4"}}},{"to":[28.5,7.275,8.08951],"rotation":{"origin":[27.2,7.575,8],"angle":-45,"axis":"x"},"from":[27,7.125,7.91049],"faces":{"down":{"rotation":270,"uv":[6.5,10,5.5,14.99],"texture":"#0"},"west":{"rotation":180,"uv":[9.75,10.25,10,10.5],"texture":"#4"},"east":{"uv":[10.25,8,10.75,8.5],"texture":"#4"},"up":{"rotation":180,"uv":[8.25,8.25,8.5,8.5],"texture":"#4"}}},{"to":[28.5,7.275,8.08951],"rotation":{"origin":[27.2,7.575,8],"angle":-22.5,"axis":"x"},"from":[27,7.125,7.91049],"faces":{"down":{"rotation":270,"uv":[6.5,10,5.5,14.99],"texture":"#0"},"west":{"rotation":180,"uv":[9.75,10.25,10,10.5],"texture":"#4"},"east":{"uv":[10.25,8,10.75,8.5],"texture":"#4"},"up":{"rotation":180,"uv":[8.75,11,9,11.25],"texture":"#4"}}},{"to":[28.5,7.275,8.08951],"rotation":{"origin":[27.2,7.575,8],"angle":22.5,"axis":"x"},"from":[27,7.125,7.91049],"faces":{"down":{"rotation":270,"uv":[6.5,10,5.5,14.99],"texture":"#0"},"west":{"rotation":180,"uv":[9.75,10.25,10,10.5],"texture":"#4"},"east":{"uv":[10.25,8,10.75,8.5],"texture":"#4"},"up":{"rotation":180,"uv":[8.75,11,9,11.25],"texture":"#4"}}},{"to":[28.5,7.275,8.08951],"from":[27,7.125,7.91049],"faces":{"down":{"rotation":270,"uv":[6,10,6.99,14.99],"texture":"#0"},"west":{"rotation":180,"uv":[9.75,10.25,10,10.5],"texture":"#4"},"east":{"uv":[10.25,8,10.75,8.5],"texture":"#4"},"up":{"rotation":180,"uv":[8.75,11.5,9,11.75],"texture":"#4"}}},{"to":[28.2502,6.925,8.08951],"rotation":{"origin":[21.95,6.475,8],"angle":-45,"axis":"x"},"from":[21.7502,6.025,7.91049],"faces":{"down":{"uv":[6.25,5.5,13.5,6],"texture":"#4"},"east":{"rotation":180,"uv":[6,11,7,12],"texture":"#4"},"up":{"uv":[6.75,5,14,5.5],"texture":"#2"}}},{"to":[28.25,6.925,8.08951],"rotation":{"origin":[21.95,6.475,8],"angle":-22.5,"axis":"x"},"from":[21.75,6.025,7.91049],"faces":{"down":{"rotation":180,"uv":[5.25,8,12.5,8.5],"texture":"#4"},"east":{"rotation":180,"uv":[6,11,7,12],"texture":"#4"},"up":{"uv":[7.25,4.75,14.5,5.25],"texture":"#4"}}},{"to":[28.2502,6.925,8.08951],"from":[21.7502,6.025,7.91049],"faces":{"down":{"uv":[15.75,15.75,16,16],"texture":"#4"},"east":{"rotation":180,"uv":[6,11,7,12],"texture":"#4"},"up":{"uv":[4.5,6.25,11.75,6.75],"texture":"#4"}}},{"to":[28.25,6.925,8.08951],"rotation":{"origin":[21.95,6.475,8],"angle":22.5,"axis":"x"},"from":[21.75,6.025,7.91049],"faces":{"down":{"uv":[5.25,8,12.5,8.5],"texture":"#4"},"east":{"rotation":180,"uv":[6,11,7,12],"texture":"#4"},"up":{"rotation":180,"uv":[7.25,4.75,14.5,5.25],"texture":"#4"}}},{"to":[28.2502,6.925,8.08951],"rotation":{"origin":[21.95,6.475,8],"angle":45,"axis":"x"},"from":[21.7502,6.025,7.91049],"faces":{"down":{"uv":[0,9.5,7.25,10],"texture":"#4"},"east":{"rotation":180,"uv":[6,11,7,12],"texture":"#4"},"up":{"rotation":180,"uv":[6.75,5,14,5.5],"texture":"#2"}}},{"to":[28.25,6.56451,8.45],"rotation":{"origin":[21.95,6.475,8],"angle":-22.5,"axis":"x"},"from":[21.75,6.38549,7.55],"faces":{"east":{"rotation":90,"uv":[6,11,7,12],"texture":"#4"},"north":{"uv":[7,5.25,14.25,5.75],"texture":"#4"},"south":{"uv":[7.25,4.5,14.5,5],"texture":"#4"}}},{"to":[28.2505,6.56451,8.45],"from":[21.7505,6.38549,7.55],"faces":{"east":{"rotation":180,"uv":[5.75,11.25,6.75,11.75],"texture":"#4"},"north":{"uv":[7,4.75,14.25,5.25],"texture":"#4"},"south":{"uv":[6.75,5,14,5.5],"texture":"#4"}}},{"to":[28.25,6.56451,8.45],"rotation":{"origin":[21.95,6.475,8],"angle":22.5,"axis":"x"},"from":[21.75,6.38549,7.55],"faces":{"east":{"rotation":270,"uv":[6,11,7,12],"texture":"#4"},"north":{"uv":[7.25,4.75,14.5,5.25],"texture":"#2"},"south":{"uv":[0,9.25,7.25,9.75],"texture":"#4"}}},{"to":[21.75,6.5393,7.9],"rotation":{"origin":[26.875,6.4,8],"angle":-22.5,"axis":"x"},"from":[21.5,6.2893,7.3],"faces":{"east":{"rotation":180,"uv":[8,8,9,8.25],"texture":"#4"},"north":{"uv":[13,10,13.5,10.5],"texture":"#4"}}},{"to":[21.75,6.5393,8.7],"rotation":{"origin":[26.875,6.4,8],"angle":22.5,"axis":"x"},"from":[21.5,6.2893,8.1],"faces":{"east":{"rotation":180,"uv":[8,8,9,8.25],"texture":"#4"},"south":{"uv":[13,10,13.5,10.5],"texture":"#4"}}},{"to":[21.75,7.15,8.7],"from":[21.5,6.25,7.3],"faces":{"east":{"rotation":180,"uv":[8,8,9.25,9],"texture":"#4"}}},{"to":[26.9,8.05,8.225],"from":[26.05,7.9,7.775],"faces":{"west":{"uv":[0,5,0.75,5.5],"texture":"#4"},"east":{"uv":[2.25,4.25,3,4.75],"texture":"#4"},"north":{"uv":[0,4.75,1.65,5.25],"texture":"#4"},"up":{"uv":[11,1.75,12.5,3.5],"texture":"#4"},"south":{"uv":[0,4.75,1.65,5.25],"texture":"#4"}}},{"to":[23.3,6.975,8.09946],"from":[21.75,5.975,7.90054],"faces":{"down":{"rotation":270,"uv":[6,10,7,15],"texture":"#0"},"east":{"rotation":180,"uv":[9.75,10.25,10,10.5],"texture":"#4"},"up":{"rotation":270,"uv":[6.5,10,5.5,15],"texture":"#0"}}},{"to":[22.85,7.075,8.24853],"from":[22.7,6.375,7.75147],"faces":{"west":{"rotation":180,"uv":[0,10.75,1.5,10.25],"texture":"#4"},"east":{"rotation":270,"uv":[0,12.25,1.5,11.75],"texture":"#4"},"up":{"rotation":270,"uv":[3.5,2.5,5,2],"texture":"#4"}}},{"to":[23.3,6.975,8.09946],"rotation":{"origin":[22.5,6.475,8],"angle":22.5,"axis":"x"},"from":[21.75,5.975,7.90054],"faces":{"down":{"rotation":270,"uv":[6,10,7,15],"texture":"#0"},"east":{"rotation":180,"uv":[9.75,10.25,10,10.5],"texture":"#4"},"up":{"rotation":270,"uv":[3,10,4,15],"texture":"#0"}}},{"to":[23.3,6.975,8.09946],"rotation":{"origin":[22.5,6.475,8],"angle":45,"axis":"x"},"from":[21.75,5.975,7.90054],"faces":{"down":{"rotation":270,"uv":[5,10,6,15],"texture":"#0"},"east":{"rotation":180,"uv":[9.75,10.25,10,10.5],"texture":"#4"},"up":{"rotation":270,"uv":[0,10,1,14.99],"texture":"#0"}}},{"to":[23.3,6.57446,8.5],"rotation":{"origin":[22.5,6.475,8],"angle":-22.5,"axis":"x"},"from":[21.75,6.37554,7.5],"faces":{"east":{"rotation":180,"uv":[9.75,10.25,10,10.5],"texture":"#4"},"north":{"rotation":90,"uv":[4,10,5,15],"texture":"#0"},"south":{"rotation":270,"uv":[3.5,10,2.5,15],"texture":"#0"}}},{"to":[23.3,6.975,8.09946],"rotation":{"origin":[22.5,6.475,8],"angle":-22.5,"axis":"x"},"from":[21.75,5.975,7.90054],"faces":{"down":{"rotation":270,"uv":[6,10,7,15],"texture":"#0"},"east":{"rotation":180,"uv":[9.75,10.25,10,10.5],"texture":"#4"},"up":{"rotation":270,"uv":[4.5,10,3.5,15],"texture":"#0"}}},{"to":[23.3,6.975,8.09946],"rotation":{"origin":[22.5,6.475,8],"angle":-45,"axis":"x"},"from":[21.75,5.975,7.90054],"faces":{"down":{"rotation":270,"uv":[5,10,6,15],"texture":"#0"},"east":{"rotation":180,"uv":[9.75,10.25,10,10.5],"texture":"#4"},"up":{"rotation":270,"uv":[0,10,1,14.99],"texture":"#0"}}},{"to":[23.3,6.57446,8.5],"rotation":{"origin":[22.5,6.475,8],"angle":22.5,"axis":"x"},"from":[21.75,6.37554,7.5],"faces":{"east":{"rotation":180,"uv":[9.75,10.25,10,10.5],"texture":"#4"},"north":{"rotation":90,"uv":[2,10,3,15],"texture":"#0"},"south":{"rotation":270,"uv":[5.5,10,4.5,15],"texture":"#0"}}},{"to":[23.3,6.57446,8.5],"from":[21.75,6.37554,7.5],"faces":{"east":{"rotation":180,"uv":[9.75,10.25,10,10.5],"texture":"#4"},"north":{"rotation":90,"uv":[3,10,4,15],"texture":"#0"},"south":{"rotation":270,"uv":[4.5,10,3.5,15],"texture":"#0"}}},{"to":[22.851,7.075,8.24853],"rotation":{"origin":[23.525,6.475,8],"angle":45,"axis":"x"},"from":[22.701,6.375,7.75147],"faces":{"west":{"rotation":90,"uv":[0,10.75,1.5,10.25],"texture":"#4"},"east":{"rotation":270,"uv":[0,16,1.5,15.5],"texture":"#4"},"up":{"rotation":270,"uv":[6.25,2.25,7.75,1.75],"texture":"#4"}}},{"to":[22.851,7.075,8.24853],"rotation":{"origin":[23.525,6.475,8],"angle":-45,"axis":"x"},"from":[22.701,6.375,7.75147],"faces":{"west":{"rotation":90,"uv":[0,10.75,1.5,10.25],"texture":"#4"},"east":{"rotation":270,"uv":[0,16,1.5,15.5],"texture":"#4"},"up":{"rotation":270,"uv":[6.25,2.25,7.75,1.75],"texture":"#4"}}},{"to":[22.85,6.72353,8.6],"from":[22.7,6.22647,7.4],"faces":{"west":{"rotation":90,"uv":[0,10.75,1.5,10.25],"texture":"#4"},"east":{"rotation":270,"uv":[0,16,1.5,15.5],"texture":"#4"},"north":{"rotation":270,"uv":[7.5,13,9,12.5],"texture":"#4"},"south":{"rotation":90,"uv":[7.5,13,9,12.5],"texture":"#4"}}},{"to":[22.85,6.22582,8.60326],"rotation":{"origin":[23.425,6.23435,8.60326],"angle":22.5,"axis":"x"},"from":[22.7,5.53582,8.42826],"faces":{"west":{"rotation":90,"uv":[0,10.75,1.5,10.25],"texture":"#4"},"east":{"rotation":270,"uv":[0,12.5,1.5,12],"texture":"#4"},"north":{"rotation":180,"uv":[7.25,7.5,7.75,8.25],"texture":"#4"},"south":{"rotation":90,"uv":[7.25,13.5,8.75,13],"texture":"#4"}}},{"to":[22.85,6.22582,7.57174],"rotation":{"origin":[23.425,6.23435,7.39674],"angle":-22.5,"axis":"x"},"from":[22.7,5.53582,7.39674],"faces":{"west":{"rotation":90,"uv":[0,10.75,1.5,10.25],"texture":"#4"},"east":{"rotation":90,"uv":[0,12.5,1.5,12],"texture":"#4"},"north":{"rotation":90,"uv":[4.5,13,6,13.5],"texture":"#4"},"south":{"rotation":180,"uv":[7.25,7.5,7.75,8.25],"texture":"#4"}}},{"to":[22.849,5.76399,8.33595],"rotation":{"origin":[8.001,8.01399,8.00008],"angle":0,"axis":"y"},"from":[22.701,5.58899,7.66405],"faces":{"down":{"rotation":270,"uv":[5.5,8,7,7.5],"texture":"#4"},"west":{"rotation":90,"uv":[0,10.75,1.5,10.25],"texture":"#4"},"east":{"rotation":180,"uv":[0,12.5,1.5,12],"texture":"#4"},"up":{"rotation":180,"uv":[1.25,6.75,1.75,7.75],"texture":"#4"}}},{"to":[22.849,6.15,8.38603],"from":[22.701,5.95,7.61397],"faces":{"down":{"uv":[15.75,15.75,16,16],"texture":"#4"},"west":{"rotation":180,"uv":[0,10.75,1.5,10.25],"texture":"#4"},"east":{"rotation":180,"uv":[0,12,1.5,11.5],"texture":"#4"}}},{"to":[13.7995,6.61629,7.82929],"rotation":{"origin":[13.675,6.17279,8],"angle":-45,"axis":"x"},"from":[13.5495,5.87071,7.02929],"faces":{"west":{"rotation":180,"uv":[5.25,8,5.75,8.5],"texture":"#4"},"east":{"rotation":90,"uv":[4.5,10.25,6.5,10.75],"texture":"#4"},"north":{"rotation":270,"uv":[0,7.5,1,8],"texture":"#4"}}},{"to":[13.7995,6.61629,8.97071],"rotation":{"origin":[13.675,6.17279,8],"angle":45,"axis":"x"},"from":[13.5495,5.87071,8.17071],"faces":{"west":{"rotation":180,"uv":[5.25,8,5.75,8.5],"texture":"#4"},"east":{"rotation":90,"uv":[4.5,10.25,6.5,10.75],"texture":"#4"},"south":{"rotation":90,"uv":[0,7.5,1,8],"texture":"#4"}}},{"to":[13.8,6.07279,8.47279],"from":[13.55,5.27279,7.52721],"faces":{"down":{"rotation":90,"uv":[3.5,7.75,5.5,8.25],"texture":"#4"},"west":{"rotation":180,"uv":[4.5,8,5,8.5],"texture":"#4"},"east":{"rotation":90,"uv":[4.5,10.25,6.5,10.75],"texture":"#4"}}},{"to":[16.45,6.54203,8.82071],"rotation":{"origin":[15.5,6.16066,8],"angle":45,"axis":"x"},"from":[13.75,5.92071,7.32071],"faces":{"south":{"rotation":180,"uv":[7,9,16,10],"texture":"#0"}}},{"to":[16.45,6.54203,8.67929],"rotation":{"origin":[15.5,6.16066,8],"angle":-45,"axis":"x"},"from":[13.75,5.92071,7.17929],"faces":{"north":{"uv":[7,9,16,10],"texture":"#0"}}},{"to":[17.75,6.91066,8.41066],"from":[13.75,5.41066,7.58934],"faces":{"down":{"uv":[15.75,15.75,16,16],"texture":"#4"}}},{"to":[21.25,7.6,8.85],"from":[17.35,5.85,7.15],"faces":{"east":{"uv":[13,10,13.5,10.5],"texture":"#4"},"north":{"uv":[0,3,13,9.5],"texture":"#0"},"up":{"rotation":180,"uv":[0,8.5,13,9.5],"texture":"#0"},"south":{"uv":[13,3,0,9.5],"texture":"#0"}}},{"to":[18.5581,6.07189,8.75],"rotation":{"origin":[17.7581,5.84689,8.6],"angle":-22.5,"axis":"z"},"from":[16.6081,5.39689,7.25],"faces":{"down":{"uv":[15.75,15.75,16,16],"texture":"#4"},"north":{"rotation":180,"uv":[0,8,1,8.75],"texture":"#4"},"south":{"rotation":180,"uv":[1.25,8,2.25,8.75],"texture":"#4"}}},{"to":[21.95,6.54203,7.35429],"rotation":{"origin":[21.2,6.16066,8],"angle":-45,"axis":"x"},"from":[16.45,5.92071,7.17929],"faces":{"east":{"rotation":90,"uv":[10,8,10.25,8.5],"texture":"#4"},"north":{"rotation":180,"uv":[0.5,8,6.5,8.75],"texture":"#4"},"south":{"uv":[8,8,8.75,8.5],"texture":"#4"}}},{"to":[21.95,5.56066,8.41066],"from":[19.45,5.41066,7.58934],"faces":{"down":{"uv":[15.75,15.75,16,16],"texture":"#4"},"east":{"rotation":180,"uv":[10,8,10.25,8.5],"texture":"#4"},"up":{"rotation":180,"uv":[6.75,10,7.5,10.75],"texture":"#4"}}},{"to":[21.95,6.54203,8.82071],"rotation":{"origin":[21.2,6.16066,8],"angle":45,"axis":"x"},"from":[16.45,5.92071,8.67071],"faces":{"east":{"rotation":270,"uv":[10,8,10.25,8.5],"texture":"#4"},"north":{"uv":[8,8,8.75,8.5],"texture":"#4"},"south":{"rotation":180,"uv":[1,8,7,8.75],"texture":"#4"}}},{"to":[19.825,5.775,8.75],"from":[18.325,5.125,7.25],"faces":{"down":{"uv":[15.75,15.75,16,16],"texture":"#4"},"north":{"rotation":180,"uv":[1.25,8,2.25,8.75],"texture":"#4"},"south":{"rotation":180,"uv":[1.25,8,2.25,8.75],"texture":"#4"}}},{"to":[21.44234,5.76353,8.75],"rotation":{"origin":[19.79234,5.13853,8.6],"angle":22.5,"axis":"z"},"from":[19.81734,5.11353,7.25],"faces":{"down":{"uv":[15.75,15.75,16,16],"texture":"#4"},"east":{"uv":[13,10,13.5,10.5],"texture":"#4"},"north":{"rotation":180,"uv":[1.5,8,2.5,8.75],"texture":"#4"},"south":{"rotation":180,"uv":[1.25,8,2.25,8.75],"texture":"#4"}}},{"to":[21.95,6.1,7.3],"from":[21.25,5.85,7.15],"faces":{"east":{"rotation":180,"uv":[9.75,8.25,10,8.75],"texture":"#4"},"north":{"uv":[0.5,9,3,9.5],"texture":"#0"},"south":{"uv":[8,8,8.75,8.25],"texture":"#4"}}},{"to":[21.95,6.4,7.3],"rotation":{"origin":[21.95,6.1,7.3],"angle":45,"axis":"z"},"from":[21.75,6.1,7.1505],"faces":{"east":{"uv":[8.25,11.5,8.5,12],"texture":"#4"},"north":{"uv":[0.5,9,1,9.5],"texture":"#0"},"south":{"uv":[8,8,8.75,8.25],"texture":"#4"}}},{"to":[21.751,7.3844,7.3],"from":[21.25,6.1,7.15],"faces":{"east":{"rotation":270,"uv":[3.25,11.25,5.5,11.75],"texture":"#4"},"north":{"uv":[1,4,3,8.5],"texture":"#0"},"south":{"uv":[8,8,8.75,8.25],"texture":"#4"}}},{"to":[21.751,7.3844,7.3],"rotation":{"origin":[21.751,7.3844,7.2995],"angle":-22.5,"axis":"z"},"from":[21.201,7.0844,7.1505],"faces":{"north":{"uv":[1,3,3,4],"texture":"#0"},"up":{"rotation":270,"uv":[7.5,11.25,7.75,12.25],"texture":"#4"},"south":{"uv":[8,8,8.75,8.25],"texture":"#4"}}},{"to":[21.751,7.3844,8.8495],"rotation":{"origin":[21.751,7.3844,8.7005],"angle":-22.5,"axis":"z"},"from":[21.201,7.0844,8.7],"faces":{"north":{"uv":[8,8,8.75,8.25],"texture":"#4"},"up":{"rotation":270,"uv":[7.5,11.25,7.75,12.25],"texture":"#4"},"south":{"uv":[1,3,3,4],"texture":"#0"}}},{"to":[21.751,7.3844,8.85],"from":[21.25,6.1,8.7],"faces":{"east":{"rotation":90,"uv":[3.25,11.25,5.5,11.75],"texture":"#4"},"north":{"uv":[8,8,8.75,8.25],"texture":"#4"},"south":{"uv":[1,4,3,8.5],"texture":"#0"}}},{"to":[21.95,6.4,8.8495],"rotation":{"origin":[21.95,6.1,8.7],"angle":45,"axis":"z"},"from":[21.75,6.1,8.7],"faces":{"east":{"uv":[8.25,11.5,8.5,12],"texture":"#4"},"north":{"uv":[8,8,8.75,8.25],"texture":"#4"},"south":{"uv":[0.5,9,1,9.5],"texture":"#0"}}},{"to":[21.95,6.1,8.85],"from":[21.25,5.85,8.7],"faces":{"east":{"rotation":180,"uv":[9.75,8.25,10,8.75],"texture":"#4"},"north":{"uv":[8,8,8.75,8.25],"texture":"#4"},"south":{"uv":[0.5,9,3,9.5],"texture":"#0"}}},{"to":[15.25,8.2,7.75],"from":[15,8.15,7.5],"faces":{"down":{"uv":[15.75,15.75,16,16],"texture":"#4"},"west":{"rotation":180,"uv":[0,11.75,0.5,12.25],"texture":"#4"},"east":{"rotation":180,"uv":[14,15.5,14.5,16],"texture":"#4"},"up":{"rotation":180,"uv":[14,4,14.5,4.5],"texture":"#4"}}},{"to":[16.5,8.2,7.75],"from":[16.25,8.15,7.5],"faces":{"down":{"uv":[15.75,15.75,16,16],"texture":"#4"},"west":{"rotation":180,"uv":[0,11.75,0.5,12.25],"texture":"#4"},"east":{"rotation":180,"uv":[14,15.5,14.5,16],"texture":"#4"},"up":{"uv":[4.25,3,4.75,3.5],"texture":"#4"}}},{"to":[17.75,8.2,7.75],"from":[17.5,8.15,7.5],"faces":{"down":{"uv":[15.75,15.75,16,16],"texture":"#4"},"west":{"rotation":180,"uv":[0,11.75,0.5,12.25],"texture":"#4"},"east":{"rotation":180,"uv":[14,15.5,14.5,16],"texture":"#4"},"up":{"uv":[3,4,3.5,4.5],"texture":"#4"}}},{"to":[19,8.2,7.75],"from":[18.75,8.15,7.5],"faces":{"down":{"uv":[15.75,15.75,16,16],"texture":"#4"},"west":{"rotation":180,"uv":[0,11.75,0.5,12.25],"texture":"#4"},"east":{"rotation":180,"uv":[14,15.5,14.5,16],"texture":"#4"},"up":{"uv":[3.25,4,3.75,4.5],"texture":"#4"}}},{"to":[20.25,8.2,7.75],"from":[20,8.15,7.5],"faces":{"down":{"uv":[15.75,15.75,16,16],"texture":"#4"},"west":{"rotation":180,"uv":[0,11.75,0.5,12.25],"texture":"#4"},"east":{"rotation":180,"uv":[14,15.5,14.5,16],"texture":"#4"},"up":{"uv":[4,3.75,4.5,4.25],"texture":"#4"}}},{"to":[20.25,8,8.7],"from":[20,7.75,8.65],"faces":{"west":{"rotation":180,"uv":[8,7.25,8.25,8],"texture":"#4"},"east":{"rotation":180,"uv":[8,7.25,8.25,8],"texture":"#4"},"north":{"uv":[8.25,8,8.5,8.25],"texture":"#4"},"south":{"uv":[12.25,15.5,12.5,16],"texture":"#4"}}},{"to":[19,8,8.7],"from":[18.75,7.75,8.65],"faces":{"west":{"rotation":180,"uv":[8,7.25,8.25,8],"texture":"#4"},"east":{"rotation":180,"uv":[8,7.25,8.25,8],"texture":"#4"},"north":{"uv":[8.25,8,8.5,8.25],"texture":"#4"},"south":{"uv":[10.5,15.5,10.75,16],"texture":"#4"}}},{"to":[17.75,8,8.7],"from":[17.5,7.75,8.65],"faces":{"west":{"rotation":180,"uv":[8,7.25,8.25,8],"texture":"#4"},"east":{"rotation":180,"uv":[8,7.25,8.25,8],"texture":"#4"},"north":{"uv":[8.25,8,8.5,8.25],"texture":"#4"},"south":{"uv":[13.75,15.5,14,16],"texture":"#4"}}},{"to":[16.5,8,8.7],"from":[16.25,7.75,8.65],"faces":{"west":{"rotation":180,"uv":[8,7.25,8.25,8],"texture":"#4"},"east":{"rotation":180,"uv":[8,7.25,8.25,8],"texture":"#4"},"north":{"uv":[8.25,8,8.5,8.25],"texture":"#4"},"south":{"uv":[7.75,15.5,8,16],"texture":"#4"}}},{"to":[15.25,8,8.7],"from":[15,7.75,8.65],"faces":{"west":{"rotation":180,"uv":[8,7.25,8.25,8],"texture":"#4"},"east":{"rotation":180,"uv":[8,7.25,8.25,8],"texture":"#4"},"north":{"uv":[8.25,8,8.5,8.25],"texture":"#4"},"south":{"uv":[10,15.5,10.25,16],"texture":"#4"}}},{"to":[14,8,8.7],"from":[13.75,7.75,8.65],"faces":{"west":{"rotation":180,"uv":[8,7.25,8.25,8],"texture":"#4"},"east":{"rotation":180,"uv":[8,7.25,8.25,8],"texture":"#4"},"north":{"uv":[8.25,8,8.5,8.25],"texture":"#4"},"south":{"uv":[13.25,15.5,13.5,16],"texture":"#4"}}},{"to":[12.75,8,8.7],"from":[12.5,7.75,8.65],"faces":{"west":{"rotation":180,"uv":[8,7.25,8.25,8],"texture":"#4"},"east":{"rotation":180,"uv":[8,7.25,8.25,8],"texture":"#4"},"north":{"uv":[8.25,8,8.5,8.25],"texture":"#4"},"south":{"uv":[11.25,15.5,11.5,16],"texture":"#4"}}},{"to":[13.6,6.9,8.4],"rotation":{"origin":[12.4,6.55,8.1],"angle":45,"axis":"x"},"from":[11.2,6.1,7.6],"faces":{"down":{"uv":[3,0.5,16,1.5],"texture":"#0"},"north":{"rotation":180,"uv":[3,0.5,16,1.5],"texture":"#0"},"up":{"uv":[3,0.5,16,1.5],"texture":"#0"},"south":{"uv":[3,0.5,16,1.5],"texture":"#0"}}},{"to":[13.25,7,8.7],"from":[13,6.75,8.65],"faces":{"west":{"rotation":180,"uv":[8,7.25,8.25,8],"texture":"#4"},"east":{"rotation":180,"uv":[8,7.25,8.25,8],"texture":"#4"},"north":{"uv":[15.75,15.75,16,16],"texture":"#4"},"south":{"uv":[5.5,15.5,5.75,16],"texture":"#4"}}},{"to":[12.75,6.625,8.7],"from":[12.5,6.375,8.65],"faces":{"west":{"rotation":180,"uv":[8,7.25,8.25,8],"texture":"#4"},"east":{"rotation":180,"uv":[8,7.25,8.25,8],"texture":"#4"},"north":{"uv":[15.75,15.75,16,16],"texture":"#4"},"south":{"uv":[3,15.5,3.25,16],"texture":"#4"}}},{"to":[21.75,6.75,8.7],"from":[11,6.625,8.5],"faces":{"down":{"uv":[8.25,8,8.5,8.25],"texture":"#4"},"west":{"uv":[0.25,7.125,0.5,7.375],"texture":"#4"},"north":{"uv":[15.75,15.75,16,16],"texture":"#4"},"up":{"uv":[8.25,8,8.5,8.25],"texture":"#4"},"south":{"uv":[0,15.75,10.75,16],"texture":"#4"}}},{"to":[21.75,7.125,8.7],"from":[11,7,8.5],"faces":{"down":{"uv":[8.25,8,8.5,8.25],"texture":"#4"},"west":{"uv":[0.25,7.125,0.5,7.375],"texture":"#4"},"north":{"uv":[15.75,15.75,16,16],"texture":"#4"},"up":{"uv":[3.5,4.5,14.25,4.75],"texture":"#4"},"south":{"uv":[0,15.75,10.75,16],"texture":"#4"}}},{"to":[21.25,7.75,8.7],"from":[11,7.625,8.6],"faces":{"down":{"uv":[0.75,11,11.5,11.25],"texture":"#4"},"west":{"uv":[0.25,7.125,0.5,7.375],"texture":"#4"},"north":{"rotation":180,"uv":[0,13,9,13.5],"texture":"#4"},"up":{"rotation":180,"uv":[7,3.5,16,4],"texture":"#4"},"south":{"uv":[1.75,15.5,12.5,15.75],"texture":"#4"}}},{"to":[20.25,8,7.35],"from":[20,7.75,7.3],"faces":{"west":{"rotation":180,"uv":[8,7.25,8.25,8],"texture":"#4"},"east":{"rotation":180,"uv":[8,7.25,8.25,8],"texture":"#4"},"north":{"uv":[14.5,15.5,14.75,16],"texture":"#4"},"south":{"uv":[8.25,8,8.5,8.25],"texture":"#4"}}},{"to":[19,8,7.35],"from":[18.75,7.75,7.3],"faces":{"west":{"rotation":180,"uv":[8,7.25,8.25,8],"texture":"#4"},"east":{"rotation":180,"uv":[8,7.25,8.25,8],"texture":"#4"},"north":{"uv":[10.75,15.5,11,16],"texture":"#4"},"south":{"uv":[8.25,8,8.5,8.25],"texture":"#4"}}},{"to":[17.75,8,7.35],"from":[17.5,7.75,7.3],"faces":{"west":{"rotation":180,"uv":[8,7.25,8.25,8],"texture":"#4"},"east":{"rotation":180,"uv":[8,7.25,8.25,8],"texture":"#4"},"north":{"uv":[12.25,15.5,12.5,16],"texture":"#4"},"south":{"uv":[8.25,8,8.5,8.25],"texture":"#4"}}},{"to":[16.5,8,7.35],"from":[16.25,7.75,7.3],"faces":{"west":{"rotation":180,"uv":[8,7.25,8.25,8],"texture":"#4"},"east":{"rotation":180,"uv":[8,7.25,8.25,8],"texture":"#4"},"north":{"uv":[9.75,15.5,10,16],"texture":"#4"},"south":{"uv":[8.25,8,8.5,8.25],"texture":"#4"}}},{"to":[15.25,8,7.35],"from":[15,7.75,7.3],"faces":{"west":{"rotation":180,"uv":[8,7.25,8.25,8],"texture":"#4"},"east":{"rotation":180,"uv":[8,7.25,8.25,8],"texture":"#4"},"north":{"uv":[13,15.5,13.25,16],"texture":"#4"},"south":{"uv":[8.25,8,8.5,8.25],"texture":"#4"}}},{"to":[14,8,7.35],"from":[13.75,7.75,7.3],"faces":{"west":{"rotation":180,"uv":[8,7.25,8.25,8],"texture":"#4"},"east":{"rotation":180,"uv":[8,7.25,8.25,8],"texture":"#4"},"north":{"uv":[10.75,15.5,11,16],"texture":"#4"},"south":{"uv":[8.25,8,8.5,8.25],"texture":"#4"}}},{"to":[12.75,8,7.35],"from":[12.5,7.75,7.3],"faces":{"west":{"rotation":180,"uv":[8,7.25,8.25,8],"texture":"#4"},"east":{"rotation":180,"uv":[8,7.25,8.25,8],"texture":"#4"},"north":{"uv":[13.25,15.5,13.5,16],"texture":"#4"},"south":{"uv":[8.25,8,8.5,8.25],"texture":"#4"}}},{"to":[11,7.75,8.1],"rotation":{"origin":[6.75,7.63065,8],"angle":45,"axis":"x"},"from":[3.5,7.5113,7.4],"faces":{"north":{"rotation":180,"uv":[0.75,11.75,8.5,12.25],"texture":"#4"}}},{"to":[11,7.75,8.1],"rotation":{"origin":[6.75,7.63065,8],"angle":22.5,"axis":"x"},"from":[3.5,7.5113,7.4],"faces":{"north":{"rotation":180,"uv":[0.75,11.25,8.5,11.75],"texture":"#4"}}},{"to":[8,7.75,8.6],"rotation":{"origin":[6.75,7.63065,8],"angle":-22.5,"axis":"x"},"from":[3.5,7.5113,7.9],"faces":{"east":{"uv":[5.75,8,6,8.25],"texture":"#3"},"south":{"rotation":180,"uv":[0.75,11.5,4.75,12],"texture":"#4"}}},{"to":[11,7.75,8.1],"from":[3.5,6.25,7.4],"faces":{"east":{"uv":[8.25,8,8.5,8.25],"texture":"#4"},"north":{"rotation":180,"uv":[0.75,9.5,8.5,11.5],"texture":"#4"}}},{"to":[11,8.23065,8.11935],"rotation":{"origin":[6.75,7.63065,8],"angle":-22.5,"axis":"x"},"from":[3.5,7.53065,7.88065],"faces":{"up":{"rotation":180,"uv":[2.75,4.5,10.5,5],"texture":"#4"}}},{"to":[11,8.23065,8.11935],"from":[3.5,7.53065,7.88065],"faces":{"up":{"rotation":180,"uv":[2.75,4.5,10.5,5],"texture":"#2"}}},{"to":[11,7.75,8.6],"rotation":{"origin":[6.75,7.63065,8],"angle":-45,"axis":"x"},"from":[3.5,7.5113,7.9],"faces":{"down":{"uv":[5.75,8,9.75,8.25],"texture":"#3"},"south":{"rotation":180,"uv":[0.75,11.75,8.5,12.25],"texture":"#4"}}},{"to":[11,8.23065,8.11935],"rotation":{"origin":[6.75,7.63065,8],"angle":22.5,"axis":"x"},"from":[3.5,7.53065,7.88065],"faces":{"up":{"uv":[2.75,4.5,10.5,5],"texture":"#4"}}},{"to":[11.5,8.25,8.6],"from":[11,8,7.4],"faces":{"west":{"uv":[0.25,7.125,0.5,7.375],"texture":"#4"},"east":{"rotation":180,"uv":[15.75,15.75,16,16],"texture":"#4"}}},{"to":[10.25,6.4887,8.1],"rotation":{"origin":[7.25,6.36935,8],"angle":-22.5,"axis":"x"},"from":[4,6.25,7.4],"faces":{"north":{"rotation":180,"uv":[4.75,9.5,11.75,10],"texture":"#4"}}},{"to":[10.25,6.4887,8.1],"rotation":{"origin":[7.25,6.36935,8],"angle":-45,"axis":"x"},"from":[4,6.25,7.4],"faces":{"north":{"rotation":180,"uv":[6.25,8,13.25,8.5],"texture":"#4"}}},{"to":[8.55,6.46935,8.11935],"from":[4.5,5.76935,7.88065],"faces":{"down":{"rotation":180,"uv":[15.75,15.75,16,16],"texture":"#4"}}},{"to":[8.55,6.46935,8.11935],"rotation":{"origin":[7.75,6.36935,8],"angle":22.5,"axis":"x"},"from":[4.5,5.76935,7.88065],"faces":{"down":{"rotation":180,"uv":[6.25,8,13.25,8.25],"texture":"#4"}}},{"to":[10.25,6.4887,8.6],"rotation":{"origin":[7.25,6.36935,8],"angle":22.5,"axis":"x"},"from":[4,6.25,7.9],"faces":{"south":{"rotation":180,"uv":[3,9.75,10,10.25],"texture":"#4"}}},{"to":[10.25,6.4887,8.6],"rotation":{"origin":[7.25,6.36935,8],"angle":45,"axis":"x"},"from":[4,6.25,7.9],"faces":{"south":{"rotation":180,"uv":[6.25,8,13.25,8.5],"texture":"#4"}}},{"to":[8.55,6.46935,8.11935],"rotation":{"origin":[7.75,6.36935,8],"angle":-22.5,"axis":"x"},"from":[4.5,5.76935,7.88065],"faces":{"down":{"rotation":180,"uv":[6.25,8,13.25,8.25],"texture":"#4"}}},{"to":[11,6.25,8.6],"from":[10.25,5.75,7.4],"faces":{"down":{"uv":[0,6.5,0.75,8],"texture":"#4"},"west":{"rotation":180,"uv":[5.75,8,6.5,8.75],"texture":"#4"},"east":{"rotation":180,"uv":[5.75,8,6.5,8.75],"texture":"#4"},"north":{"rotation":180,"uv":[5.75,8,6.5,8.75],"texture":"#4"},"south":{"rotation":180,"uv":[5.75,8,6.5,8.75],"texture":"#4"}}},{"to":[11,7.25,8.6],"from":[3.5,6.25,7.9],"faces":{"up":{"uv":[5.75,8,6,8.75],"texture":"#3"},"south":{"rotation":180,"uv":[0.5,9.5,8.25,10.75],"texture":"#4"}}},{"to":[11,7.75,8.6],"from":[10.5,7.25,7.9],"faces":{"west":{"uv":[5.75,8,6,8.75],"texture":"#3"},"east":{"uv":[8.25,8,8.5,8.25],"texture":"#4"},"south":{"rotation":180,"uv":[10.25,10.5,10.75,11.25],"texture":"#4"}}},{"to":[8,7.75,8.6],"from":[3.5,7.5,7.9],"faces":{"down":{"uv":[5.75,8,6,8.25],"texture":"#3"},"east":{"uv":[5.75,8,6,8.75],"texture":"#3"},"south":{"rotation":180,"uv":[1.5,9.5,5.5,10],"texture":"#4"}}},{"to":[11,7.75,8.6],"rotation":{"origin":[7.75,7.63065,8],"angle":-22.5,"axis":"x"},"from":[10.5,7.5113,7.9],"faces":{"west":{"uv":[5.75,8,6,8.25],"texture":"#3"},"south":{"rotation":180,"uv":[0.75,11.5,1.25,12],"texture":"#4"}}},{"to":[10.55,7.7,8.55],"from":[5.3,7.4,8.05],"faces":{"down":{"uv":[6,4.75,10,5],"texture":"#4"},"up":{"uv":[10.5,0.75,14.5,1],"texture":"#3"},"south":{"uv":[6,4.25,10,5],"texture":"#4"}}},{"to":[6.75,7.5,8.6],"from":[3.5,7.25,7.9],"faces":{"east":{"uv":[5.75,8,6,8.75],"texture":"#3"},"south":{"rotation":180,"uv":[1.5,9.5,4.5,10],"texture":"#4"}}},{"to":[10.6,6.1,8.85],"rotation":{"origin":[10.65,5.95,8.7],"angle":-45,"axis":"y"},"from":[10.3,5.8,8.55],"faces":{"down":{"rotation":270,"uv":[3.75,8,4.25,8.5],"texture":"#4"},"east":{"rotation":270,"uv":[5.25,13.5,7.5,15.25],"texture":"#4"},"up":{"rotation":270,"uv":[0,11.75,1,12.75],"texture":"#4"},"south":{"rotation":270,"uv":[0.5,11,1.5,12],"texture":"#4"}}},{"to":[10.25,6,8.4],"from":[8.25,5.75,7.6],"faces":{"down":{"rotation":180,"uv":[13.5,6.5,16,8],"texture":"#4"},"west":{"uv":[8.75,7.75,9.75,8.5],"texture":"#4"},"north":{"rotation":180,"uv":[6,7.5,7.5,8.25],"texture":"#4"},"south":{"rotation":180,"uv":[6,7.5,7.5,8.25],"texture":"#4"}}},{"to":[3.74425,6.42658,8.501],"rotation":{"origin":[2.74425,5.45158,8.1],"angle":45,"axis":"z"},"from":[2.24425,5.20158,7.499],"faces":{"west":{"uv":[7,11,8.5,12.5],"texture":"#4"},"north":{"rotation":270,"uv":[5.5,9.75,7,11.75],"texture":"#3"},"south":{"rotation":90,"uv":[5.5,9.75,7,11.75],"texture":"#3"}}},{"to":[3.5,6.48065,8.601],"rotation":{"origin":[3.5,8.23065,7.399],"angle":22.5,"axis":"z"},"from":[1.5,4.83065,7.399],"faces":{"down":{"uv":[6.25,8,7.75,8.25],"texture":"#3"},"west":{"uv":[7,11,8.5,12.5],"texture":"#4"},"east":{"uv":[5.75,9.5,6.5,12.25],"texture":"#3"},"north":{"rotation":270,"uv":[5,9.5,7.5,11.5],"texture":"#3"},"south":{"rotation":90,"uv":[5,9.5,7.5,11.5],"texture":"#3"}}},{"to":[3.3,5.176,8.6005],"rotation":{"origin":[2.75,3,8.1495],"angle":-22.5,"axis":"z"},"from":[1.7,1.751,7.3995],"faces":{"down":{"rotation":90,"uv":[7.25,10,8.5,12],"texture":"#4"},"west":{"uv":[6.25,8,7.75,12.5],"texture":"#2"},"east":{"uv":[5.75,8.5,7.25,13],"texture":"#3"},"north":{"rotation":90,"uv":[10,5,16,7],"texture":"#3"},"south":{"rotation":90,"uv":[10,7,16,5],"texture":"#3"}}},{"to":[6.93149,5.93706,8.1995],"rotation":{"origin":[7.99649,7.98896,8.0005],"angle":0,"axis":"y"},"from":[6.53149,4.93869,7.8005],"faces":{"down":{"rotation":180,"uv":[6.5,8,7,8.5],"texture":"#4"},"west":{"rotation":180,"uv":[8.75,4,9.25,6],"texture":"#4"},"north":{"uv":[6.25,11.25,6.75,12.5],"texture":"#3"},"south":{"uv":[6.25,11.25,6.75,12.5],"texture":"#3"}}},{"to":[6.64918,5.4981,8.2],"rotation":{"origin":[5.89918,5.34891,8.05],"angle":-22.5,"axis":"z"},"from":[6.54918,5.19973,7.8],"faces":{"west":{"rotation":180,"uv":[8.75,4,9.25,4.75],"texture":"#4"},"east":{"rotation":180,"uv":[8.75,5,9.25,5.5],"texture":"#4"},"north":{"rotation":270,"uv":[9.25,12.5,9.75,13],"texture":"#4"},"south":{"rotation":90,"uv":[9.25,12.5,9.75,13],"texture":"#4"}}},{"to":[6.04837,4.69891,8.2],"rotation":{"origin":[5.89918,5.34891,8.05],"angle":45,"axis":"z"},"from":[5.75,4.59891,7.8],"faces":{"down":{"rotation":270,"uv":[8.5,4.25,9,4.75],"texture":"#4"},"north":{"rotation":180,"uv":[9.25,12.5,9.75,13],"texture":"#4"},"up":{"rotation":270,"uv":[9.25,3.25,9.75,4],"texture":"#4"},"south":{"rotation":180,"uv":[9.25,12.5,9.75,13],"texture":"#4"}}},{"to":[6.04837,4.69891,8.2],"rotation":{"origin":[5.89918,5.34891,8.05],"angle":22.5,"axis":"z"},"from":[5.75,4.59891,7.8],"faces":{"down":{"rotation":90,"uv":[8.75,4.5,9.25,5],"texture":"#4"},"north":{"rotation":180,"uv":[9.25,12.5,9.75,13],"texture":"#4"},"up":{"rotation":270,"uv":[10,4.25,10.5,5],"texture":"#3"},"south":{"rotation":180,"uv":[9.25,12.5,9.75,13],"texture":"#4"}}},{"to":[6.04837,4.69891,8.2],"from":[5.5,4.59891,7.8],"faces":{"down":{"rotation":270,"uv":[8,12,8.5,12.75],"texture":"#4"},"north":{"rotation":180,"uv":[9.25,12.5,10,13],"texture":"#4"},"up":{"rotation":270,"uv":[10.75,0.5,11.25,1.75],"texture":"#3"},"south":{"rotation":180,"uv":[9.25,12.5,10,13],"texture":"#4"}}},{"to":[5.79837,4.69891,8.2],"rotation":{"origin":[5.64918,5.34891,8.05],"angle":-22.5,"axis":"z"},"from":[4.9,4.59891,7.8],"faces":{"down":{"rotation":270,"uv":[8,10.75,8.5,12],"texture":"#4"},"north":{"rotation":180,"uv":[9.25,12.5,10.5,13],"texture":"#4"},"up":{"rotation":90,"uv":[10,4.25,10.5,5.75],"texture":"#3"},"south":{"rotation":180,"uv":[9.25,12.5,10.5,13],"texture":"#4"}}},{"to":[6.04837,6.12391,8.199],"rotation":{"origin":[5.89918,5.34891,8.051],"angle":-45,"axis":"z"},"from":[5.55,5.99891,7.801],"faces":{"down":{"rotation":270,"uv":[9,8,9.5,8.5],"texture":"#4"},"north":{"rotation":180,"uv":[0,12.75,0.5,13.25],"texture":"#4"},"south":{"rotation":180,"uv":[0,12.75,0.5,13.25],"texture":"#4"}}},{"to":[6.64918,5.4981,8.199],"rotation":{"origin":[5.89918,5.34891,8.051],"angle":22.5,"axis":"z"},"from":[6.54918,5.19973,7.801],"faces":{"west":{"uv":[9.5,11.25,10,12],"texture":"#4"},"north":{"rotation":90,"uv":[0,12.75,0.5,13.25],"texture":"#4"},"south":{"rotation":270,"uv":[0,12.75,0.5,13.25],"texture":"#4"}}},{"to":[5.22294,5.93467,8.1],"from":[5.07294,5.18467,7.9],"faces":{"down":{"uv":[8.25,8,8.5,8.25],"texture":"#4"},"west":{"uv":[8.25,8,8.5,8.25],"texture":"#4"},"east":{"uv":[7.5,10.5,8,12.25],"texture":"#4"},"north":{"uv":[7.5,10.75,8,12.25],"texture":"#4"},"south":{"uv":[7.5,10.75,8,12.25],"texture":"#4"}}},{"to":[5.15,5.95,8.09975],"rotation":{"origin":[5.15,5.3,8.05025],"angle":-22.5,"axis":"z"},"from":[4.95,5.45,7.90025],"faces":{"down":{"uv":[8.25,8,8.5,8.25],"texture":"#4"},"west":{"uv":[8.25,8,8.5,8.25],"texture":"#4"},"east":{"uv":[7.25,8,7.75,9],"texture":"#4"},"north":{"uv":[7.5,10.75,8,11.75],"texture":"#4"},"south":{"uv":[7.5,10.75,8,11.75],"texture":"#4"}}},{"to":[3.50321,6.47216,8.501],"rotation":{"origin":[3.50321,8.22216,7.499],"angle":22.5,"axis":"z"},"from":[1.50321,4.57216,7.499],"faces":{"down":{"uv":[6.25,8,7.75,8.25],"texture":"#3"},"east":{"uv":[5.5,10.25,6.25,13],"texture":"#3"},"north":{"rotation":270,"uv":[5.25,10.5,7.75,13],"texture":"#3"},"south":{"rotation":90,"uv":[5.25,10.5,7.75,13],"texture":"#3"}}},{"to":[7.7,5.8,8.45],"from":[6.6,5.55,8.2],"faces":{"down":{"rotation":180,"uv":[6.25,8,9.25,8.75],"texture":"#4"},"west":{"uv":[7.25,5.25,8,6],"texture":"#4"},"east":{"uv":[6.5,4.5,7.25,5.25],"texture":"#4"},"up":{"uv":[6.25,8,9.25,8.75],"texture":"#4"},"south":{"uv":[6.5,5,9.5,5.75],"texture":"#4"}}},{"to":[6.835,5.8481,7.8],"from":[6.535,5.04973,7.7],"faces":{"down":{"uv":[15.75,15.75,16,16],"texture":"#4"},"west":{"uv":[8,7.75,8.5,8.75],"texture":"#4"},"east":{"uv":[8,7.75,8.5,8.75],"texture":"#4"},"north":{"uv":[8.25,11.75,8.75,12.75],"texture":"#4"}}},{"to":[7.91,5.9981,8.2],"rotation":{"origin":[7.04918,5.14891,8.05],"angle":22.5,"axis":"z"},"from":[6.86,4.99973,7.8],"faces":{"down":{"rotation":180,"uv":[6.5,8,7.75,8.5],"texture":"#4"},"north":{"uv":[6,11.25,7.25,12.5],"texture":"#3"},"south":{"uv":[6,11.25,7.25,12.5],"texture":"#3"}}},{"to":[7.90156,5.88888,8.1995],"rotation":{"origin":[7.96656,8.01578,8.0005],"angle":0,"axis":"y"},"from":[7.65156,5.34051,7.8005],"faces":{"east":{"rotation":90,"uv":[8.25,11.5,9,12],"texture":"#4"},"north":{"uv":[6,11.75,6.25,12.5],"texture":"#3"},"south":{"uv":[6,11.75,6.25,12.5],"texture":"#3"}}},{"to":[7.785,5.82473,7.899],"from":[7.485,5.52473,7.799],"faces":{"north":{"uv":[14,13.5,16,15.5],"texture":"#0"}}},{"to":[10.285,6.52473,7.424],"rotation":{"origin":[8,8,7.925],"angle":0,"axis":"y"},"from":[9.985,6.22473,7.324],"faces":{"down":{"rotation":90,"uv":[15.5,14,16,15.5],"texture":"#0"},"west":{"uv":[14.5,13.5,15,15],"texture":"#0"},"east":{"uv":[14,13.5,14.5,15],"texture":"#0"},"north":{"uv":[13.5,13,15,14.5],"texture":"#0"},"up":{"rotation":90,"uv":[12.5,13,13,14.5],"texture":"#0"}}},{"to":[1.94918,7.4981,8.15],"rotation":{"origin":[2.54918,7.34891,8.1],"angle":-22.5,"axis":"z"},"from":[1.79918,7.19973,7.85],"faces":{"west":{"uv":[8.75,5,9.5,5.75],"texture":"#4"},"east":{"uv":[15.75,15.75,16,16],"texture":"#4"},"north":{"rotation":90,"uv":[0.25,7.25,1,7.75],"texture":"#4"},"up":{"rotation":90,"uv":[8.5,4.25,9.25,5],"texture":"#4"},"south":{"rotation":270,"uv":[0,7.25,0.75,7.75],"texture":"#4"}}},{"to":[2.69837,8.09891,8.14975],"rotation":{"origin":[2.54918,7.34891,8.10025],"angle":45,"axis":"z"},"from":[2.4,7.94891,7.85025],"faces":{"down":{"uv":[15.75,15.75,16,16],"texture":"#4"},"north":{"uv":[6.5,7.25,7.25,7.75],"texture":"#4"},"up":{"rotation":90,"uv":[8.5,4.25,9.25,5],"texture":"#4"},"south":{"uv":[7,7.25,7.75,7.75],"texture":"#4"}}},{"to":[2.69837,8.09891,8.15],"rotation":{"origin":[2.54918,7.34891,8.1],"angle":-22.5,"axis":"z"},"from":[2.4,7.94891,7.85],"faces":{"down":{"uv":[15.75,15.75,16,16],"texture":"#4"},"north":{"uv":[0,7.25,0.75,7.75],"texture":"#4"},"up":{"rotation":270,"uv":[8.5,4.5,9.25,5.25],"texture":"#4"},"south":{"uv":[0,7.25,0.75,7.75],"texture":"#4"}}},{"to":[2.69837,8.09891,8.15],"rotation":{"origin":[2.54918,7.34891,8.1],"angle":22.5,"axis":"z"},"from":[2.4,7.94891,7.85],"faces":{"down":{"uv":[15.75,15.75,16,16],"texture":"#4"},"north":{"uv":[12.75,7.25,13.5,7.75],"texture":"#4"},"up":{"rotation":270,"uv":[11.5,2.5,12.25,3.25],"texture":"#4"},"south":{"uv":[12.75,7.25,13.5,7.75],"texture":"#4"}}},{"to":[2.69837,8.09891,8.14975],"rotation":{"origin":[8,8,8.00025],"angle":0,"axis":"y"},"from":[2.4,7.94891,7.85025],"faces":{"down":{"uv":[15.75,15.75,16,16],"texture":"#4"},"north":{"uv":[7,7.25,7.75,7.75],"texture":"#4"},"up":{"rotation":270,"uv":[8.75,3.75,9.5,4.5],"texture":"#4"},"south":{"uv":[6.5,7.25,7.25,7.75],"texture":"#4"}}},{"to":[1.79981,6.92528,8.677],"from":[1.49981,6.62528,8.502],"faces":{"down":{"uv":[13,15.5,14.5,16],"texture":"#0"},"west":{"uv":[10.5,14.5,11,16],"texture":"#0"},"east":{"uv":[13,14,13.5,15.5],"texture":"#0"},"up":{"rotation":90,"uv":[11.5,13.5,12,15],"texture":"#0"},"south":{"rotation":90,"uv":[14,14,15.5,15.5],"texture":"#0"}}},{"to":[12.8,8.6,8.275],"from":[11.85,8.4,7.725],"faces":{"west":{"rotation":180,"uv":[8.5,8,9.25,8.5],"texture":"#4"},"east":{"rotation":180,"uv":[8.5,8,9.25,8.5],"texture":"#4"},"north":{"rotation":180,"uv":[8.5,8,9.75,8.5],"texture":"#4"},"up":{"rotation":270,"uv":[5,11.25,6.25,12.25],"texture":"#4"},"south":{"rotation":180,"uv":[8.5,8,9.75,8.5],"texture":"#4"}}},{"to":[12.05,8.95,7.875],"from":[11.85,8.6,7.725],"faces":{"west":{"rotation":180,"uv":[8,9.5,8.25,10],"texture":"#4"},"north":{"rotation":180,"uv":[8,9.5,8.25,10],"texture":"#4"},"south":{"uv":[9.5,8,10,8.75],"texture":"#4"}}},{"to":[12.05,8.95,8.275],"from":[11.85,8.6,8.125],"faces":{"west":{"rotation":180,"uv":[8,9.5,8.25,10],"texture":"#4"},"north":{"uv":[9.5,8,10,8.75],"texture":"#4"},"south":{"rotation":180,"uv":[8,9.5,8.25,10],"texture":"#4"}}},{"to":[12.05,9.05,8.2755],"rotation":{"origin":[8,8,7.9995],"angle":0,"axis":"y"},"from":[11.85,8.95,7.7245],"faces":{"north":{"rotation":180,"uv":[8,11.5,8.25,12],"texture":"#4"},"west":{"rotation":180,"uv":[8,11.5,9.25,12],"texture":"#4"},"up":{"rotation":270,"uv":[5,11.75,6.25,12.25],"texture":"#4"},"down":{"rotation":180,"uv":[15.75,15.75,16,16],"texture":"#4"},"east":{"rotation":180,"uv":[8,11.5,8.25,12],"texture":"#4"},"south":{"rotation":180,"uv":[8,11.5,8.25,12],"texture":"#4"}}},{"to":[12.125,8.7,7.96],"from":[11.85,8.675,7.875],"faces":{"west":{"rotation":180,"uv":[8,9.5,8.25,9.75],"texture":"#4"},"east":{"rotation":180,"uv":[8.5,8,8.75,8.25],"texture":"#4"},"up":{"rotation":180,"uv":[5.25,11.75,5.5,12],"texture":"#4"},"south":{"rotation":180,"uv":[15.75,15.75,16,16],"texture":"#4"}}},{"to":[12.125,8.7,8.125],"from":[11.85,8.675,8.04],"faces":{"west":{"rotation":180,"uv":[8.25,9.5,8,9.75],"texture":"#4"},"east":{"rotation":180,"uv":[8.75,8,8.5,8.25],"texture":"#4"},"north":{"rotation":180,"uv":[16,15.75,15.75,16],"texture":"#4"},"up":{"rotation":180,"uv":[5.25,11.75,5.5,12],"texture":"#4"}}},{"to":[12.049,9,8.0625],"rotation":{"origin":[11.9875,8.825,8],"angle":22.5,"axis":"x"},"from":[11.851,8.95,7.9375],"faces":{"down":{"uv":[15.75,15.75,16,16],"texture":"#4"},"west":{"rotation":180,"uv":[8,9.5,8.25,9.75],"texture":"#4"},"east":{"rotation":180,"uv":[8.5,8,8.75,8.25],"texture":"#4"}}},{"to":[12.049,8.8875,7.875],"rotation":{"origin":[11.9875,8.825,8],"angle":22.5,"axis":"x"},"from":[11.851,8.7625,7.825],"faces":{"west":{"rotation":90,"uv":[8,9.5,8.25,9.75],"texture":"#4"},"east":{"rotation":270,"uv":[8.5,8,8.75,8.25],"texture":"#4"},"south":{"uv":[15.75,15.75,16,16],"texture":"#4"}}},{"to":[12.124,8.8875,8.175],"rotation":{"origin":[11.9875,8.825,8],"angle":22.5,"axis":"x"},"from":[11.851,8.7625,8.125],"faces":{"west":{"rotation":270,"uv":[8,9.5,8.25,9.75],"texture":"#4"},"east":{"rotation":90,"uv":[8.5,8,8.75,8.25],"texture":"#4"},"north":{"rotation":180,"uv":[15.75,15.75,16,16],"texture":"#4"}}},{"to":[12.049,9.025,8.0625],"rotation":{"origin":[11.9875,8.825,8],"angle":45,"axis":"x"},"from":[11.851,8.95,7.9375],"faces":{"down":{"uv":[15.75,15.75,16,16],"texture":"#4"},"west":{"rotation":180,"uv":[8,9.5,8.25,9.75],"texture":"#4"},"east":{"rotation":180,"uv":[8.5,8,8.75,8.25],"texture":"#4"}}},{"to":[12.124,8.7,8.0625],"rotation":{"origin":[11.9875,8.825,8],"angle":45,"axis":"x"},"from":[11.851,8.625,7.9375],"faces":{"west":{"uv":[8,9.5,8.25,9.75],"texture":"#4"},"east":{"uv":[8.5,8,8.75,8.25],"texture":"#4"},"up":{"rotation":180,"uv":[12,11.25,12.25,11.5],"texture":"#4"}}},{"to":[12.049,9.025,8.0625],"rotation":{"origin":[11.9875,8.825,8],"angle":-45,"axis":"x"},"from":[11.851,8.95,7.9375],"faces":{"down":{"uv":[15.75,15.75,16,16],"texture":"#4"},"west":{"rotation":180,"uv":[8,9.5,8.25,9.75],"texture":"#4"},"east":{"rotation":180,"uv":[8.5,8,8.75,8.25],"texture":"#4"}}},{"to":[12.124,8.8875,8.2],"rotation":{"origin":[11.9875,8.825,8],"angle":45,"axis":"x"},"from":[11.851,8.7625,8.125],"faces":{"west":{"rotation":270,"uv":[8,9.5,8.25,9.75],"texture":"#4"},"east":{"rotation":90,"uv":[8.5,8,8.75,8.25],"texture":"#4"},"north":{"rotation":180,"uv":[12,11.25,12.25,11.5],"texture":"#4"}}},{"to":[12.049,8.8875,8.175],"rotation":{"origin":[11.9875,8.825,8],"angle":-22.5,"axis":"x"},"from":[11.851,8.7625,8.125],"faces":{"west":{"rotation":270,"uv":[8,9.5,8.25,9.75],"texture":"#4"},"east":{"rotation":90,"uv":[8.5,8,8.75,8.25],"texture":"#4"},"north":{"rotation":180,"uv":[15.75,15.75,16,16],"texture":"#4"}}},{"to":[12.124,8.8875,7.875],"rotation":{"origin":[11.9875,8.825,8],"angle":-22.5,"axis":"x"},"from":[11.851,8.7625,7.825],"faces":{"west":{"rotation":90,"uv":[8,9.5,8.25,9.75],"texture":"#4"},"east":{"rotation":270,"uv":[8.5,8,8.75,8.25],"texture":"#4"},"south":{"uv":[15.75,15.75,16,16],"texture":"#4"}}},{"to":[12.049,9,8.0625],"rotation":{"origin":[11.9875,8.825,8],"angle":-22.5,"axis":"x"},"from":[11.851,8.95,7.9375],"faces":{"down":{"uv":[15.75,15.75,16,16],"texture":"#4"},"west":{"rotation":180,"uv":[8,9.5,8.25,9.75],"texture":"#4"},"east":{"rotation":180,"uv":[8.5,8,8.75,8.25],"texture":"#4"}}},{"to":[12.125,8.675,8.125],"rotation":{"origin":[8,7.95,8],"angle":0,"axis":"y"},"from":[11.85,8.6,7.875],"faces":{"west":{"rotation":180,"uv":[8,9.5,8.25,9.75],"texture":"#4"},"east":{"rotation":180,"uv":[8.5,8,8.75,8.25],"texture":"#4"},"north":{"rotation":180,"uv":[15.75,15.75,16,16],"texture":"#4"},"up":{"rotation":180,"uv":[5.25,12,5.5,12.25],"texture":"#4"}}},{"to":[12.15133,8.99059,8.275],"rotation":{"origin":[11.95133,8.76559,8],"angle":22.5,"axis":"z"},"from":[11.95133,8.49059,8.125],"faces":{"east":{"rotation":180,"uv":[8,11.5,8.25,12.75],"texture":"#4"},"north":{"uv":[9.5,8,10,8.75],"texture":"#4"},"south":{"rotation":180,"uv":[8,9.5,8.25,10],"texture":"#4"}}},{"to":[12.15133,8.99059,7.875],"rotation":{"origin":[11.95133,8.76559,8],"angle":22.5,"axis":"z"},"from":[11.95133,8.49059,7.725],"faces":{"east":{"rotation":180,"uv":[8,11.5,8.25,12.75],"texture":"#4"},"north":{"rotation":180,"uv":[8,9.5,8.25,10],"texture":"#4"},"south":{"uv":[9.5,8,10,8.75],"texture":"#4"}}},{"to":[14.9908,8.30237,8.25],"rotation":{"origin":[14.7158,8.20237,9.25],"angle":-22.5,"axis":"z"},"from":[14.4408,8.25237,8.125],"faces":{"up":{"rotation":180,"uv":[4.75,4.75,5.25,5],"texture":"#2"}}},{"to":[28.251,6.55202,8.075],"rotation":{"origin":[8,8,7.6],"angle":0,"axis":"y"},"from":[27.751,6.398,7.925],"faces":{"east":{"rotation":180,"uv":[15.75,15.75,16,16],"texture":"#4"}}},{"to":[26.249,8.85,8.0375],"rotation":{"origin":[7.9,8.15,7.9875],"angle":0,"axis":"y"},"from":[26.099,8.75,7.9625],"faces":{"west":{"rotation":90,"uv":[0,15.5,1,16],"texture":"#0"}}},{"to":[6.89981,6.55028,8.602],"rotation":{"origin":[8,8,7.95],"angle":0,"axis":"y"},"from":[6.74981,6.40028,8.452],"faces":{"south":{"rotation":90,"uv":[14,14,15,15],"texture":"#0"}}},{"to":[5.29981,6.55028,8.602],"rotation":{"origin":[8,8,7.95],"angle":0,"axis":"y"},"from":[5.14981,6.40028,8.452],"faces":{"south":{"rotation":90,"uv":[14,14,15,15],"texture":"#0"}}},{"to":[2.1903,7.27394,8.5],"rotation":{"origin":[7.9903,8.02394,8],"angle":0,"axis":"y"},"from":[1.1903,5.77394,7.5],"faces":{"down":{"rotation":270,"uv":[7.25,8,8.75,9.5],"texture":"#4"},"west":{"uv":[9.75,4.75,11.25,7],"texture":"#4"},"north":{"rotation":270,"uv":[5,10,6.5,11.75],"texture":"#3"},"south":{"rotation":90,"uv":[5,10,6.5,11.75],"texture":"#3"}}},{"to":[1.45,6.15,8.25],"rotation":{"origin":[1.15,6.1,8],"angle":22.5,"axis":"z"},"from":[1.05,5.65,7.75],"faces":{"down":{"uv":[6.75,9.5,7.5,10.5],"texture":"#4"},"west":{"rotation":270,"uv":[9.5,0,11.5,2],"texture":"#0"},"north":{"uv":[12.25,4.75,13,5.75],"texture":"#4"},"up":{"uv":[12,3.75,12.75,4.75],"texture":"#4"},"south":{"uv":[12.25,4.75,13,5.75],"texture":"#4"}}},{"to":[1.25,6.95,8.15],"from":[1.05,6.45,7.85],"faces":{"down":{"uv":[13,5.5,13.75,6],"texture":"#4"},"west":{"uv":[13.25,4,14,5.25],"texture":"#4"},"north":{"uv":[8,1.75,9,3],"texture":"#4"},"up":{"uv":[12.5,1.75,13.25,2.25],"texture":"#4"},"south":{"rotation":180,"uv":[8,1.75,9,3],"texture":"#4"}}},{"to":[3.285,7.52473,8.9495],"rotation":{"origin":[8,8,7.9975],"angle":0,"axis":"y"},"from":[2.885,7.12473,7.0495],"faces":{"north":{"uv":[13.5,13.5,15.5,15.5],"texture":"#0"},"west":{"uv":[14.5,14,15,16],"texture":"#0"},"up":{"rotation":90,"uv":[14,13.5,14.5,15.5],"texture":"#0"},"down":{"rotation":90,"uv":[15.5,14,16,16],"texture":"#0"},"east":{"uv":[12,14,12.5,16],"texture":"#0"},"south":{"rotation":90,"uv":[14,13.5,16,15.5],"texture":"#0"}}},{"to":[3.76836,7.06865,7.399],"rotation":{"origin":[1.26836,6.56865,8],"angle":22.5,"axis":"z"},"from":[-1.23164,6.06865,7.151],"faces":{"down":{"rotation":180,"uv":[5,7.75,8.75,8.25],"texture":"#3"},"east":{"rotation":90,"uv":[5.75,2,7,2.5],"texture":"#3"},"north":{"uv":[0,0,7.5,2],"texture":"#0"},"up":{"uv":[4.5,1.75,8.25,2.25],"texture":"#3"},"south":{"uv":[0,0,7.5,2],"texture":"#0"}}},{"to":[3.76836,7.06865,8.849],"rotation":{"origin":[1.26836,6.56865,8],"angle":22.5,"axis":"z"},"from":[-1.23164,6.06865,8.601],"faces":{"down":{"uv":[5,7.75,8.75,8.25],"texture":"#3"},"east":{"rotation":270,"uv":[5.75,2,7,2.5],"texture":"#3"},"north":{"uv":[0,0,7.5,2],"texture":"#0"},"up":{"rotation":180,"uv":[4.5,1.75,8.25,2.25],"texture":"#3"},"south":{"uv":[0,0,7.5,2],"texture":"#0"}}},{"to":[-0.85,6.15,8.85],"rotation":{"origin":[2,8,8],"angle":0,"axis":"y"},"from":[-6.65,5.15,8.6],"faces":{"down":{"rotation":180,"uv":[5,8.25,8.75,7.75],"texture":"#3"},"west":{"rotation":180,"uv":[4,2,5,0],"texture":"#0"},"north":{"rotation":180,"uv":[4,2,16,0],"texture":"#0"},"up":{"uv":[4.5,2.25,7.5,1.75],"texture":"#3"},"south":{"rotation":180,"uv":[16,2,4,0],"texture":"#0"}}},{"to":[-0.85,6.15,7.4],"rotation":{"origin":[2,8,8],"angle":0,"axis":"y"},"from":[-6.65,5.15,7.15],"faces":{"down":{"uv":[5,8.25,8.75,7.75],"texture":"#3"},"west":{"rotation":180,"uv":[4,2,5,0],"texture":"#0"},"north":{"rotation":180,"uv":[4,2,16,0],"texture":"#0"},"up":{"rotation":180,"uv":[4.5,2.25,7.5,1.75],"texture":"#3"},"south":{"rotation":180,"uv":[16,2,4,0],"texture":"#0"}}},{"to":[-6.89981,5.54972,7.298],"rotation":{"origin":[-6.97481,5.47472,7.223],"angle":0,"axis":"y"},"from":[-7.04981,5.39972,7.148],"faces":{"north":{"rotation":180,"uv":[14,13.5,15,14.5],"texture":"#0"}}},{"to":[-6.6501,5.7995,8.85],"rotation":{"origin":[-6.9748,5.4747,8],"angle":0,"axis":"z"},"from":[-7.6501,2.5495,7.15],"faces":{"north":{"rotation":90,"uv":[8,4.75,11.5,5.75],"texture":"#4"},"west":{"rotation":270,"uv":[0,15,3.5,16],"texture":"#4"},"up":{"rotation":270,"uv":[2.75,4.25,4.25,5.25],"texture":"#4"},"down":{"rotation":270,"uv":[0.5,5.25,2,6.25],"texture":"#4"},"east":{"rotation":270,"uv":[6.25,7.5,9.75,8.75],"texture":"#4"},"south":{"rotation":270,"uv":[8,4.75,11.5,5.75],"texture":"#4"}}},{"to":[-6.89981,5.54972,8.852],"rotation":{"origin":[2,8,8],"angle":0,"axis":"y"},"from":[-7.04981,5.39972,8.702],"faces":{"south":{"rotation":270,"uv":[14,13.5,15,14.5],"texture":"#0"}}}],"display":{"thirdperson_righthand":{"rotation":[0,90,0],"scale":[0.7,0.7,0.7],"translation":[-1,1.5,-1]},"head":{"scale":[1.4,1.4,1.4]},"thirdperson_lefthand":{"rotation":[0,-90,190],"scale":[0.7,0.7,0.7],"translation":[-2,-6.5,5]},"gui":{"rotation":[0,0,45],"scale":[0.7,0.7,0.7],"translation":[-4,0,-1]},"firstperson_lefthand":{"scale":[0,0,0]},"firstperson_righthand":{"rotation":[0,90,0],"scale":[1.3,1.3,1.3],"translation":[-8.960149253731343,7.2801492537313415,2.75]},"fixed":{"translation":[0,1.5,-2.2],"scale":[-1.4,1.4,-1.4]},"ground":{"translation":[0,1,0],"scale":[0.7,0.7,0.7]}},"credit":"thebradqq's guns"}