{"credit":"thebradqq's guns","textures":{"1":"mgs:gun/metal","3":"mgs:gun/brass","particle":"mgs:gun/brass"},"elements":[{"from":[5.33068,-1.0325,7.79462],"to":[5.5078,1.0325,8.20538],"rotation":{"angle":0,"axis":"y","origin":[5.41924,1.44,8]},"faces":{"east":{"uv":[12.5,7.5,13,8],"texture":"#1"},"west":{"uv":[8.25,4,8.75,6],"texture":"#1"},"up":{"uv":[3.5,3.75,4,4.25],"rotation":180,"texture":"#1"},"down":{"uv":[6.25,8,6.75,8.25],"rotation":180,"texture":"#1"}}},{"from":[5.30012,-0.472,7.90612],"to":[5.41812,0.472,8.09389],"rotation":{"angle":0,"axis":"y","origin":[8.40205,-15.08,8]},"faces":{"west":{"uv":[6.25,4.5,6.75,5.25],"texture":"#3"},"up":{"uv":[3.25,4,3.5,4.5],"texture":"#3"},"down":{"uv":[9.5,8,9.75,8.25],"texture":"#3"}}},{"from":[5.73218,-1.0325,7.79462],"to":[9.60018,1.0325,8.20538],"rotation":{"angle":0,"axis":"y","origin":[7.59405,-15.08,8]},"faces":{"east":{"uv":[5.25,10.5,5.75,11],"texture":"#1"},"west":{"uv":[12.5,7.5,13,8],"texture":"#1"},"up":{"uv":[2,3.25,4,3.75],"texture":"#1"},"down":{"uv":[5.5,7.75,7.5,8.25],"rotation":180,"texture":"#1"}}},{"from":[9.48198,0.43825,7.79462],"to":[10.24998,0.90325,8.20538],"rotation":{"angle":-22.5,"axis":"z","origin":[9.86598,0.67075,8]},"faces":{"north":{"uv":[8,3.25,8.5,3.75],"texture":"#1"},"south":{"uv":[8,3.25,8.5,3.75],"texture":"#1"},"up":{"uv":[8,3.25,8.5,3.75],"texture":"#1"}}},{"from":[9.48198,-0.90325,7.79462],"to":[10.24998,-0.43825,8.20538],"rotation":{"angle":22.5,"axis":"z","origin":[9.86598,-0.67075,8]},"faces":{"north":{"uv":[8,3.75,8.5,3.25],"texture":"#1"},"south":{"uv":[8,3.75,8.5,3.25],"texture":"#1"},"down":{"uv":[8,3.75,8.5,3.25],"texture":"#1"}}},{"from":[9.48198,-0.20538,8.43825],"to":[10.24998,0.20538,8.90325],"rotation":{"angle":22.5,"axis":"y","origin":[9.86598,0,8.67075]},"faces":{"south":{"uv":[8,3.75,8.5,3.25],"texture":"#1"},"up":{"uv":[8,3.75,8.5,3.25],"texture":"#1"},"down":{"uv":[8,3.75,8.5,3.25],"rotation":180,"texture":"#1"}}},{"from":[9.48198,-0.20538,7.09675],"to":[10.24998,0.20538,7.56175],"rotation":{"angle":-22.5,"axis":"y","origin":[9.86598,0,7.32925]},"faces":{"north":{"uv":[8,3.25,8.5,3.75],"rotation":180,"texture":"#1"},"up":{"uv":[8,3.25,8.5,3.75],"texture":"#1"},"down":{"uv":[8,3.25,8.5,3.75],"rotation":180,"texture":"#1"}}},{"from":[5.73218,-1.68637,4.50737],"to":[9.60018,0.37863,4.91813],"rotation":{"angle":22.5,"axis":"x","origin":[7.62018,-8.59,8]},"faces":{"east":{"uv":[5.25,10.5,5.75,11],"texture":"#1"},"west":{"uv":[12.5,7.5,13,8],"texture":"#1"},"up":{"uv":[2,3.75,4,4.25],"texture":"#1"},"down":{"uv":[3,9,5,9.5],"rotation":180,"texture":"#1"}}},{"from":[5.73218,-1.68637,11.08187],"to":[9.60018,0.37863,11.49263],"rotation":{"angle":-22.5,"axis":"x","origin":[7.62018,-8.59,8]},"faces":{"east":{"uv":[5.25,10.5,5.75,11],"texture":"#1"},"west":{"uv":[12.5,7.5,13,8],"texture":"#1"},"up":{"uv":[0,3.25,2,3.75],"texture":"#1"},"down":{"uv":[3.5,8,5.5,8.5],"rotation":180,"texture":"#1"}}},{"from":[5.73218,-3.54845,1.72057],"to":[9.60018,-1.48345,2.13133],"rotation":{"angle":45,"axis":"x","origin":[7.62018,-8.59,8]},"faces":{"east":{"uv":[5.25,10.5,5.75,11],"texture":"#1"},"west":{"uv":[12.5,7.5,13,8],"texture":"#1"},"up":{"uv":[5.25,4.25,7.25,4.75],"texture":"#1"},"down":{"uv":[5.75,5.5,7.75,6],"rotation":180,"texture":"#1"}}},{"from":[5.73218,-3.54845,13.86867],"to":[9.60018,-1.48345,14.27943],"rotation":{"angle":-45,"axis":"x","origin":[7.62018,-8.59,8]},"faces":{"east":{"uv":[5.25,10.5,5.75,11],"texture":"#1"},"west":{"uv":[12.5,7.5,13,8],"texture":"#1"},"up":{"uv":[1.25,4.25,3.25,4.75],"rotation":180,"texture":"#1"},"down":{"uv":[4.5,5.5,6.5,6],"texture":"#1"}}},{"from":[5.73218,-0.85925,10.25475],"to":[9.60018,-0.44849,12.31975],"rotation":{"angle":-22.5,"axis":"x","origin":[7.62018,-8.59,8]},"faces":{"north":{"uv":[6.25,5,8.25,5.5],"texture":"#1"},"east":{"uv":[5.25,10.5,5.75,11],"texture":"#1"},"south":{"uv":[5.25,4.75,7.25,5.25],"texture":"#1"},"west":{"uv":[12.5,7.5,13,8],"rotation":90,"texture":"#1"}}},{"from":[5.73218,-0.85925,3.68025],"to":[9.60018,-0.44849,5.74525],"rotation":{"angle":22.5,"axis":"x","origin":[7.62018,-8.59,8]},"faces":{"north":{"uv":[5.25,4.75,7.25,5.25],"texture":"#1"},"east":{"uv":[5.25,10.5,5.75,11],"texture":"#1"},"south":{"uv":[6.25,5,8.25,5.5],"texture":"#1"},"west":{"uv":[12.5,7.5,13,8],"rotation":270,"texture":"#1"}}},{"from":[5.73218,-0.20538,6.9675],"to":[9.60018,0.20538,9.0325],"rotation":{"angle":0,"axis":"y","origin":[7.59405,-15.08,8]},"faces":{"north":{"uv":[3,12.25,5,12.75],"texture":"#1"},"east":{"uv":[5.25,10.5,5.75,11],"texture":"#1"},"south":{"uv":[0,12,2,12.5],"texture":"#1"},"west":{"uv":[12.5,7.5,13,8],"texture":"#1"}}},{"from":[5.3308,-1.68637,4.50737],"to":[5.50792,0.37863,4.91813],"rotation":{"angle":22.5,"axis":"x","origin":[5.47812,-8.59,8]},"faces":{"east":{"uv":[12.5,7.5,13,8],"texture":"#1"},"west":{"uv":[7.25,4,7.75,6],"texture":"#1"},"up":{"uv":[3.5,4.25,4,4.75],"texture":"#1"},"down":{"uv":[6.25,8,6.75,8.25],"rotation":180,"texture":"#1"}}},{"from":[5.3308,-1.68637,11.08187],"to":[5.50792,0.37863,11.49263],"rotation":{"angle":-22.5,"axis":"x","origin":[5.47812,-8.59,8]},"faces":{"east":{"uv":[12.5,7.5,13,8],"texture":"#1"},"west":{"uv":[7.25,4,7.75,6],"texture":"#1"},"up":{"uv":[3.5,4.25,4,4.75],"rotation":180,"texture":"#1"},"down":{"uv":[6.25,8,6.75,8.25],"rotation":180,"texture":"#1"}}},{"from":[5.33068,-3.54845,1.72057],"to":[5.5078,-1.48345,2.13133],"rotation":{"angle":45,"axis":"x","origin":[5.47812,-8.59,8]},"faces":{"east":{"uv":[12.5,7.5,13,8],"texture":"#1"},"west":{"uv":[10.75,4.5,11.25,6.5],"texture":"#1"},"up":{"uv":[3.75,4.75,4.25,5.25],"texture":"#1"},"down":{"uv":[6.25,8,6.75,8.25],"rotation":180,"texture":"#1"}}},{"from":[5.33068,-3.54845,13.86867],"to":[5.5078,-1.48345,14.27943],"rotation":{"angle":-45,"axis":"x","origin":[5.47812,-8.59,8]},"faces":{"east":{"uv":[12.5,7.5,13,8],"texture":"#1"},"west":{"uv":[6.75,4.5,7.25,6.5],"texture":"#1"},"up":{"uv":[7.75,4.75,8.25,5.25],"rotation":180,"texture":"#1"},"down":{"uv":[6.25,8,6.75,8.25],"rotation":180,"texture":"#1"}}},{"from":[5.3308,-0.85925,10.25475],"to":[5.50792,-0.44849,12.31975],"rotation":{"angle":-22.5,"axis":"x","origin":[5.47812,-8.59,8]},"faces":{"north":{"uv":[6.75,8,7.25,8.5],"rotation":180,"texture":"#1"},"east":{"uv":[12.5,7.5,13,8],"rotation":270,"texture":"#1"},"south":{"uv":[5.25,5.5,5.75,6],"texture":"#1"},"west":{"uv":[0.5,4.75,1,6.75],"rotation":90,"texture":"#1"}}},{"from":[5.3308,-0.85925,3.68025],"to":[5.50792,-0.44849,5.74525],"rotation":{"angle":22.5,"axis":"x","origin":[5.47812,-8.59,8]},"faces":{"north":{"uv":[6.75,5.5,7.25,6],"texture":"#1"},"east":{"uv":[12.5,7.5,13,8],"rotation":90,"texture":"#1"},"south":{"uv":[6,8,6.5,8.5],"rotation":180,"texture":"#1"},"west":{"uv":[0.75,4.75,1.25,6.75],"rotation":270,"texture":"#1"}}},{"from":[5.33068,-0.20538,6.9675],"to":[5.5078,0.20538,9.0325],"rotation":{"angle":0,"axis":"y","origin":[8.40205,-15.08,8]},"faces":{"north":{"uv":[4.25,8.25,4.75,8.75],"rotation":180,"texture":"#1"},"east":{"uv":[12.5,7.5,13,8],"texture":"#1"},"south":{"uv":[6.25,8.25,6.75,8.75],"rotation":180,"texture":"#1"},"west":{"uv":[7.25,9.5,7.75,11.5],"rotation":90,"texture":"#1"}}},{"from":[5.3,-1.12587,11.19337],"to":[5.418,-0.18187,11.38114],"rotation":{"angle":-22.5,"axis":"x","origin":[5.36018,-8.59,8]},"faces":{"west":{"uv":[5.25,4.5,5.75,5.25],"texture":"#3"},"up":{"uv":[7.25,4.25,7.5,4.75],"rotation":180,"texture":"#3"},"down":{"uv":[9,8,9.25,8.5],"rotation":180,"texture":"#3"}}},{"from":[5.3,-1.12587,4.61887],"to":[5.418,-0.18187,4.80664],"rotation":{"angle":22.5,"axis":"x","origin":[5.36018,-8.59,8]},"faces":{"west":{"uv":[5.25,4.5,5.75,5.25],"texture":"#3"},"up":{"uv":[3.25,4,3.5,4.5],"texture":"#3"},"down":{"uv":[9,8,9.25,8.5],"texture":"#3"}}},{"from":[5.30012,-2.98795,13.98017],"to":[5.41812,-2.04395,14.16794],"rotation":{"angle":-45,"axis":"x","origin":[5.36018,-8.59,8]},"faces":{"west":{"uv":[6.25,4.5,6.75,5.25],"texture":"#3"},"up":{"uv":[7.25,4.25,7.5,4.75],"rotation":180,"texture":"#3"},"down":{"uv":[6,5.5,6.25,6],"texture":"#3"}}},{"from":[5.30012,-2.98795,1.83207],"to":[5.41812,-2.04395,2.01985],"rotation":{"angle":45,"axis":"x","origin":[5.36018,-8.59,8]},"faces":{"west":{"uv":[6.25,4.5,6.75,5.25],"texture":"#3"},"up":{"uv":[3.75,4,4,4.5],"texture":"#3"},"down":{"uv":[6,5.5,6.25,6],"texture":"#3"}}},{"from":[5.3,-0.74775,4.24075],"to":[5.418,-0.55998,5.18475],"rotation":{"angle":22.5,"axis":"x","origin":[5.36018,-8.59,8]},"faces":{"north":{"uv":[7.25,4.25,7.5,4.75],"texture":"#3"},"south":{"uv":[6.25,5,6.5,5.5],"texture":"#3"},"west":{"uv":[9.25,4.5,9.75,5.25],"rotation":270,"texture":"#3"}}},{"from":[5.3,-0.74775,10.81525],"to":[5.418,-0.55998,11.75925],"rotation":{"angle":-22.5,"axis":"x","origin":[5.36018,-8.59,8]},"faces":{"north":{"uv":[6.25,5,6.5,5.5],"texture":"#3"},"south":{"uv":[7.25,4.25,7.5,4.75],"texture":"#3"},"west":{"uv":[9,4.5,9.5,5.25],"rotation":90,"texture":"#3"}}},{"from":[5.30012,-0.09388,7.528],"to":[5.41812,0.09389,8.472],"rotation":{"angle":0,"axis":"y","origin":[8.40205,-15.08,8]},"faces":{"north":{"uv":[6.25,4.5,6.5,5],"texture":"#3"},"south":{"uv":[6.25,4.5,6.5,5],"texture":"#3"},"west":{"uv":[6.25,4.5,6.75,5],"texture":"#3"}}},{"from":[5.47818,-0.9145,7.81809],"to":[10.88618,0.9145,8.18191],"rotation":{"angle":0,"axis":"y","origin":[5.83218,1.44,8]},"faces":{"east":{"uv":[5,7.5,5.25,8.75],"texture":"#1"},"up":{"uv":[8.5,4,9,4.5],"rotation":180,"texture":"#1"},"down":{"uv":[5.75,8,6.25,8.25],"texture":"#1"}}},{"from":[5.47818,-1.56837,4.53084],"to":[10.88618,0.26063,4.89466],"rotation":{"angle":22.5,"axis":"x","origin":[5.83218,-8.59,8]},"faces":{"east":{"uv":[5,7.5,5.25,8.75],"texture":"#1"},"up":{"uv":[11,2.5,11.5,3],"rotation":180,"texture":"#1"},"down":{"uv":[5.75,8,6.25,8.25],"texture":"#1"}}},{"from":[5.47818,-1.56837,11.10534],"to":[10.88618,0.26063,11.46916],"rotation":{"angle":-22.5,"axis":"x","origin":[5.83218,-8.59,8]},"faces":{"east":{"uv":[5,7.5,5.25,8.75],"texture":"#1"},"up":{"uv":[8.5,4,9,4.5],"rotation":180,"texture":"#1"},"down":{"uv":[5.75,8,6.25,8.25],"texture":"#1"}}},{"from":[5.47818,-3.43045,1.74404],"to":[10.88618,-1.60145,2.10786],"rotation":{"angle":45,"axis":"x","origin":[5.83218,-8.59,8]},"faces":{"east":{"uv":[5,7.5,5.25,8.75],"texture":"#1"},"up":{"uv":[3.25,4.25,3.75,4.75],"texture":"#1"},"down":{"uv":[5.75,8,6.25,8.25],"texture":"#1"}}},{"from":[5.47818,-3.43045,13.89214],"to":[10.88618,-1.60145,14.25596],"rotation":{"angle":-45,"axis":"x","origin":[5.83218,-8.59,8]},"faces":{"east":{"uv":[5,7.5,5.25,8.75],"texture":"#1"},"up":{"uv":[3.25,4.25,3.75,4.75],"rotation":180,"texture":"#1"},"down":{"uv":[5.75,8,6.25,8.25],"texture":"#1"}}},{"from":[5.47818,-0.83578,10.37275],"to":[10.88618,-0.47196,12.20175],"rotation":{"angle":-22.5,"axis":"x","origin":[5.83218,-8.59,8]},"faces":{"north":{"uv":[3,8,3.5,8.5],"rotation":180,"texture":"#1"},"east":{"uv":[5,7.5,5.25,8.75],"rotation":270,"texture":"#1"},"south":{"uv":[3.25,4.75,3.75,5.25],"texture":"#1"}}},{"from":[5.47818,-0.83578,3.79825],"to":[10.88618,-0.47196,5.62725],"rotation":{"angle":22.5,"axis":"x","origin":[5.83218,-8.59,8]},"faces":{"north":{"uv":[3.25,4.75,3.75,5.25],"texture":"#1"},"east":{"uv":[5,7.5,5.25,8.75],"rotation":90,"texture":"#1"},"south":{"uv":[3,8,3.5,8.5],"rotation":180,"texture":"#1"}}},{"from":[5.47818,-0.18191,7.0855],"to":[10.88618,0.18191,8.9145],"rotation":{"angle":0,"axis":"y","origin":[8.40205,-15.08,8]},"faces":{"north":{"uv":[3.25,5.25,3.75,5.75],"texture":"#1"},"east":{"uv":[5,7.5,5.25,8.75],"rotation":90,"texture":"#1"},"south":{"uv":[3.25,5.25,3.75,5.75],"texture":"#1"}}}],"gui_light":"front","display":{"thirdperson_righthand":{"rotation":[25,111,-23],"translation":[-1,-2,0],"scale":[0.25,0.25,0.25]},"thirdperson_lefthand":{"rotation":[69,-71,65],"translation":[-1,-2,0],"scale":[0.25,0.25,0.25]},"firstperson_righthand":{"rotation":[-87,65,68],"translation":[1,-1.25,4.25],"scale":[0.44,0.44,0.44]},"firstperson_lefthand":{"rotation":[-40,-110,-33],"translation":[-0.25,-1.5,3],"scale":[0.44,0.44,0.44]},"ground":{"rotation":[0,0,-11],"scale":[0.125,0.125,0.125]},"gui":{"rotation":[0,180,32],"translation":[-0.5,1.75,0],"scale":[0.6,0.6,0.6]},"head":{"scale":[0.5,0.5,0.5]},"fixed":{"rotation":[0,180,0],"translation":[0,0,-2],"scale":[0.5,0.5,0.5]}}}